diatessaron_section	diatessaron_verse	gospel_book	gospel_chapter	gospel_verse	text_snippet
1	1	John	1	1	In the beginning was the Word, and the Word was with God, and the Word itself is
1	2	John	1	2	God. The same was in the beginning with
1	3	John	1	3	God. All things were made by him ; and without him not even one existing thing
1	4	John	1	4	hath been made. In him was life ; and the
1	5	John	1	5	life is the light of men. And the light shineth in the darkness ; and the darkness overcame * it not.
1	6	Luke	1	5	There was in the days of Herod the king a certain priest named Zacharias, of the family of Abijah : and his wife was of the daughters of Aaron, and her name was Eliza-
1	7	Luke	1	6	beth. And they were both righteous before God, walking in all the commandments and
1	8	Luke	1	7	ordinances of God blameless. And they had no chUd, because that Elizabeth was barren, and they both were advanced in age.
1	9	Luke	1	8	Now while he executed the priests office Mk., Lu., and Jn. respectively. reader will do well not to assume that all slight departures from the wording of our Authorised Version are due to Tatian. Some
1	11	Luke	1	9	into the temple of the Lord. And the whole „ lO multitude of the people were praying with-
1	12	Luke	2	4	enrolled. And Joseph also went up ftom Nazareth, a city of Galilee, into Judaea, to the city of David, which is called Bethlehem, because he was of the house and family of
1	13	Luke	2	5	David, with Mary his betrothed, who was great with child, that he might be enrolled
1	14	Luke	1	13	was troubled, and fear fell upon him. But the angel saith unto him. Fear not, Zacharias, because thy supplication is heard, and thy wife Elizabeth shall bear thee a son, and
1	15	Luke	1	14	thou shalt call his name John. And thou shalt have joy and gladness ; and many shall
1	16	Luke	1	15	rejoice at his birth. For he shall be great in the sight of the Lord, and he shall drink no wine nor strong drink ; and he shall be filled with the Holy Spii-it while he is yet
1	17	Luke	1	16	in his mothers womb. And many of the children of Israel shall he turn unto the
1	18	Luke	1	17	Lord their God. And he shaU go before him in the spirit and power of Elijah the prophet, to turn the heart of the fathers to the children, and the disobedient to the knowledge of the just ; to make re
1	19	Luke	1	18	the Lord a perfect people. But Zacharias said unto the angel, Whereby shall I know this ? for I am an old man, and my wife
1	20	Luke	1	19	advanced in age. The angel answered and said unto him, I am Gabriel, that stand in the presence of God ; and I was sent to speak unto thee, and to announce this unto
1	21	Luke	1	20	thee as good tidings. From henceforth thou shalt be silent and not able to speak, until the day wherein this shall come to pass, because thou believedst not this my word,
1	22	Luke	1	21	which shall be fulfilled in its season. But the people were standing waiting for Zacharias, and they marveUed because he
1	23	Luke	1	22	tarried in the sanctuary. And when Zacharias came out, he could not speak unto them : and they perceived that he had seen a vision in the sanctuary : and he was making signs unto them, and remained
1	24	Luke	1	23	dumb. And when the days of his ministra- tion were fulfilled, he departed unto his house.
1	25	Luke	1	24	And after these days Elizabeth his wife conceived ; and she hid herself five months,
1	26	Luke	1	25	and said, This hath the Lord done imto me in the days wherein he looked upon me, to take away my reproach among men.
1	27	Luke	1	26	Now in the sixth month the angel Gabriel was sent from God into Galilee, unto a city
1	28	Luke	1	27	named Nazareth, to a virgin betrothed to a man whose name was Joseph, of the house of David ; and the virgins name was Mary.
1	29	Luke	1	29	And the angel came in unto her, and said unto her, HaU, thou tJiat art fuU of favour, our Lord is with thee, thou blessed among .30 women. And when she beheld him, she was troubled at his saying, and 
1	31	Luke	1	30	sidering what this salutation might be. And the angel saith unto her. Fear not, Mary;
1	32	Luke	1	31	for thou hast found favour with God. Thou shalt now conceive, and bring forth a son,
1	33	Luke	1	32	and shalt call his name JESUS. He shall be great, and shall be called the Son of the Most High: and the Lord God shall give unto him the throne of his father David :
1	34	Luke	1	33	and he shall reign over the house of Jacob for ever ; and of his kingdom there shall be
1	35	Luke	1	34	no end. Mary said unto the angel. How shall this be done unto me since no man
1	36	Luke	1	35	hath known me? The angel answered and said unto her. The Holy Spirit shall come, and the power of the Most High shall descend upon thee : wherefore also that
1	37	Luke	1	36	and shall be called the Son of God. And behold, Elizabeth thy kinswoman, she also hath conceived a son in her old age: and this is the sixth month with her that is
1	38	Luke	1	37	called barren. For nothing shall be difficult
1	39	Luke	1	38	to God. Mary said, Behold, I am the hand- maid of the Lord; be it done unto me according to thy word. And the angel departed from her.
1	40	Luke	1	39	Then Mary arose in those days, and went into the hill country with haste, unto a city
1	41	Luke	1	40	of Judah; and entered into the house of
1	42	Luke	1	41	Zacharias, and saluted Elizabeth. And when Elizabeth heard the salutation of Mary, the babe rejoiced in her womb ; and Elizabeth was filled with the Holy Spirit;
1	43	Luke	1	42	and she cried out with a loud voice, and said imto Mary, Blessed a/rt thou among women, and blessed is the fruit that is in
1	44	Luke	1	43	thy womb. Whence is this to me, that the mother of my Lord cometh unto me ?
1	45	Luke	1	44	When the voice of thy salutation came to mine ears, the babe leaped in my womb in
1	46	Luke	1	45	great joy. And blessed is she that believed ; for that shall be performed, which was spoken
1	47	Luke	1	46	from the Lord. And Mary saith : My soul doth magnify the Lord,
1	48	Luke	1	47	And my spirit hath rejoiced in God my Saviour,
1	49	Luke	1	48	Who hath looked upon the low estate of his handmaiden : Behold, from henceforth all generations shall call me blessed.
1	50	Luke	1	49	Eor he that is mighty hath done to me great things ; And holy is his name ;
1	51	Luke	1	50	And his mercy from a generation to generations Embraceth them that fear him. 152 He hath wrought victory by his arm, Lu. 1 5 1 And he hath scattered the proud in their opinions.
1	53	Luke	1	52	He hath put down the haughty from the thrones, And hath exalted the humble.
1	54	Luke	1	53	The himgry he hath filled with good things ; And the rich he hath left without anything.
1	55	Luke	1	54	He hath holpen Israel his servant, And remembered his mercy
1	56	Luke	1	55	(As he spake unto our fathers) Unto Abraham and unto his seed for ever.
1	57	Luke	1	56	And Mary abode with EUzabeth about three months, and returned unto her house.
1	59	Luke	1	58	And her neighbours and kinsfolk heard that God had multiplied his mercy towards her ;
1	60	Luke	1	59	and they rejoiced with her. And on the eighth day they came to circumcise the child ; and they called him Zacharias, after the
1	61	Luke	1	60	name of his father. And his mother answered and said unto them, Not so ; but
1	62	Luke	1	61	he shall be called John. And they said unto her. There is no one among thy kindred
1	63	Luke	1	62	that is called by this name. And they made signs to his father. How do you wish to call
1	64	Luke	1	63	him ? And he asked for a writing tablet, and wrote, saying. His name is John. And
1	65	Luke	1	64	they all marvelled. And his mouth was opened immediately, and his tongue loos&d,
1	66	Luke	1	64	and he spake, and praised God. And fear ,, 65 fell on all their neighbours : and this was noised abroad over all the hill country of
1	67	Luke	1	66	Judaea. And all that heard iif, thought in their heart saying, What shall this child be ? For the hand of the Lord was with him.
1	68	Luke	1	67	And his father Zacharias was filled with the Holy Spirit, and prophesied, and said.
2	1	Luke	2	13	clothes, and laid in a manger. And suddenly there appeared with the angels an abundant heavenly host praising God, and sayiag,
2	9	Luke	2	1	And after eight days were fulfilled, that the child should be circumcised, his name was called JESUS ; and this is what he was called by the angel, before he was conceived in the womb.
2	16	Luke	2	8	And there were shepherds staying in that country, who were guarding their flock in
2	17	Luke	2	9	the watch of the night. And behold, an angel of God came near unto them; and the glory of the Lord shone round about them; and they were afraid with a great
2	18	Luke	2	10	fear. And the angel said unto them. Be not afraid ; for I bring you as good tidings a great joy that shall be to the whole world :
2	19	Luke	2	10	there is born to you this day in the city of „ II David a Saviour, which is the Lord the
2	20	Luke	2	12	Messiah. And this is the sign unto you: Ye shall find a babe wrapped in swaddling
2	22	Luke	2	14	Glory to God in the highest, And on earth peace, and good hope to men.
2	23	Luke	2	15	And when the angels went away from them into heaven, the shepherds spake one to another, saying. Let us go to Bethlehem, and see this saying that is come to pass,
2	24	Luke	2	16	even as the Lord hath showed us. And they came with haste and found Mary and Joseph, and the babe laid in the manger.
2	25	Luke	2	17	And when they had seen it, they related the sayiag which had been spoken to them about
2	26	Luke	2	18	the child. And aU that heard it wondered at the description, which the shepherds had
2	27	Luke	2	19	described to them. But Mary was keeping all these sayings, and comparing them in
2	28	Luke	2	20	her heart. And those shepherds returned, glorifying and praising God for all the things that they had seen and heard, even as it was described unto them.
2	30	Luke	2	22	And when the days of their purification according to the law of Moses were fulfilled, they brought him to Jerusalem to present
2	31	Luke	2	23	him before the Lord, as it is written in the law of the Lord, Every male that openeth the
2	32	Luke	2	24	womb shall be called holy to the Lord, and to offer a sacrifice according to that which is said in the law of the Lord, A pair of turtle
2	33	Luke	2	25	doves, or two young pigeons. And there was a man in Jerusalem, whose name was Simeon ; and this man was righteous, de- vout, and looking for the consolation of Israel : and the Holy Spirit was upon hi
2	34	Luke	2	26	And it had been said unto him by the Holy Spirit, that he was not going to see death, until he set his eyes upon the Lords
2	35	Luke	2	27	Christ. And he came in the Spirit into the temple : and when his parents brought in the child Jesus, that they might offer a sacrifice for him, as it is written in the law,
2	36	Luke	2	28	he took him up into his arms, and praised God, and said,
2	37	Luke	2	29	Now wilt thou loose the bonds of thy servant, Lord, According to thy word, in peace.
2	38	Luke	2	30	For already mine eyes have witnessed thy mercy,
2	39	Luke	2	31	Which thou hast prepared on account of the whole world,
2	40	Luke	2	32	A Hght for the unveiling of the Gentiles, And a glory for thy people Israel.
2	41	Luke	2	33	And Joseph and his mother were marvel- ling at these things which were spoken con-
2	42	Luke	2	34	cerning him; and Simeon blessed them, and said unto Mary his mother. Behold he is set for the falling and for the risiug again of many in Israel ; and for a sign of contradiction ;
2	43	Luke	2	35	and a sword shall pierce through thine own soul, that the thoughts of many hearts may
2	44	Luke	2	36	be revealed. And Anna, a prophetess, the daughter of Phanuel, of the tribe of Asher, she also was advanced in age, and had lived with her husband for seven years from her
2	45	Luke	2	36	virginity ; and she remained a widow about „ t] fourscore and four years, and departed not from the temple worshipping with fastings and
2	46	Luke	2	38	supplications night and day. And she also stood up at that hour, and gave thanks unto the Lord, and spake of him to aU that were looking for the deliverance of Jerusalem.
2	47	Luke	2	39	And when they had accomplished all things according to what is in the law of the Lord, they returned into Galilee, to their own city Nazareth.
3	1	Matt	2	1	After these things wise men from the
3	2	Matt	2	2	east came to Jerusalem, saying. Where is the king of the Jews, who has been born ? We have seen his star in the east, and are come
3	3	Matt	2	2	to worship him. And when Herod the king heard it, he was troubled, and all Jerusalem
3	4	Matt	2	2	with him. And gathering together aU the chief priests and scribes of the people, he inquired of them, where the Messiah should
3	5	Matt	2	2	be born. And they said. In Bethlehem of Judah : thus it is written in the prophet,
3	6	Matt	2	2	And thou, Bethlehem of Judah, Art in no wise least among the kings of Judah ; For out of thee shall come forth a king, And he shall rule my people Israel.
3	7	Matt	2	8	"Then Herod, when he had privily called the wise men, inquired of them the time "" Now when Jesus was born in Bethlehem of Judaea, in the days of Herod the king,"" and substituting more vaguely, ""After t"
3	9	Matt	2	9	may come and worship him. And when they had heard the king they went their way ; and lo, the star, which they had seen in the east, went before them, till it came and stood over the place, where the c
3	10	Matt	2	10	was. And when they saw the star, they
3	19	Matt	1	19	But when king Herod was dead, the angel of the Lord appeared in a dream to Joseph
3	20	Matt	1	20	in Egypt, and said unto him. Arise and take the child and his mother, and go into the land of Israel : for they are dead that sought
3	22	Matt	1	22	of Israel. But when he heard that Archelaus was become king in Judaea instead of his father Herod, he was afraid to go thither ; but he saw in a dream that he should go
3	23	Matt	1	23	into the land of Galilee, and that he should dwell in a city that is called Nazareth : that it might be fulfilled which was spoken through the prophet. He shall be called a Nazarene.
3	24	Luke	2	40	And the child grew, and waxed strong in spirit, filled with wisdom : and the grace of God was upon him.
3	25	Luke	2	41	And his parents went every year to
3	26	Luke	2	42	Jerusalem at the feast of the passover. And when he was twelve years old, they went up
3	27	Luke	2	43	after their custom to the feast; and when the days were fulfilled, they returned; but the boy Jesus tarried behind in Jerusalem ; and Joseph and his mother knew it not,
3	28	Luke	2	44	supposing him to be with the children of their company. And when they had made a days journey, they sought for him among
3	29	Luke	2	45	their kinsfolk and acquaintance: and when they found him not, they returned to Jeru-
3	30	Luke	2	47	salem, seeking for him again. And after three days they found him in the temple, sitting in the midst of the doctors, hearing i 3 1 them, and asking them questions : and all that heard him were amazed
3	32	Luke	2	48	and sayings. And when they saw him, they were astonished : and his mother said unto him, My son, why hast thou thus dealt with us ? Behold, I and thy father were seeking
3	33	Luke	2	49	thee with great anxiety. And he saith unto them. How is it that ye sought me ? did ye not know that I must be in my Fathers
3	34	Luke	2	50	house ? And they understood not the say-
3	36	Luke	2	52	And Jesus advanced in stature and wisdom, and in favour with God and men.
3	37	Luke	3	1	Now in the fifteenth year of the reign of Tiberius Caesar, Pontius Pilate being governor of Judaea, and Herod being tetrarch of Gali- lee, and his brother Philip tetrarch of the region of Ituraea and 
3	38	Luke	3	2	tetrarch of Abilene, under the high priests Annas and Caiaphas, the word of God went forth unto John, the son of Zacharias, in the
3	39	Luke	3	3	wilderness. And he came into all the region round about Jordan, preaching the baptism
3	40	Matt	3	1	of repentance with remission of sins ; and he
3	41	Matt	3	2	preached in the wilderness of Judaea, and said, Eepent ye, the kingdom of the heavens
3	42	Matt	3	3	is at hand. This is he that was spoken of through Isaiah the prophet, The voice which crieth in the wilder- ness,
3	43	Luke	3	4	Make ye ready the way of the Lord, And establish in the plain a way for our God.
3	44	Luke	3	5	AU the valleys shall be filled ;  Omitting Mark i. 2 ; cf. xiii. 47. And every mountain and hill shall be brought low ; And the crooked shall become straight ; And the difficult place easy ;
3	45	Luke	3	6	And all flesh shall see the salvation of God.
3	46	John	1	7	The same came for a witness, that he might bear witness of the light, that all might
3	47	John	1	8	believe through him. He was not the light, but came, that he might bear witness of the
3	48	John	1	9	light, which is the true light, lighting every
3	49	John	1	10	man, coming into the world. He was in the world, and the world was made through him,
3	53	John	1	14	And the Word became flesh, and dwelt among us (and we saw his glory, as it were the glory of the only one from the Father),
3	54	John	1	15	full of grace and truth. John bare witness of him, and preached, saying, This is he of whom I said, He that is about to come after me is preferred before me : for he was before
4	1	John	1	18	Christ. No man hath seen God at any time; the only one of God, who is in the bosom of the Father, he hath declared Mm.
4	2	John	1	19	And this is the witness of John, when the Jews sent unto him from Jerusalem priests and Levites to ask him. Who art thou?
4	3	John	1	20	And he confessed, and denied not ; and he acknowledged that he was not the Messiah.
4	4	John	2	1	And again they asked him. What then ? Art thou Elijah ? And he said, I am not. Art said unto him, Who art thou ? that we may give an answer to them that sent us. What
4	6	John	2	23	sayest thou of thyself ? He saith, I am the voice of one crying in the wilderness, Set in order the way of the Lord, as said Isaiah
4	7	John	2	24	the prophet. And they that had been sent
4	8	John	2	25	were of the Pharisees. And they asked him, and said unto him. Why then baptizest thou, since thou art not the Messiah, nor
4	9	John	2	26	Elijah, nor a prophet ? John answered and said unto them, I baptize in  water : ia the midst of you standeth one whom ye know
4	11	John	2	28	of his shoes. These things were done in Bethany beyond Jordan, where John was baptizing.
4	12	Matt	3	4	Moreover John had his raiment of camels hair, and a leathern girdle ;  and his food
4	13	Matt	3	5	was locusts and wild honey. Then went out unto him the people of Jerusalem, and all Judaea, and all the region round about Jordan ;
4	14	Matt	3	6	and they were baptized by him in the river
4	18	Matt	3	9	"raise up children unto Abraham. Behold, „ lO the axe is laid unto the root of the tree : • Omitting ""about Ms loins."" * Arabic, ""alzanadfika."" » Lit. ""guided."" every tree therefore that bringeth not f"
4	19	Matt	3	9	the fire. And the multitudes asked him, Lu. 3 lo
4	22	Matt	1	13	we do? He saith unto them. Ask nothing more than that which you are commanded
4	23	Matt	1	14	to ask. And soldiers asked him, saying, What shall we also do ? He saith unto them. Do violence to no man, neither act unjustly towards him ; and be content with your wages.
4	24	Matt	1	15	And as the people were considering, and all men were reasoning in their hearts con- cerning John, whether haply he were the
4	25	Matt	1	16	Christ; John answered, and said unto them, I baptize you with water ; there will come after me he that is mightier than I, of whom I am not worthy to unloose the latchets of his shoes : he shall bapti
4	27	Matt	1	18	And other things he taught, and preached good tidings unto the people.
4	28	Matt	3	13	Then cometh Jesus from Galilee to the Jordan unto John, to be baptized of him.
4	29	Luke	3	23	And Jesus was about thirty years of age, and was supposed to be the son of Joseph.
4	30	John	1	29	Now John saw Jesus coming unto him, and saith. This is the Lamb of God, which taketh
4	31	John	1	30	away the sin of the world. This is he of whom I said. After me shall come a man, which is preferred before me, for he is
4	32	John	1	31	before me. And I knew him not; but that he may be made manifest to Israel, for this
4	34	John	1	15	thou to me? Jesus answered him, and said, Suffer it now : thus it becometh us to fulfil all righteousness. Then he suffered him.
4	35	Luke	3	21	And when all the people were baptized,
4	37	Luke	3	22	was opened unto him. And the Holy Spirit descended upon him in the form of a doves
4	38	Matt	3	17	body: and lo, a voice from heaven, saying, This is my beloved Son, in whom I am well
4	39	John	1	32	pleased. And John bare witness, saying, Furthermore I saw the Spirit descending as a dove out of heaven; and it abode upon
4	40	John	1	33	him. And I knew him not; but he that sent me to baptize in  water, he said unto me. Upon whomsoever thou shalt see the Spirit descending and abiding, this is he
4	41	John	1	34	that baptizeth in* the Holy Spirit. And I have seen, and have borne witness, that this is the Son of God.
4	42	Luke	4	1	And Jesus, full of the Holy Spirit, re-
4	43	Matt	4	2	turned from the Jordan, and straightway Mk. 1 1 2 the Spirit drove  him forth into the wilder- ness, that he might be tempted of Satan; • 44 and he was with the wild beasts ; and he fasted forty days 
4	45	Matt	4	3	ward hungered. And the tempter came, and said unto him, If thou art the Son of God, command that these stones become bread.
4	46	Matt	4	4	"He answered and said, It is written, Man * Or, ""with."" Or, ""led."" which therefore may not have been originally in the Diatessaron. liveth not by bread alone, but by every word that proceedeth out of t"
4	47	Matt	4	5	Then Satan brought him into the holy city, and set him on the pinnacle of the temple,
4	48	Matt	4	6	and said unto him. If thou art the Son of God, cast thyself down ; for it is written, He giveth his angels charge concerning thee ; • And in their arms they shall receive thee up. Lest haply thou dash
4	49	Matt	4	7	Jesus saith unto him, Again it is written, Thou shalt not tempt the Lord thy God.
4	50	Matt	4	7	And the devil took him up into a high Lu. 4 5 mountain, and showed him all the kingdoms of the world and the glory of them in a
4	51	Matt	4	6	moment of time. And the devil saith unto him. To thee will I give all this authority, and the glory of it, which have been delivered unto me, that I may give them
4	52	Matt	4	7	to whomsoever I will. If therefore thou wilt worship before me, all shall be thine.
5	1	Matt	4	10	Jesus answered and said unto him, Get thee hence, Satan : for it is written. Thou shalt worship the Lord thy God, and him only
5	2	Luke	4	13	shalt thou serve. And when the devil had completed all his temptation, he departed
5	3	Luke	4	13	from him until the season ; and behold, Mt. 4 1 1** angels came and ministered unto him.
5	4	John	1	35	On the next day John was standing, and
5	5	John	1	36	two of his disciples ; and he looked upon Jesus, as he walked, and said. Behold the
5	6	John	1	37	Lamb of God ! And his two disciples heard him speakiag; and they followed Jesus.
5	7	John	1	38	"And Jesus turned, and saw them following, and said unto them. What seek ye ? They said unto him. Master,* where dwellest thou ?  Arabic, "" Our great one."""
5	8	John	1	39	He said unto them, Come, and see. And they came, and saw the place of his abode ; and they remained with him that day : and
5	9	John	1	40	it was about the tenth hour. One of the two, that had heard from John, and had followed Jesus, was Andrew, Simons brother.
5	12	John	1	43	On the morrow Jesus wished to go forth into Galilee ; and he found Philip, and said
5	14	John	1	45	And Philip found Nathanael, and said unto him. We have found him, of whom Moses in the law, and the prophets, did write, to be Jesus, the son of Joseph, from Nazareth.
5	15	John	1	46	Nathanael said unto him. Can any good thing be found from Nazareth ? Philip said
5	16	John	1	47	unto him. Come, and see. And Jesus saw Nathanael coming to him, and said of him. This is indeed a son of Israel, in whom is no
5	18	John	1	49	under the fig-tree, I saw thee. Nathanael answered, and saith unto him. Master, thou art the Son of God ; thou art king of Israel.
5	19	John	1	50	Jesus said unto him, Because I said unto thee, I saw thee imder the fig-tree, thou behevedst: thou shalt see what is greater
5	21	Luke	4	14	And Jesus returned in the power of the Spirit into Galilee.
5	22	John	2	1	And the third day there was a feast in Cana/ a city of Galilee ; and the mother of
5	23	John	2	2	Jesus was there: and Jesus also was bidden,
5	24	John	2	3	and his disciples, to the feast. And when the wine failed, his mother said unto Jesus,
5	25	John	2	3	They have no wine. And Jesus said unto her, Woman, what have I to do with thee ?
5	26	John	2	3	hath not my hour come? But his mother said unto the servants, Whatsoever he saith
5	27	John	2	3	unto you, do it. There were six waterpots of stone set there for the purification of the Jews, containing two or three firkins apiece.
5	28	John	2	3	And Jesus said unto them, Fill the water- pots with water. And they filled them up
5	29	John	2	3	to the brim. He said unto them, Draw out now, and bear unto the ruler of the feast.
5	30	John	2	3	And they did so. And when the ruler of the feast tasted the water, which was become wine, and knew not whence it was (but the servants knew, because they had drawn the water), the ruler of the feast
5	31	John	2	10	called the bridegroom, and said unto him, Every man setteth on first the good wine ; and when men have drunk freely, he brings that which is worse : but thou hast kept
5	32	John	1	1	the good wine until now. This was the first sign, namely, that which Jesus did in Cana of Galilee, and manifested his glory ; and
5	33	John	1	1	"his disciples believed on him. And his fame Lu. 4 14 a heading, ""Ordo et solemnitas Apostolonim Domini,"" followed by remarks upon the class of men chosen for the twelve disciples. Dr. Wace thought thi"
5	34	Luke	4	15	And he taught in their synagogues, and was glorified by aU men.
5	35	Luke	4	16	And he came to Nazareth, where he had been brought up : and he entered, according to his custom, into the synagogue on the
5	37	Luke	4	18	The Spirit of the Lord is upon me, Because he anointed me to preach good tidings unto the poor ; And sent me to heal the bruised in heart; To  proclaim forgiveness to the wicked  and sight to the blin
5	38	Luke	4	19	And to proclaim the year acceptable to the Lord.
5	39	Luke	4	20	And he closed the book and gave it back to the attendant ; and went away, and sat down : and the eyes of all, that were stand- ing in the synagogue, were turning upon him..
5	40	Luke	4	21	And he began to say unto them, To-day hath this scripture been fulfilled, which ye
5	41	Luke	4	21	have heard with your ears. And all bare „ 22* him witness, and wondered at the words of grace, which proceeded out of his mouth.
5	42	Luke	4	21	"From that time began Jesus to preach the Mt. 417"" gospel of the kingdom of God, and to say,"
5	43	Luke	4	21	Eepent ye, and believe in the gospel. The Mk.* 1 1 5 time is fulfilled, and the kingdom of the heavens is at hand.
5	44	Luke	4	21	And walking by the sea of Galilee, he saw Mt. 4 i8 two brethren, Simon, who is called Cephas, and Andrew his brother, casting their nets
5	45	Luke	4	19	into the sea; for they were fishers. And Jesus saith unto them, Follow me, and I will
5	46	Luke	4	20	make you fishers of men. And they im- mediately left the nets there, and followed
5	47	Luke	2	1	him. And going on from thence he saw other two brethren, James the son of Zebedee, and John his brother, in the boat with Zebedee their father, mending their nets ;
5	48	Luke	2	22	and Jesus called them. And they straight- way left the boat and their father Zebedee, and followed him.
5	49	Luke	5	1	And when the multitudes were come to- gether unto him, to hear the word of God, and he was standing by the lake of Gen-
5	50	Luke	5	2	nesaret, he saw two boats standing by the lake : but the fishermen, who had come up
5	51	Luke	5	3	therefrom, were washing their nets. And one of them was Simon Cephass ; and into it Jesus went up, and sat down in it, and commanded them to put out a little from the land into the water. And sitting 
5	52	Luke	5	4	And when he ceased to speak, he said unto Simon, Put out into the deep, and let out
5	53	Luke	5	6	your nets for a draught. Simon answered, and said unto him. Master, we toiled all night, and took nothing: but at thy word 541 will let out the nets. And when they had done this, they inclosed an abun
6	1	Luke	5	8	"boats, so that they were almost sunk. But when Simon Cephas saw it, he fell down at Or "" cast."" Jesus feet, and said unto him, Lord, I beseech of thee, that thou depart from me,"
6	2	Luke	5	9	for I am a sinful man. For amazement  had taken possession of him, and all that were with him, at the draught of the fishes,
6	3	Luke	5	10	which they had taken ; so also it had seized James and John, the sons of Zebedee, which were Simons partners. And Jesus saith unto Simon, Fear not ; from henceforth thou
6	4	Luke	5	11	shalt be catching men unto life. And when they had brought their boats to land, they left all, and followed him.
6	5	John	3	22	After these things came Jesus and his disciples into the land of Judah ; and there he went about with them, and baptized.
6	6	John	3	23	John also was baptizing in Aennon near to Salim, because there was much water there : and they were coming, and were being
6	8	John	3	25	prison. Now there arose a questioning between a disciple of John and a Jew about
6	9	John	3	26	purification. And they came unto John, and said unto him. Master, he that was with thee beyond Jordan, to whom thou barest witness, behold, he also baptizeth,
6	10	John	3	27	and many come to him. John answered and said unto them, A man can receive nothing of himself, except it have been
6	12	John	3	29	Messiah, but one sent before him. He that hath the bride is the bridegroom : and the friend of the bridegroom is he, which standeth and heareth him attentively, and rejoiceth with great joy at the bri
6	13	John	3	29	He must increase, but I must decrease.
6	14	John	3	29	He that cometh from above is above all : he that is from the earth is from the earth, and from the earth he speaketh : he that hath come down from heaven is above all.
6	16	John	3	29	witness. He that hath received his witness, hath set his seal to this, that he is truly
6	20	John	3	29	And Jesus knew that the Pharisees had heard, that he had admitted, and that he
6	21	John	3	29	baptized more disciples than John (not that Jesus himself was baptizing, but his dis-
6	22	John	3	29	ciples); and he left Judaea.
6	23	John	3	29	Now Herod the governor, when he was reproved by John concerning Herodias his brother Philips wife, and concerning all the
6	24	John	3	29	evn things which he was doing, added this also above all, that he shut up John in prison.
6	25	John	3	29	Now when Jesus heard that John had Mt. 4 12 been delivered up, he withdrew into GaKlee ;
6	26	John	3	29	and he entered again into Cana, where he made the water wine. And there was at Capernaum a certain officer of the king. When he heard, that Jn. 4 46
6	27	John	3	29	whose son was sick. 36, voice : behold, now my joy is already fulfilled.
6	28	John	4	48	he was very near to death. Jesus said unto him. Except ye see signs and wonders, ye
6	29	John	4	49	do not believe. The officer of the king said unto him. Sir, come down, lest my child die.
6	30	John	4	50	Jesus said unto him, Go thy way; thy son liveth. The man believed the saying, that Jesus spake unto him, and he went his way.
6	31	John	4	51	And when he went down, his servants met him, and announced to him, sayiug, Thy son
6	32	John	4	52	liveth. And he inquired of them in what hour he got better. They said unto him. Yesterday at the seventh hour the fever left
6	33	John	4	53	him. And his father knew, that this had happened at that hour, in which Jesus said unto him. Thy son liveth : and himself believed, and the whole family of his house.
6	34	John	4	54	And this is the second sign, that Jesus did, when he returned out of Judaea into Galilee.
6	35	Luke	4	44	And he was preaching in the synagogues
6	37	Luke	4	14	that it might be fulfilled, which was spoken through Isaiah the prophet, saying,
6	38	Luke	4	15	The land of Zebulun, the land of Naphtali, The way of the sea beyond Jordan, Galilee of the peoples,
6	40	Luke	4	32	And he was teaching them on the sabbaths: Lu. 431 and they were astonished at his teaching, for his speech was as if it had authority.
6	41	Luke	4	33	"And in the synagogue there was a man, * Or, "" gave him the good news."" S which had an unclean devil ; and he cried"
6	42	Luke	4	3	out with a loud voice, saying, Let me alone, what have I to do with thee, Jesus of Naza- reth ? thou art come to destroy us. I know thee who thou art, the Holy One of God.
6	43	Luke	4	3	And Jesus rebuked him, sayiag. Shut up thy mouth, and go out of him. And the devil threw him down into the midst, and -went out of him, when he had done him no hurt.
6	44	Luke	4	3	And great wonder took hold of all, and they spake one with another, saying. What is this word, which in authority and power com- mandeth the imclean spirits and they go
6	45	Luke	4	3	out. And a rumour concerning him was published into all the neighbouring region.
6	46	Luke	4	3	And Jesus going out of the synagogue, saw a man sitting among the publicans, Mt. 9  Matthew  by name ; and he saith unto him. Come after me. And he arose, and followed him.
6	47	Mark	1	2	And Jesus came into the house of Simon
6	48	Luke	4	3	and Andrew, with James and John. And Simons wifes mother was holden* with a great fever ; and they besought him for her.
6	49	Luke	4	3	And he stood over her, and commanded her fever ; and it left her ; and immediately she
6	50	Matt	8	1	rose up, and miaistered unto them. And when even was come, they brought unto him many possessed with devils : and he cast out
6	51	Luke	4	41	their devils with a word. And all that had any sick with grievous and divers diseases, brought them unto him ; and layiug his hand
6	52	Luke	4	41	on each, he healed them; that it might be Mt. 8 I fulfilled which was spoken, through Isaiah the prophet, saying, Himself shall take our
6	53	Mark	1	3	infirmities, and bear our diseases. And all the city was gathered together unto the door xliii. 53.
6	54	Mark	1	3	of Jesus ; and again he cast out devils from Lu. 441 many, because they cried out, and said. Thou art the Son of God. And he rebuked them, and suffered not the devils to speak, because they knew that 
7	1	Mark	1	35	And very early in the morning of that day, he went out, and departed into a desert
7	2	Mark	1	36	place, and was there praying. And Simon and they that were with him sought him ;
7	3	Mark	1	37	and when they had found him, they said unto
7	4	Mark	1	38	him, AU are seeking thee. He saith unto them. Let us go into the next villages and cities, that I may preach there also ; for to
7	5	Luke	4	42	this end am I come. And the multitudes sought after him, and came until they over- took him ; and they laid hold of him, that
7	6	Luke	4	43	he should not depart from them. And Jesus said unto them, I must preach as a gospel the kingdom of God to the other cities also, because for the sake of this gospel was I
7	7	Luke	4	43	sent. And Jesus was going about all the Mt. 935 ■ cities and the villages, and taught in their synagogues, and preached the gospel of the kingdom, and healed all diseases and all
7	8	Luke	4	15	infirmities, and cast out devils ; and his fameju z 4 \ was published abroad, for* he taught in
7	9	Luke	4	15	every place, and was magnified by all. And Mk. 2 1 4 as he passed by, he saw Levi,* the son of
7	10	Matt	4	24	and followed him. And the report of him was heard in the whole region of Syria : and they brought unto him all that were sick with the more serious and divers diseases, and that were enduring torments
7	12	Mark	2	2	after somR days, and when it was heard, that he was in the house, many came together, so that it would not hold them, not even at the door; and he announced the word
7	13	Mark	2	2	of God unto them. And there were there Lu. 617 certain of the Pharisees and doctors of the law sitting, which were come out of every village of Galilee and Judaea and Jerusalem : and the power of the 
7	14	Mark	2	18	heaUng them. And there came some with a couch, whereon there was a man that was paralytic : and they sought to bring him in,
7	19	Mark	2	9	"Which is easier, to say to the paralytic, Thy iLit. ""found."""
7	20	Mark	2	10	Arise, and take up thy bed, and walk ? That ye may know, that the Son of man hath authority on earth to forgive sins (he saith
7	21	Mark	2	11	to the paralytic), I say unto thee, Arise, take up thy bed, and depart unto thy house.
7	22	Luke	5	25	"And he arose straightway, and took his bed, „ xi""- and went forth in the sight of all, and de-"
7	23	Matt	9	8	parted to his house, magnifying God. And when the multitudes saw it, they were afraid ; for amazement took hold on them, and they ■{ - g gb glorified God, which gave such authority
7	24	Mark	2	12	unto man, saying, Truly we have already Lu. 626 seen wonderful things to-day, the like whereof we never saw.
7	25	Luke	5	27	And after these things Jesus went forth and saw a publican, named Levi, sitting among the publicans, and saith unto him,
7	26	Luke	5	28	PoUow me. And he forsook all, and rose
7	27	Luke	5	29	up, and followed him. And Levi made him a great feast in his house ; and there was a great multitude of publicans and of others,
7	28	Luke	5	30	that were reclining cd meat with him. And the scribes and Pharisees murmured, saying unto his disciples. Why do ye eat and drink
7	29	Luke	5	31	with the publicans and sinners? Jesus answered, and said unto them, A physician doth not seek the whole, but those that are
7	30	Luke	5	32	afHicted with evils. I am not come to caU
7	32	Luke	5	34	"disciples eat and drink? He said unto ■ See note to ver. 9. Tatian follows S. Luke in putting this before the Sermon on the Mount. used to fast; and they come."" S. Matthew attributes the question, whi"
7	33	Luke	5	34	groom is with them. The days will come, Lu. 635 when the bridegroom shall have been taken away from them, then wUl they fast in those
7	34	Mark	2	21	days. And he spake a parable unto them : No man putteth on a new patch, and seweth it on an old garment ; lest the new addition take from the old, and a great rent be made.
7	35	Luke	5	38	And no man putteth new wine into old wine-skins ; lest the wine burst the skins, and the skins perish, and the wine be poured out: but they put new wine into new wine-skins, and both are preserved.
7	36	Luke	5	39	And no man drinking old wine straightway asketh for new ; for he saith. The old is better.
7	37	Matt	12	1	When Jesus was walking through the cornfields on the sabbath day, his disciples were hungry; and rubbing the ears of corn
7	38	Mark	2	24	with their hands they were eating. But some of the Pharisees, when they saw them, said unto him, See, why do thy disciples * on the sabbath day that which is not lawful ?
7	39	Mark	2	25	And Jesus saith unto them. Have ye not heretofore read what David did, when he had need, and was hungry, he, and they that
7	40	Mark	2	26	were with him? How he entered into the house of Grod, when Abiathar was high priest, and did eat the bread of the Lords table, which it was not lawful to eat save for the priests, and gave also to the
7	41	Mark	2	27	"with him? And he said unto them. The sabbath was created for man, and man was they cannot fast."""
7	42	Matt	12	5	not created for the sabbath. Or have ye not read in the law, how that the priests in the temple break the sabbath, and are giult-
7	43	Matt	12	6	less ? But I say unto you, that a greater
7	44	Matt	12	7	than the temple is here. If  ye knew that I love mercy not sacrifice, surely ye would
7	45	Matt	12	8	not have condemned the innocent. The Son
7	46	Luke	6	6	of man is lord of the sabbath. And his Mk. 821 kivdred heard it, and they went out to lay hold on him : for they said, Truly he is beside himself. 47 And on another sabbath he entered into the synagog
7	48	Luke	6	7	And the scribes and the Pharisees watched him, whether he would heal on the sabbath ; that they might find a way to blame him.
7	49	Luke	6	8	He knew their thoughts ; and he saith to the man, whose hand was withered. Else up, and come into the midst of the synagogue. And
7	50	Mark	3	4	when he had come and stood forth, Jesus saith unto them, I ask you. What is lawful to do on the sabbath day, good or evil ? to save lives, or to destroy them ? But they
7	52	Matt	12	11	other. Then he said unto them. What man shall there be of you that shall have one ,  A similar statement in Matt. ix. 13 is omitted at vii. 30.
7	53	Matt	12	12	lift it out ? But how much rather is a man better than a sheep ! Therefore it is lawful
8	1	Matt	12	14	to do good on the sabbath days. But the Pharisees went out, and took counsel against
8	2	Matt	1	5	him, that they might destroy him. But Jesus perceiving it withdrew from thence: and great multitudes followed him ; and he
8	3	Matt	1	6	healed them all, and restrained them, that
8	4	Matt	1	17	they should not make him known : that it might be fulfilled which was spoken through Isaiah the prophet, saying,
8	5	Matt	1	18	Behold, my child in whom I am well pleased. My beloved in whom my soul hath rested : I have put my Spirit upon him ; And he shall declare judgment to the nations.
8	6	Matt	1	19	He shall not strive, nor cry aloud ; Neither shall any one hear his voice in the streets.
8	7	Matt	1	20	A bruised reed shall he not break ; And a smoking lamp  shall he not put out. Till he bring forth judgment unto victory.
8	8	Matt	1	21	And in his own name shall he preach good tidings unto the nations.
8	9	Luke	6	12	In those days Jesus went out into the mountain to pray ; and he was there in the
8	13	Mark	3	10	should press upon him: and he healed many; so that as many as had plagues were nigh to throng him on account of their eagerness to
8	14	Mark	3	11	touch him. And the unclean spirits, when they saw him, fell down, and cried, saying,
8	15	Mark	3	12	Thou art the Son of God. And he urgently threatened them, that they should not make
8	16	Luke	6	18	him known. And they that were troubled
8	18	Matt	5	1	And Jesus, seeing the multitudes, went
8	20	Luke	61	14	he named apostles: Simon, whom he named Cephas, and Andrew his brother, James and
8	21	Luke	1	5	John, Philip and Bartholomew, Matthew and Thoma, James the son of Alphaeus, and
8	22	Luke	1	16	Simon, which is called the Zealot, and Judas the son of James, and Judas Iscariot, and
8	23	Luke	1	17	this is he that betrayed him. And Jesus came down with them, and stood on a level place, and a crowd of his disciples, and an
8	24	Mark	3	14	abundant multitude of the people. And he selected these twelve, that they might be with him, and that he might send them
8	25	Mark	3	15	forth to preach, and that they might have the power of curing diseases, and casting out devils.
8	26	Mark	3	15	Then he lifted up his eyes on them, and \- opened his mouth, and taught them, saying,
8	27	Matt	5	3	Blessed are the poor in spirit: for theirs is the kingdom of the heavens.
8	28	Matt	5	4	Blessed are the mournful: for they shall be comforted.
8	29	Matt	5	5	Blessed are the meek : for they shall possess the earth.
8	30	Matt	5	6	Blessed are they that hunger and thirst after righteousness : for they shall be filled.
8	31	Matt	5	7	Blessed are the merciful: for they shaU obtain mercy.
8	32	Matt	5	8	Blessed are the pure in heart: for they shall see God.
8	33	Matt	5	9	Blessed are the peacemakers: for they shall be called sons of God.
8	34	Matt	5	10	Blessed are they that are cast out for righteousness sake : for theirs is the kingdom of the heavens.
8	35	Matt	5	2	Blessed shall ye be, when men shall hate you, and when they shall separate you, and cast you out, and reproach you, and say every evil word against you, speaking falsely,
8	37	Luke	6	24	But woe unto you that are rich! for ye have received your consolation.
8	38	Luke	6	25	Woe unto you that are full! ye shaU hunger. Woe unto you that laugh now ! ye shall mourn and weep.
8	39	Luke	6	26	Woe unto you, when men shaU praise you ! for so did their fathers to the false prophets. .40 I say unto you which hear. Ye are the j \  salt of the earth : but if the salt lose its savour, wherewith s
8	41	Matt	5	14	and trodden down by men. Ye are the light of the world. A city built upon a
8	42	Matt	1	5	mountain cannot, be hid. Neither do Tnen light a lamp, and put it under the bushel, but on the lamp-stand, that it may shine
8	43	Matt	1	16	upon all that are in the house. So let your light shine before men, that they may see your good works, and glorify your Father,
8	44	Mark	4	22	which is in the heavens. For there is J J i nothing secret, except it shall be also manifested ; nor hidden, except it shall be
8	45	Mark	4	23	also known. He that hath ears to hear, let him hear.
8	46	Matt	5	17	Think not that I came to destroy the law or the prophets : I came not to destroy, but
8	47	Matt	5	18	to fulfil. Verily I say imto you, TUl heaven and earth pass away, one point or one letter shall not pass away from the law, till all of
8	48	Matt	5	19	it be accomplished. Whosoever therefore shall break one of these least commandments, and shall teach men so, shall be called least in the kingdom of the heavens : whosoever shall do and teach them, he
8	49	Matt	5	20	great in the kingdom of the heavens. For I say unto you, Except your righteousness shall exceed the righteousness of the scribes and Pharisees, ye shall not enter into the kingdom of the heavens.
8	50	Matt	5	21	Ye have heard that it was said to them of old time. Thou shalt not kill ; for whoso- ever shall kUl shall be accountable to the
8	52	Matt	2	24	Gehenna of fire. If therefore thou shalt be offering thy gift upon the altar, and there shalt remember, that thy brother hath con- ■ 53 ceived any hatred agaiast thee, leave thy gift upon the altar, a
8	54	Matt	2	25	return, and offer thy gift. Agree with thine adversary quickly: whilst thou art still Lu. 12 sS with him in the way, give a ransom and be
8	55	Matt	2	25	"freed from him; lest haply the adversary Mt. 5 25""= deliver thee to the judge, and the judge deliver thee to the officer/ and thou be cast"
8	56	Matt	2	26	into prison. Verily I say unto thee, Thou shalt not go out thence, till thou payest the last mite.
8	57	Matt	2	27	Ye have heard that it was said, Thou
8	58	Matt	2	28	shalt not commit adultery: but I say unto you, that whosoever looketh on a woman, lusting after her, hath committed adultery
8	59	Matt	2	29	with her there already in his heart. If thy right eye injureth thee, pluck it out, and cast it from thee : for it is expedient for thee that one of thy members should perish, rather than that thy whol
8	60	Matt	2	30	Gehenna. And if thy right hand injureth thee, cut it off, and cast it from thee : for it is better for thee that one of thy members should perish, than that thy whole body
8	61	Matt	2	31	should fall into Gehenna. It was said, Whosoever shall put away his wife, let him
8	62	Matt	2	32	give her a certificate of divorcement: but I say unto you. Whosoever shall put away his wife, without the cause of fornication, maketh her already commit adultery; and whosoever shall marry one who is
9	1	Matt	2	33	Again, ye have heard that it was said to them of old time. Thou shalt not forswear thyself; but call thou upon God in thy
9	2	Matt	2	34	faith : but I say unto you. Swear not at all ; not by the heaven, for it is the throne
9	3	Matt	2	35	of God; nor by the earth, for it is the foot- stool imder his feet ; nor even by Jerusalem,
9	4	Matt	2	36	for it is the city of the great king. Neither swear by thy head, for thou canst not make
9	5	Matt	2	37	one hair black or white. But let your camels. THE DIATESSARON. 7; speech be either, Yes, or No ; but what is more abundant than this, is of the evil one.
9	6	Matt	5	38	Ye have heard that it was said. An eye
9	7	Matt	5	39	for an eye, and a tooth for a tooth : but I say unto you, Eesist not an evil man: but whosoever smiteth thee on thy right cheek,
9	8	Matt	5	40	offer him the other also. And to him that wisheth to strive at law with thee, and take away thy coat, to him give up thy cloke also.
9	9	Matt	5	41	And whosoever shall impress thee to go a
9	10	Luke	6	30	mile, go with him two. Give to him that asketh of thee, and from him that wisheth to borrow of thee withhold it not : and do not restrain him that taketh away the
9	11	Luke	6	31	things that are thine. And as ye wish that men should do to you, do ye also to them Kkewise.
9	12	Matt	5	43	Ye have heard that it was said, Love thy
9	14	Matt	5	45	harshly and drive you out; that ye may be sons of your heavenly Father, who maketh his Sim to rise on the good and the evil, and sendeth his rain on the just and the
9	15	Luke	6	32	unjust. If ye love them that love you, what reward shall ye have? for publicans and sinners Kkewise love those that love
9	16	Luke	6	33	them. And if ye do good to them that do good to you, where is your superiority ?
9	17	Luke	6	34	since even sinners do so. And if ye give a loan to him, of whom ye expect repay- ment, where is your superiority ? for even sinners lend to sinners, expecting as much
9	18	Luke	6	35	from them. But love your enemies, and do them good, and give a loan, and cut off no mans hope, that your reward may be great, and that ye may be sons of the Most High : for he is kind toward the evil 
9	19	Luke	6	36	thankful. Be ye merciful, even as your Father also is merciful.
9	20	Matt	5	47	And if ye salute your brethren only, what do ye more them others? do not even the
9	22	Matt	6	1	Take heed that ye do not your alms before men, to be seen of them : otherwise ye shall have no reward with your Father,
9	23	Matt	6	2	which is in the heavens. When therefore thou doest alms, sound not a trumpet before thee, as the hypocrites do in the synagogues and in the streets, that they may be praised of men. Verily I say unto 
9	24	Matt	6	3	received their reward. But when thou doest alms, let not thy left hand know
9	25	Matt	6	4	what thy right hand doeth : that thine alms may be secret ; and thy Father which seeth in secret shall recompense thee openly.
9	26	Matt	6	5	And when thou prayest, be not as the hypocrites, who love to stand and pray in the synagogues and in the corners of the streets, that they may be seen of men. Verily I say unto you. They have received
9	27	Matt	6	6	their reward. But thou, when thou prayest, enter into thy bedchamber, and having shut the door, pray to thy Father which is in secret, and thy Father which seeth in secret
9	29	Matt	6	7	much speaking. Be not therefore likened ,, 8 unto them, for your Father knoweth your
9	30	Luke	11	1	petition, before ye ask him. One  of his disciples said unto him. Lord, teach us to pray, even as John taught his disciples.
9	31	Luke	11	2	Jesus saith unto them. After this manner
9	32	Matt	6	9	then pray ye: Our Father which art in the
9	33	Matt	6	9	heavens, hallowed be thy name. Thy king- Mt. 610 dom come. Thy will be done, as in heaven
9	34	Matt	6	11	so on earth. Give us the sustenance of to-
9	35	Matt	6	12	day. And foigive us our faults, as we also forgive those who commit faults against us.
9	36	Matt	6	12	And bring us not into temptation, but de- ,. 13 liver us from the evil one.. For thine is the kingdom, and the power, and the glory,
9	37	Matt	6	14	imto the ages of ages. If ye forgive men their trespasses, your Father which is in the
9	38	Matt	6	15	heavens will forgive you. But if ye forgive not men, neither will your Father forgive you your trespasses.
9	39	Matt	6	16	When ye fast, become not, as the hypo- crites, mournful: for they disfigure their faces, that they may appear unto men as fasting. Verily, I say unto you, They have
9	40	Matt	6	17	received their reward. But thou, when thou fastest, wash thy face, and anoint thy
9	41	Matt	6	18	head, that thou appear not unto men as festing, but unto thy Father which is in seci-et : and thy Father, which seeth in secret, sliaU recompense thee.
9	42	Luke	12	32	Fear not, little flock, for it hath pleased your Father weU to give you the kingdom.
9	43	Luke	12	33	Sell what ye possess, and give alms; make for yourselves purses which wax not old.
9	44	Luke	12	33	Lay not up * for yourselves treasure upon * Mt. 619 the earth, where rust * and moth doth cor- rupt, and where thieves dig through and
9	45	Luke	12	20	steal : but lay up for yourselves treasure in heaven, where neither rust nor moth doth corrupt ; and thieves do not dig through, nor
9	46	Luke	12	21	steal : for where thy treasure is, there is
9	47	Luke	12	22	"thy heart also. The lamp of the body is the eye : for if thine eye be unimpaired, thy  Lit ""power ;"" cf. ver. 36."
9	48	Matt	6	23	whole body shall be full of light. But if thine eye be worthless, thy whole body shall be full of darkness. If therefore the light that is in thee be darkness, how great will
9	49	Luke	11	35	thy darkness be! Beware, lest the light
9	50	Luke	11	36	that is in thee be darkness. For if thy whole body be full of light, not having any part dark, it shall be wholly full of light, as a lamp lightens thee with its bright shining.
10	1	Matt	6	24	No man can serve two masters : for he is obliged to hate one of them, and love the other ; and to honour one, and despise the other. Ye cannot serve God and riches.
10	2	Matt	6	25	Therefore I say unto you, Be not anxious for your lives, what ye shall eat, and what ye shall drink ; nor for your bodies, what ye shall put on. Is not the life more than the food, and the body more t
10	3	Matt	6	26	Consider attentively the birds of the heaven, which sow not, nor reap, nor gather into barns ; and your Father, which is in the heavens, feedeth them. Are not ye of more
10	4	Matt	6	27	value than they ? And which of you, when he tries, shall be able to add one cubit unto
10	5	Luke	12	26	his stature ? If then ye are not able to do even that which is least, why are ye anxious
10	6	Matt	6	28	concerning the rest ? Consider the lilies of the field, how they grow, though they toil
10	7	Matt	6	29	not, nor spin. And I say unto you, that even Solomon in the magnificence of his glory was not arrayed even as one of these.
10	8	Matt	6	30	But if God doth so clothe the grass of the field, which to-day is, and to-morrow is cast into the oven, how much rather shall it be
10	9	Luke	12	29	done to you, ye of little faith. Be not therefore anxious, saying, What shall we . eat ? or, What shall we drink ? or, Where- withal shall we be clothed? nor let your
10	10	Luke	12	29	mind be troubled because, of this. AU Mt. 632 THE DIATESSARON. 8 1 these things do the nations of the world seek after; and your Father, which is in the heavens, knoweth that ye have need of
10	11	Matt	6	33	all these things. Seek ye first the kingdom of God, and his righteousness ; and aU these
10	13	Matt	6	34	Judge not, that ye be not judged: con- -jj g L demn not, that ye be not condemned:
10	14	Luke	6	38	forgive, and ye shall be forgiven : release, and ye shall be released : give, and it shall be given unto you ; good measure, pressed together and full, shall they thrust into your bosom. With the same
10	15	Mark	4	24	to you. Take heed what ye hear : with whatever measure* ye measure, it shall be measured to you again, and it shall be added to you. I say tmto these, which hear,
10	16	Mark	4	25	He that hath, to him shall be given: and he that hath not, even that which he can have, shall be taken away from him.
10	17	Luke	6	39	And he spake a parable unto them: Can a blind man guide a blind man ? do they
10	20	Luke	6	42	that is in thine own eye ? Or how canst thou say to thy brother. Brother, let me cast out the mote from thine eye, when thou thyself beholdest not the beam in thine own eye ? Thou hypocrite, cast out 
10	21	Matt	7	6	Give not that which is holy unto the dogs, neither cast your pearls before swine, lest haply they trample them with their feet, and turn and rend you.
10	22	Luke	11	5	And he saith unto them, Which of you shall have a friend, and shall go unto him at midnight, and say to him, Friend, lend
10	23	Luke	11	6	me three loaves ; for a friend is come to me from a journey, and I have nothing to offer
10	24	Luke	11	7	him ; and the friend from within shall answer and say unto him. Trouble me not : the door is now shut, and my children are with me in bed ; I cannot rise and give unto
10	25	Luke	11	8	thee? Verily I say unto you, Though he will not give  unto him because of friend- ship, yet because of his importunity he will arise and give unto him what he asked of
10	27	Luke	11	10	it shall be opened unto you. Every one that asketh receiveth ; and he that seeketh findeth; and to him that knocketh it shall
10	28	Luke	11	10	be opened. What father among you, whose „ il son asketh of him a loaf, do you think, will give him a stone ? and if he ask of him a fish, wUl he, do you thiak, for a fish give him a
10	29	Luke	11	12	serpent ? and if he ask of him an egg, will he,
10	30	Luke	11	13	think you, hold out to him a scorpion? If ye then, whilst ye are evil, know good gifts, and give them unto your sons, how much more shall your Father, which is in the heavens, give the Holy Spirit to 
10	31	Matt	7	12	All things whatsoever ye wish that men should do unto you, do ye also unto them : this is the law and the prophets.
10	33	Matt	7	14	therein. How narrow is the gate,i and confined the way, that leadeth unto life ! and they are few that find it.
10	34	Matt	1	5	Beware of false prophets, which come to you in lambs clothing, whilst inwardly they are ravening wolves : but by their fruits ye
10	35	Luke	6	44	shall know them, for each tree is known by its own fruit. For not of thorns do they gather figs, nor of a bramble-bush do
10	37	Luke	6	18	produceth evil fruit. A good tree cannot bring forth evil fruit, nor an evil tree pro-
10	38	Luke	6	45	duce good fruit. The good man out of the good treasure, which is in his heart, bringeth forth good things ; and the evil man out of the evil treasure, which is in his heart, bringeth forth evil things
10	40	Luke	6	20	the fire. Therefore by their fruits ye shall
10	41	Luke	6	21	know them. Not every one that saith unto me, Lord, Lord, shall enter into the kingdom of the heavens ; but he that doeth the will of my Father, which is in the heavens.
10	42	Luke	6	22	Many will say unto me in that day, Lord, Lord, did we not prophesy in thy name, and in thy name cast out devils, and in thy name
10	43	Luke	6	23	do many mighty works? Then will I say unto them, I never knew you : depart from
10	44	Luke	6	23	me, ye servants of iniquity. Every one that Lu. 647 cometh unto me, and heareth my words, and doeth them, I will show you to what he is
10	45	Luke	6	48	like. He is like a wise man, that built a house, and digged, and went deep, and laid
10	46	Matt	7	25	the foundations upon the rock: and the rain descended, and the floods overflowed, and the winds blew, and shook that house ; and it fell not : for its foundations had been
10	47	Matt	7	26	laid upon the rock. And every one that heareth these words of mine, and doeth them not, shall be like a fooUsh man, which built his house upon the sand without a founda-
10	48	Matt	7	27	tion : and the rain descended, and the floods overflowed, and the winds blew, and burst into that house ; and it fell : and great was the fall thereof.
11	1	Matt	7	28	And when Jesus had ended these words, the multitudes were astonished at his teaching:
11	2	Matt	7	29	for he taught them as one having authority, not as their scribes and the Pharisees.
11	3	Matt	7	81	And when he was come down from the mountain, great multitudes followed him.
11	4	Luke	7	2	And when Jesus had entered into Caper- naum, the servant of a certain distinguished officer, viho was dear unto him, was sick, and
11	5	Luke	7	3	was already very near to death. And he heard concerning Jesus, and came  unto him
11	6	Luke	7	6	with the elders of the Jews, and besought Mt. 8  him, and said. Lord, my boy lieth in the house paralytic, and he is grievously tormented.
11	7	Luke	7	4	And the elders besought him earnestly, saying. He is worthy that this should be
11	8	Luke	7	5	done for him : for he loveth our nation, and
11	9	Matt	8	7	he built us even the synagogue. Jesus saith unto him, I will come and heal him. The
11	10	Matt	8	8	"officer answered, and saith. Lord, I am not worthy that my roof should overshadow thee:  According to S. Matthew, he came himself ; but according to S. Luke, he sent the elders. Bphraera has "" elders "
11	11	Luke	7	8	Hand my boy shall be healed. For I also am a man under obedience to authority, having imder me soldiers : and I say to this one. Go, and he goeth ; and to another. Come, and he cometh ; and to my serv
11	12	Matt	8	10	And when Jesus heard this, he marvelled, „ Q and turned, and said unto the multitude that were coming with him, VerUy I say unto you, I. have not found such faith in Israel.
11	13	Matt	8	11	1 say unto you, that many shall come from the east and the west and shall lie down with Abraham, and Isaac, and Jacob, in the
11	14	Matt	8	12	kingdom of the heavens: but the sons of the kingdom shall be cast forth into the outer darkness : there shall be the weeping
11	16	Luke	7	10	the boy was healed in that hour. And the officer returned home, and found that sick servant already whole.
11	20	Luke	7	14	and said unto her. Weep not. And he went, and came near to the bier : and they that were bearing him, stood stUl. And he saith,
11	22	Luke	7	15	And he gave him to his mother. And fear Lu. 7 l6 took hold on all : and they magnified God, saying, A great prophet is arisen among us :
11	23	Luke	7	17	and, God hath visited his people. And this report was spread abroad into the whole of Judaea concerning him, and iato all the region round about.
11	24	Matt	8	18	Now when Jesus saw great multitudes about him, he gave commandment to go
11	25	Matt	8	19	across. And as they were departing in Lu.  i° the way, one scribe came near, and saith unto him. Master, I will follow thee whither-
11	26	Matt	8	20	soever thou goest. Jesus said unto him, The foxes have holes, and the birds of the heaven have, nests ; but the Son of man hath not a place, where he may lay his
11	27	Luke	9	59	head. And he saith unto another. Follow me. But he said. Lord, suffer me first to go
11	28	Luke	9	60	and bury my father. Jesus said imto him, Leave the dead to bury their own dead ; but follow thou me, and announce the kingdom
11	29	Luke	9	61	of God. And another saith unto him, I wiU follow thee. Lord ; but sufier me first to go and bid farewell to my household, and I
11	30	Luke	9	62	will come. Jesus said unto him. No man, putting forth his hand to the plough, and looking back, is fit for the kingdom of God.
11	31	Mark	4	35	And on that day, when it was become late, he saith unto them, Let us cross over the Lu. 8 22° lake.
11	32	Mark	4	35	"And sending away the multitudes, Jesus k"" g 22b went up into a boat, and sat down, himself when Jesus was about to leave Galilee finally, and it was a question, who would leave Galilee for his sake, a"
11	33	Luke	8	23	and his disciples. And other boats were with them. And a great tumult was stirred up in the sea by a whirlwind and a wind ; and the boat was nigh to be sunk through
11	34	Matt	8	25	the abundance of the waves. But Jesus was in the stem, asleep on the cushion: and his disciples came to him, and awoke him, say-
11	35	Mark	4	39	ing. Lord, save us, behold, we perish. But he arose, and rebuked the wind and the waves of the water, and said unto the sea, Be still, for thou art rebuked. And the wind was silent ; and a great calm 
11	36	Mark	4	40	place. And he saith unto them, Why are ye so fearful ? and why have ye not faith ?
11	37	Mark	4	40	"And they feared with a great fear ; and they Jli"" 8 25b marvelled, saying one to another. Who, think you, is this, that commandeth even the wind and waves and sea, and they obey him ?"
11	38	Luke	8	26	And they departed, and came to the country of the Gadarenes, which is beyond the sea over against the land of Galilee.
11	39	Mark	5	2	"And when he was come forth from the ship to the land, there met biTn out of the tombs a man* that had a devU now for along time, Lu. 827"" and was wearing no garment, and abode not"
11	40	Mark	5	4	in a house but in the tombs. And no man could bind him with chains ; for as often as he was confined with chains and fetters, he rent asunder the chains, and brake in pieces
11	41	Mark	5	4	the fetters : and he was driven by the devil Lu. 829 into the desert : and no man was able to
11	42	Mark	5	5	tame him. And always day and night he was in the tombs and in the mountains, so that no man could pass by that way ; and he_was crying out, and cutting himself with  Included with ver. 40 in the Aiahi
11	43	Mark	5	6	stones. And when he saw Jesus from afar,
11	44	Mark	5	7	he ran and worshipped him ; and crying out with a loud voice, he said. What have we to Lu. 8 28 do with thee, Jesus, thou Son of the Most High God ?2 I adjure thee by God, torment Mk. 5 f
11	45	Luke	8	29	me not. And Jesus commanded the unclean spirit to go out from the man : for for a long
11	46	Luke	8	30	time he was in captivity to it. And Jesus asked him. What is thy name ? He said unto him, Legion : for many devils had
11	47	Luke	8	31	entered into him. And they intreated him that he would not command them to go into
11	48	Luke	8	32	the abyss. Now there was there a herd of many swine feeding on the mountain : and those demons intreated him that he would give them leave to enter into the swine. And he
11	49	Luke	8	33	gave them leave. The devils therefore went out of the man, and entered into the swine : and the herd ran to the summit, and f eU into Mk. 513 the middle of the sea, about two thousand ;
11	50	Luke	8	34	and they were choked in the water. And when the herdsmen saw what had happened, they fled, and told it to them that were in
11	51	Luke	8	35	the cities and iu the villages. And some went out to see what was come to pass ; and they came to Jesus, and found the man, from whom the devils were gone out, sitting, clothed and ashamed, at the fee
11	52	Mark	5	16	and they were afraid. And they related what they had seen, and how that man, in whom there had been a devil, had been made whole, and also concerning the swine.
12	1	Luke	8	37	And all the multitude of the Gadarenes besought him to depart from them ; for they were holden with great fear.
12	2	Luke	8	37	"And Jesus went up into a boat, and Mt. 9 I  Or, Mark v. V nearly.  Omitting Matt. viii. 29, ""Art thou come hither to torment us before the time?"" crossed over, and came into his own city."
12	3	Luke	8	38	And the man, from whom the devils were gone out, besought him that he might remain with him: but Jesus sent him away, and
12	4	Luke	8	39	said unto him, Eeturn to thy house, and declare what thiags God hath done for thee.
12	5	Mark	5	20	And he went his way, and began to publish ia Decapolis how great things Jesus had done for him : and all men did marvel.
12	6	Luke	8	40	And when Jesus had passed over in the boat across the sea, a great multitude wel- corned him; for they were aU waiting for
12	7	Luke	8	41	him. And a certain man, whose name was Jairus, a ruler of the synagogue, fell down at
12	8	Luke	8	41	Jesus feet, and prayed him much, saying, I Mk. 623* have one daughter, and she is already very near death: but come, lay thy hand upon Mt. 9 iS
12	9	Luke	8	19	her, and she shall live. And Jesus arose,
12	10	Mark	5	24	and his disciples, and followed him. And a great multitude came to him ; and they were pressing upon him.
12	11	Mark	5	25	And a woman, in whom there was an
12	12	Mark	5	26	issue of blood for twelve years, and who had suffered many things of many physicians, and had spent ■ all her means, and had made no
12	13	Mark	5	27	progress, but even grew worse ; when she had heard concerning Jesus, came in the press of the crowd behind, and touched his
12	14	Mark	5	28	garment. For she said secretly within her- self. If I touch his garment, I shall Hve.
12	15	Mark	5	29	And straightway the fountain of her blood was dried up ; and she felt in her body that
12	17	Luke	8	45	my garments ? And when all denied, Simon Cephas and they that were with him, said unto him, Teacher, the multitudes press thee and crush thee, and sayest thou, Who touched
12	18	Luke	8	46	me ? But he said, Some one did touch me : for I perceived that power had gone out
12	19	Mark	5	33	from me. And  when the woman saw that she was not hid from him, fearing and trembling, because she knew what had been
12	20	Mark	5	33	done in her, she came, and falling down, she Lu. 8 \f worshipped him, and declared in the presence of aU the people for what cause she touched him, and how she was healed immediately.
12	21	Mark	5	34	And Jesus said unto her, Daughter, be of good cheer, thy faith hath made thee whole ; go in peace, and be whole from thy plague.
12	22	Luke	8	49	While he yet spake, there came one from the ruler of the synagogues house, and said unto him. Thy daughter is dead : trouble not
12	23	Luke	8	50	the Teacher. But Jesus hearing it, said unto the father of the maid. Fear not : but
12	24	Mark	5	37	believe only, and she shall be saved. And he suffered no man to go with him, save Simon Cephas, and James, and John the
12	25	Mark	5	38	brother of James. And they came into the house of the ruler of the synagogue ; and he saw them excited,* weeping and wailing.
12	26	Mark	5	39	And when he had entered in, he saith unto them. Why are ye excited,* lamenting ? the
12	27	Mark	5	39	maid is not dead, but sleepeth. And they Lu. 853 laughed at him, knowing that she was dead.
12	28	Mark	5	40	But he, having put them all forth, took the father and the mother of the maid, and Simon, and James, and John, and went into
12	29	Luke	8	55	"the room, where the maid was lying. And taking the hand of the maid, he saith unto done this thing;"" but cf. ver. 16. hour;"" but cf. ver. 15. her, Maid, arise. And her spirit returned ;"
12	30	Mark	5	42	"and she rose up immediately, and walked: she was about twelve years oM. And he com- Lu. 8 SS*"" manded that something should be given her"
12	31	Mark	5	56	to eat. And her father was amazed with great amazement; and he charged them to
12	32	Matt	9	26	tell no man what had been done. And this report went forth into all that land.
12	33	Matt	9	27	And as Jesus passed by from thence, two blind men followed him, crying out, and saying, Have mercy on us, thou son of David.
12	34	Matt	9	28	And when he was come home, the two blind men came to him : and Jesus said unto them, Believe ye that I am able to do this ? They
12	35	Matt	9	29	said unto him. Yea, Lord. Then touched he their eyes, and said. Even as ye have
12	36	Matt	9	30	believed, be it done unto you. And im- mediately their eyes were opened. And Jesus warned them, saying. See that no man
12	37	Matt	9	31	know it. But they went forth, and published abroad the news in all that land.
12	38	Matt	9	32	And when Jesus had gone forth, they brought to him a dumb man that had a devil.
12	39	Matt	9	33	And when the devil was cast out, the dumb man spake : and the multitudes marvelled, saying. It was never so seen in Israel.
12	40	Matt	9	33	And Jesus went about all the cities and „ 35 villages, teaching in their synagogues, and preaching the gospel of the kingdom, and heahng every sickness and disease. And
12	41	Matt	9	36	many followed him. And when Jesus saw the multitudes, he was moved with compassion for them, because they were wearied out and forsaken, as sheep not having a shepherd.
12	42	Matt	9	36	And he called his twelve disciples,* and | - g \o gave them power and great authority over
12	43	Luke	9	2	all devils and sickness. And he sent them two and two to preach the kingdom of God,
12	44	Luke	9	2	and to heal the sick. And he charged them, Mt. 10  saying, Into the way of the heathen depart not, and into the cities of the Samaritans
12	45	Luke	9	6	enter not : attend chiefly to the sheep, that have perished, of the children of Israel.
12	46	Luke	9	6	And as ye go, preach, saying, The kingdom
12	47	Luke	9	6	of the heavens is at hand. Heal the sick, cleanse the lepers, cast out devils : freely ye
12	48	Luke	9	6	received, freely give. Possess no gold, nor
12	49	Luke	9	6	silver, nor brass in your girdles; nor carry anything on the way, save a wand * only ; no waUet, nor bread, neither have two coats,
12	50	Luke	9	6	nor shoes, nor staff; but be shod withj] sandals: for the labourer is worthy of his
12	51	Luke	9	6	food. And into whatsoever city or vUlage ye shall enter, inquire who in it is worthy ;
12	52	Luke	9	6	and there abide till ye go forth. And as ye
12	53	Luke	9	6	enter into the house, salute it. And if the house be worthy, your peace shall come upon it : but if it be not worthy, your peace shall
12	54	Luke	9	14	return to you. And whosoever shall not receive you, nor hear your words, as ye go forth out of that house, or out of that city, shake off the dust that is under your feet Mk. 611
12	55	Luke	9	14	"upon them for a testimony. Verily I say Mt, 10 15 unto you. There shall be rest for the land of  The distinction which Tatian here draws between "" wand "" and "" staff,"" receives no support from the Gre"
13	1	Matt	10	16	I send you forth as lambs iu the midst of wolves : be ye therefore wise as serpents,
13	2	Matt	10	17	and spotless  as doves. Beware of men, who will deliver you up to councUs, and
13	3	Matt	10	18	scourge you ia their synagogues ; and before governors and before Mngs shall they briag you for my sake, for a testimony to them
13	4	Matt	1	9	and to the Gentiles. But when they deliver you up, do not premeditate and consider what ye speak: but it shall be given you in that hour what ye must speak.
13	5	Matt	1	20	Tor it is not ye that speak ; but the Spirit
13	6	Matt	1	21	of your Pather speaketh in you. A brother shall deliver up his brother unto death, and a father Ats son; and sons shall rise up against their parents, and put them to death.
13	7	Matt	1	22	And ye shall be hated of aU men for my names sake : but whosoever endureth to the
13	8	Matt	1	23	end, the same shall live. When they shall cast you out of this city, flee into another. Verily I say unto you. Ye shall not complete all the cities of the people of Israel, till the Son of man come.
13	9	Matt	1	24	A disciple is not superior to his master,
13	10	Matt	2	7	28 Lu.
13	11	Matt	1	26	tliey call them of his household ! Fear them not therefore : for there is nothiag covered, that shall not be revealed ; nor hidden, that shall not be shown forth, and made known.
13	13	Matt	2	7	proclaimed upon the housetop. I say unto Lu. 12 you, my friends, be not afraid of them, which kill the body, but are not able to kUl the
13	14	Matt	2	7	soul. I will show you whom ye shall fear: him, who is able to destroy both soul and body into Gehenna: yea, I say unto you,
13	15	Matt	2	7	Fear him especially. Are not two sparrows sold for a mite  in a shop, and not one of them faUeth to the ground without your
13	17	Matt	2	7	the hairs of your head are numbered. Fear not therefore : ye are better than many
13	18	Matt	2	32	sparrows. Every one therefore, who shall confess me before men, him will I also con- fess before my Father, which is in the
13	19	Matt	2	32	heavens. But whosoever shall deny me „ iTi before men, him will I also deny before my Father, which is in the heavens.
13	20	Luke	12	51	Think ye that I am come to send peace unto the earth ? I am not come to send
13	21	Luke	12	52	peace but division: there shall be from henceforth five in one house ; three of them shall be divided against two, and two against
13	22	Luke	12	53	three. They shall be divided, the father against his son, and the son against his father; the mother against the daughter, and the daughter against her mother; the mother-in-law against her daughter-i
13	23	Matt	10	36	in-law : and a mans foes shall be they of his
13	24	Matt	10	36	own household. He that loveth father or „ 2)1 mother more than me, is not worthy of me : and he that loveth son or daughter with a deeper love than me, is not worthy of me.
13	25	Matt	10	38	And every one that doth not take his cross,
13	26	Matt	10	39	and follow me, is not worthy of me. He that findeth his life, shall lose it ; and who- soever loseth his life for my sake, shall find it.
13	27	Matt	10	40	He that receiveth you, receiveth me; and he that receiveth me, receiveth hitn that sent
13	28	Matt	10	41	me. And he that receiveth a prophet in the name of a prophet, shall receive a prophets reward : and he that receiveth a righteous man ia the name of a righteous man, shall
13	29	Matt	10	42	receive a righteous mans reward. And who- soever shall give as a drink unto one of these very little ones a cup of water only, in the name of a disciple, verUy I say unto you, He Mk. 941 shall not los
13	30	Matt	11	1	And when Jesus had ended his commands to his twelve disciples, he passed over from thence to teach and preach in their cities.
13	31	Matt	11	1	And as they went on their way, he entered Lu. 10 38 into a certain village : and a woman named
13	32	Matt	11	39	Martha entertained him in her house. And she had a sister named Mary, who came and sat at the Lords feet, and listened to his
13	33	Matt	11	40	word. But Martha was distracted about much serving ; and she came, and saith unto him. Lord, dost thou not care that my sister hath left me to serve alone ? bid her that
13	34	Matt	11	41	she help me. Jesus answered, and said unto her, Martha, Martha, thou art anxious and
13	35	Matt	11	42	troubled about many things : and that which is needed is one : for Mary hath chosen for herself a good part, which shall not be taken away from her.
13	37	Matt	11	13	unto men, that they should repent. And here to illustrate ver. 27-29 above. Tatian makes the sisters reside apparently in Galilee, not at Bethany. This is the natural impression conveyed by S. Luke, a
13	38	Luke	7	18	And the disciples of John told him of
13	39	Matt	11	2	all these things. And John, when he had heard in the prison the works of the Christ, called two of his disciples, and sent them to Lu. 719 Jesus, saying. Art thou he that cometh,
13	40	Matt	11	20	or look we for another ? And they came unto Jesus, and said, John the Baptist hath sent us unto thee, and said. Art thou he
13	41	Matt	11	21	that cometh, or look we for another? Now in that hour he cured many of diseases, and of plagues of an evil spirit ; and on
13	42	Matt	11	22	many blind rmn he bestowed sight. Jesus answered, and said unto them. Go, and relate to John all things which ye have seen and heard ; the bHnd receive their sight, the lame walk, the lepers are clean
13	43	Matt	11	23	good tidings preached to them : and blessed is he whosoever shall not be made to stumble in me.
13	44	Matt	11	24	And when the disciples of John were departed, Jesus began to say unto the multitudes concerning John, What went ye out into the wilderness to see ? a reed
13	45	Matt	11	25	shaken with the wind? Otherwise, what went ye out to see ? a man clothed in soft raiment ? Behold, they which are in a costly robe and luxuries, are in kings
13	46	Matt	11	26	houses. Otherwise, what went ye out to see ? a prophet ? Yea, I say unto you, and
13	47	Matt	11	27	more than a prophet. This is he of whom it is written. Behold I send my messenger before thy face, To prepare a way before thee.
14	2	Luke	7	29	greater than he. And all the people that were listening, and the publicans, justified God, for they had been baptized with the
14	3	Luke	7	30	baptism of John. But the Pharisees and the scribes treated unjustly the counsel of God among themselves, for they had not
14	4	Matt	11	12	been baptized by him. But from the days of John the Baptist until now the kingdom
14	5	Luke	16	16	of the heavens is seized with violence. The law and the prophets were until John : from thenceforth the kingdom of God is announced as good tidings, and all men push them- selves forward, that they ma
14	6	Luke	16	13	All the prophets and the law prophesied
14	7	Luke	16	14	until John. And if ye are willing, receive it that he is Elijah, which is about to come.
14	8	Luke	16	15	He that hath ears to hear let him hear.
14	9	Luke	16	17	It is easier for heaven and earth to perish, than for one poiat to falP from the law.
14	10	Luke	16	731	Unto whom then shall I liken the men of this generation, and to whom are they Kke ?
14	11	Luke	16	32	They are like unto children sitting in the market place, which summon their com- panions, and say, We chaunted unto you, and ye did not dance; we mourned unto
14	12	Luke	16	33	you, and ye did not weep. John the Baptist came eating no bread nor drinkiag wine;
14	13	Luke	16	34	and ye said, He hath a devU. But the Son of man came eating and drinking; and ye said. Behold, a gluttonous man, and a wine- bibber, and a friend of publicans and sianers !
14	14	Luke	16	35	And wisdom was justified by all her children.
14	15	Mark	3	20	"And when he had said this, they came into the house. And the midtitudes came together unto him again, so that they explanatory on the part of some person recording what took place. * Or, "" cease."""
15	1	Matt	12	23	"Tatian does not identify witli this miracle the cure of a demoniac ""iiind amd dumb,"" prefixed (Matt. xii. 22) to the same discourse, but puts the latter afterwards. Tisohendorf identifies the former w"
15	2	Matt	12	29	5 house. When the strong man armed Lu. 1 1 2 1 guardeth his own court, those things which
15	3	Luke	7	38	Put before Mark vi. 14-29 (death of S. John), because S. Matthew, who does not mention this return, puts that death at a later period of the history.
15	4	Luke	7	43	Simon answered, and said. He, I suppose, to whom he forgave the more. Jesus said unto
15	5	Luke	7	44	him. Thou hast rightly judged. And, turn- ing to the woman, he said unto Simon, See this woman. I entered into thiae house ; and water for washing my feet thou gavest not: but she hath wetted my feet 
15	6	Luke	7	45	tears, and wiped them with her hair. A kiss thou gavest me not : but she, since the time she came in, hath not ceased to kiss
15	7	Luke	7	46	my feet. My head with oil thou didst not anoint : but she hath anointed my feet with
15	8	Luke	7	47	ointment. On account of which I say unto thee. Many sins are forgiven her; for she loved much : but to whom little is forgiven,
15	9	Luke	7	48	the, same loveth little. And he said unto the woman. Thy sins are forgiven thee.
15	10	Luke	7	49	And they that were bidden began to say within themselves. Who is this that even
15	11	Luke	7	50	forgiveth sins? And Jesus said imto the woman. Thy faith hath saved thee; go in peace.
15	12	Luke	7	50	And many believed on him, beholding Jn. 2 23
15	13	John	2	24	the signs which he did. But Jesus did not trust himself with them, for that he knew
15	14	Luke	7	39	48 with the ointment. Now when the Pharisee, which had bidden him, saw it, he thought within himself, saying. This man, if he were a prophet, would certainly know who she is, and of what sort her char
15	15	Luke	10	1	Now after these things Jesus appointed out of his disciples seventy  others, and sent them two and two before his face* into every country and city, whither he himself
15	16	Luke	11	14	could not even eat bread. And he was easting out a devil, which was dumb. And when he had cast out that devil, the dumb man spake, and the multitudes marvelled.
15	17	Matt	12	24	But when the Pharisees heard it, they said, This man doth not cast out devils, except in Beelzebub, the prince of the devils, who is
15	18	Luke	11	16	in him. And others, tempting him, sought
15	19	Matt	12	25	of him a sign from heaven. But Jesas, knowing their thoughts, said unto them in parables. Every kingdom divided against itself will be brought to desolation : and every house or city divided against i
15	20	Mark	3	26	wiU not stand: and if Satan casteth out Satan, he is divided agaiust himself, and wUl not be able to stand, but his end wUl
15	21	Matt	12	26	"be. How then shall his kingdom stand? because ye say that I cast out devils ia Lu. 11 iS"""""
15	22	Matt	12	27	Beelzebub.2 And if I in Beelzebub  cast out devils, by what do your sons cast them out? therefore shall they be your judges.
15	23	Matt	12	28	But if I ia the Spirit of God cast out devils, then is the kingdom of God come near unto
15	24	Matt	12	29	you. Or how can any one enter into the house of a strong maw, and rob his goods,* except he first render himself safe from the strong man ? and then he will spoil his
15	25	Luke	1	1	the street, and say, Even the dust from your city, that clave to our feet, we do wipe off against you: howbeit know this, that the
15	26	Matt	12	22	he possesseth are in peace : but if a stronger than he come upon him, he will overcome him, and will take from him his whole armour wherein he trusteth, and divide his
15	27	Matt	12	23	spoils. He that is not with me is against me; and he that gathereth not with me
15	28	Matt	11	21	and they had not repented. And he said, Woe unto thee, Chorazin! woe unto thee, Bethsaida! if the signs had been done ia Tyre and Sidon, which were done in thee, they would peradventure have repented 
15	29	Matt	12	29	blaspheme; but whosoever shall blaspheme agaiast the Holy Spii-it shall never have forgivenness, but shall be accoimted worthy
15	30	Matt	12	30	of eternal punishment. Because they said, that there was in him an unclean spirit,
15	31	Matt	12	32	he said again, Whosoever shaU speak a word against the Son of man, it shall be forgiven him ; but whosoever shall speak against the Holy Spirit, it shall not be forgiven him, neither in this world  no
15	32	Matt	12	32	come. Either ye make the tree good, and „ 2) its fruit good ; or ye make the tree evil, and its fruit evil : since the tree is known by its
15	33	Matt	12	34	fruit. Ye offspring of vipers, how can ye, since ye are evil, speak good things ? out of the abundance of the heart the mouth
15	34	Matt	12	34	"speaketh. The good man out of the good Lu. 6 45"" treasure, which is in his heart, bringeth forth good things ; and the evil man out of the evil treasure, which is in his heart, bringeth"
15	35	Matt	12	36	forth evil things. I say unto you, that every idle word that men shall speak, there shall be exacted from them an account of it in
15	36	Matt	12	36	the day of judgment. For out of thy words „ 2)1 thou shalt be justified ; and out of thy words
15	37	Luke	12	54	thou shalt be condemned. And he said to the multitudes, When ye see a * cloud rising
15	38	Luke	12	55	eometh; and so it cometh to pass. And when it bloweth a south wind, ye say. There will be a scorching heat ; and it cometh to
15	39	Luke	12	55	pass. And when it is evening, ye say. It Mt. 16 2
15	40	Luke	12	3	will be fair, for the heavens are dull. And in the morning ye say. To-day there will be a storm : for the redness of the heavens is dull. Ye hypocrites, ye know how to judge the face of the heaven and
15	41	Matt	12	22	Then was brought unto him one that had a devil, dumb and blind ; and he healed him, so that the dumb and blind man spake and
15	42	Matt	12	23	saw. And all the multitudes were amazed, and said. Is this, think you, the son of David ?
15	43	Mark	6	30	And the apostles returned unto Jesus, and recounted unto him all things, which
15	44	Mark	3	1	they had done, and wrought. And he saith unto them. Come, let us go apart into a desert place,* and rest a Httle. For there were many going and returning; and they had no leisure even to eat bread.
15	45	Luke	7	36	After these things came a certain man of the Pharisees, and asked him to eat bread with him. And he entered into the Phari-
15	46	Luke	7	37	sees iiouse, and recliued to meat. And there was in that city a woman, a sinner; and when she knew that he had reclined to meat in the Pharisees house, she took a flask of
15	47	Luke	7	38	ointment, and standing behind at his feet, weeping, she began to wet his feet with tears, and wiped them with the hair of her head, and kissed his feet, and anointed them
15	48	Luke	14	31	and was not able to finish. Or what king, about to go to commit war against another kiQg, doth not first consider, whether he is able with ten thousand to meet him that Cometh against him with twenty 
15	49	Luke	14	32	And if he is not equal to it, while he is yet a great way off, he sendeth an embassy unto
16	1	Matt	12	38	Then certain of the scribes and Phari- sees answered him, that they might tempt him, sayiag. Master, we wish to see a sign
16	2	Matt	12	39	from thee. And he answering saith, This evil and adulterous generation seeketh after a sign ; and there shall no sign be given to
16	3	Matt	12	39	it but the sign of Jonah the prophet : for Lu. 1 1 30 even as Jonah was a sign unto the Nine- vites, so shall also the Son of man be to
16	4	Matt	12	39	this generation. And even as Jonah was Mt. 1 2 40 three days and three nights in the belly of the whale, so shall the Son of man be three days and three nights in the heart of the
16	5	Matt	12	39	earth. The queen of the south shall rise Lu. 1 1 3 1 up in the judgment against the men of this generation, and shall condemn them: for she came from the ends of the earth to hear the wisdom of Solomo
16	6	Matt	12	41	than Solomon is here. The men of Nineveh shall rise up in the judgment against this
16	7	Luke	11	24	greater than Jonah is here. When the im- clean spirit goeth out of the man, it walketh and goeth about through waterless places to find rest for itself; and when it findeth it not, it saith, I will tu
16	8	Luke	11	25	unto my house, whence I went out. And if it come, and find it adorned and arranged,
16	9	Luke	11	26	then it goeth, and taketh with itseK seven other spirits more evil than itself ; and they enter in and dwell therein : and the last state of that man becometh worse than the former.
16	10	Matt	12	45	So shall it be unto this evil generation.
16	11	Luke	11	27	And as he said these thiugs, a certain woman out of the multitude lifted up her voice, and said unto him. Blessed is the womb that bare thee, and the breasts which
16	12	Luke	11	28	gave thee milk. But he said unto her, Blessed is he that heareth the word of God, and keepeth it.
16	13	Luke	11	28	While he was yet speaking to the multi- tudes, there came to him his mother and
16	14	Luke	11	28	brethren ; and they sought to speak to him, and they could not for the crowd ; and -j standing without, they sent to call him to 1.5 them. A certain man said imto him, Be- hold, thy mother and thy bre
16	17	Luke	11	49	mother? and who are my brethren? And motioning with his hand outstretched towards his disciples, he said. Behold, my
16	19	Luke	11	50	"And after these things Jesus went round Lu. 8 I the cities and villages, preaching and announcing as good tidings the kingdom of Mt. 1246"" Lu."
16	20	Luke	8	2	God, and with him the twelve, and the women which had been healed of infirmities and of evil spirits, Mary that is called Magdalene, from whom he had cast out
16	21	Luke	8	3	seven devils, and Joanna the wife of Chusa, Herods steward, and Susanna, and many- others, which ministered unto them of their substance.
16	22	Luke	8	3	And after these things Jesus went out Mt. 13 r of the house, and sat on the seashore.
16	23	Luke	8	2	And there were gathered unto him great multitudes ; and when the press of men around him was great, he went up, and sat in a boat ; and all the multitude were
16	24	Luke	8	3	standing on the seashore. And he spake unto them many things in parables, saying,
16	25	Luke	8	5	He that soweth went forth to sow; and when he sowed, some  fell by the wayside, and were trodden under foot, and the birds
16	26	Matt	13	5	devoured them: and others fell upon a rock : and others, where they had not much earth : and straightway they sprang up, be- cause they had no deepness in the earth :
16	27	Matt	13	6	and when the sun was risen, they were scorched; and because they had no root,
16	28	Mark	4	7	they withered away. And some fell among the thorns ; and the thorns sprang up at the same time, and choked them ; and they
16	29	Mark	4	8	yielded no fruit. And others fell into ground good and beautiful, and came up, and grew, and brought forth fruit, some thirty, some sixty, and others a hundred.
16	30	Luke	8	8	When he had said these things, he cried, He that hath ears to hear, let him hear.
16	31	Mark	4	10	"And when they were alone, his disciples came near, and asked him, and said unto him, ""What is this parable ? and why dost thou"
16	32	Mark	4	10	speak unto them in parables ? He answer- Mk. 4 1 1 ing saith unto them, Unto you is given the knowledge of the secrets of the kingdom of God: but it is not given unto them that
16	33	Matt	13	12	are without. He that hath, to him shall be given, and he shall have increase : but he that hath not, from him shall be taken
16	34	Matt	13	13	away even that which he hath. Therefore speak I to them in parables ; because seeing they see not, and hearing they hear not,
16	35	Matt	13	14	nor understand. And ia them is fulfilled the prophecy of Isaiah, saying. By hearing they shall hear, and shall not understand ; And seeing they shall see, and shall not learn thoroughly :
16	36	Matt	13	15	For the heart of this people is waxed gross, And in their ears their hearing hath become dull. And their eyes they have closed ; Lest they should see with their eyes, And hear with their ears, And und
16	37	Matt	13	16	But ye, blessed are your eyes, which see;
16	38	Luke	10	23	and your ears, which hear. Blessed are the eyes, which see the things which ye see.
16	39	Matt	13	17	Verily I say unto you, Many prophets and righteous men desired to see the things which ye see, and saw them not; and to hear the things which ye hear, and heard
16	40	Matt	13	17	them not. If ye know not this parable, Mk. 413
16	41	Matt	13	18	how shall ye know all the parables ? Hear
16	42	Mark	4	14	ye the parable of the sower. The sower, that soweth, soweth the word of God.
16	43	Matt	13	19	Every one that heareth the word of the kingdom, and understandeth it not, the evil
16	44	Matt	13	20	sown by the wayside. And he that was sown upon a rock, this is he that heareth the word, and straightway with joy receiveth
16	45	Matt	13	21	it ; yet, since he hath no root in himself,
16	46	Matt	13	21	"but his faith in it is for a time, when-f Ji- , 3 ,•11.. . . , , I Mt. Id 21"" tribulation or persecution ariseth because of the word, straightway he is made to stumble."
16	47	Matt	13	22	And he that was sown ia the thorns, this is he that heareth the word ; and the care of this world, and the deceitfulness of riches, and the remaining lusts enter in, and choke Mk. 419 the word, and it
16	48	Matt	13	23	And that which was sown into the good Lu. 815 ground, he it is that in a pure and excellent heart heareth my word, and understandeth, and holdeth it fast, and bringeth forth fruit in patience, and pro
16	49	Mark	4	26	And he said. So is the kingdom of God even as a man that should cast seed into
16	50	Mark	4	27	the earth, and should sleep and rise night and day ; and the seed should sprout and
16	51	Mark	4	28	grow while he knoweth not. Por the earth bringeth it through into fruit; first there will be the blade, afterwards the ear, and at
16	52	Mark	4	29	length the full corn in the ear. And when the fruit ripeneth, straightway he bringeth the sickle, because the harvest is here.
17	1	Matt	13	24	Another parable set he before them, saying, The kingdom of heaven is likened unto a
17	2	Matt	13	25	man that sowed good seed ia his field : but while men slept, his enemy came and sowed tares amidst the wheat, and went away.
17	3	Matt	13	26	But when the blade had sprung up, and brought forth fruit, then appeared the tares
17	4	Matt	13	27	"also. And the servants of the householder came, and said unto him, Sir, didst thou not » 31"" Lu."
17	5	Matt	13	28	tares in it ? He saith unto them, An enemy hath done this ? The servants said unto him, WUt thou that we go, and pick them
17	6	Matt	13	29	out ? He saith unto them. Would you not perchance, when you picked out the tares,
17	7	Matt	13	30	root up also the wheat with them ? Let both grow together until the harvest, and at the time of the harvest I will say to the reapers, Pick out first the tares, and bind them into bundles for burning 
17	8	Matt	13	30	And another parable set he before them,
17	9	Matt	13	30	saying, Unto what is the Idngdom of God Lu. like ? and whereunto shall I Hken it ? and
17	12	Matt	13	32	sown, that are upon the earth; but when it hath sprung up, it is greater than all the herbs, and maketh great branches; so that the birds of the heaven build nests in its branches.
17	13	Matt	13	27	"18 Mk. 430"" Lu. 19"" Mt. 1331- Mk. 431 no THE DIATESSARON. sow good seed in thy field ? whence are the"
17	14	Matt	13	32	Whereunto shall I liken the kingdom of God?
17	15	Matt	13	32	It is like unto leaven, which a woman took, and kneaded in three measures of meal, till the whole was leavened.
17	16	Matt	13	32	All these things spake Jesus in parables unto the multitudes, as they were able to hear thAm: and without parables spake he
17	18	Mark	4	34	"But privately to his disciples he expounded all things. Mk. 32"" Mt. 33"" Lu. 20"" Mt. 33"" •>■> K Mk. 33"" Mt. 34- » THE DIATESSARON. Ill"
17	19	Matt	13	36	Then Jesus sent the multitudes away, and came into the house : and his disciples came near unto him, and said unto him, Explain unto us the parable of the tares and the
17	20	Matt	13	36	field. He answered and saith unto them, „ 2>1 He that sowed the good seed is the Son of
17	21	Matt	13	38	man; and the field is the world; the good seed are the sons of the kingdom ; and the
17	22	Matt	13	39	tares are the sons of the evU one; and the enemy that sowed them is Satan: but the harvest is the end of the world; and the
17	23	Matt	13	40	reapers are angels. And even as the tares are picked out, and burned with fire ; so
17	24	Matt	13	41	shall it be in the end of this world. The Son of man shall send forth his angels, and they shall pick out of his kingdom all things that cause stumbling, and all the workers
17	25	Matt	13	42	of iniquity, and shall cast them into the furnace of fire : there shall be the weeping
17	26	Matt	13	42	and gnashing of teeth. Then shall the ,, 43 righteous shine forth as the sun in the kingdom of their Father. He that hath ears to hear, let him hear.
17	27	Matt	13	44	Again, the kingdom of heaven is like unto a treasure hidden in the field ; which the Dian that findeth, hideth ; and for joy there- of goeth and selleth all that he hath, and buyeth that field.
17	28	Matt	13	45	Again, the kingdom of heaven is like unto a merchant-man seeking pearls of great
17	29	Matt	13	46	price: and having found one pearl of great price, he went and sold all that he had, and bought it.
17	30	Matt	13	47	Again, the kingdom of heaven is like unto a net cast into the sea, and gathering of
17	31	Matt	13	48	every kind: which, when it was fiUed, they drew up on the seashore ; and sat down to pick them out, and they cast the good into vessels, but the bad they threw away out-
17	33	Matt	13	50	and shall cast them into the furnace of fire : there shall be the weeping and gnashing of teeth.
17	34	Matt	5	1	Jesus saith unto them. Have ye understood all these things ? They said unto him, Yea,
17	35	Matt	5	52	Lord. He saith unto them, Therefore every scribe, tfmt is a disciple of the kingdom of the heavens, is like unto a man that is a householder, which bringeth forth out of his treasure things new and ol
17	36	Matt	5	53	And when Jesus had finished all these
17	37	Matt	5	54	parables, he passed over from thence, and came into his own city, and taught them in their synagogues, insomuch that they were
17	38	Mark	6	2	astonished. And when the sabbath was come, Jesus began to teach in the synagogue: and many of those that heard him were astonished, and said. Whence are these things
17	39	Mark	6	2	done unto this man? And many envied him, and did not apply their mind to him, but said. What is this wisdom that is given unto this man, so that such mighty works
17	40	Matt	13	55	are wrought by his hands? Is not this the carpenter, the son of the carpenter ? is not his mother called Mary ? and his brethren, James, and Joses, and Simon, and Judas ?
17	41	Matt	13	56	And his sisters, are they not all with us ? Whence hath this man all these things ?
17	42	Matt	13	56	"And they were suspicious of him. But j *""2  Jesus, knowing their thoughts, saith unto"
17	43	Luke	4	24	thine own city. And he saith. Verily I say unto you, No prophet is accepted in his own
17	44	Luke	4	24	country, nor among his own brethren : for a Mk. 6 / prophet is not without  honour save in his own country, and among his own kin, and in
17	45	Luke	4	24	his own house. Verily I say unto you, There Lu. 425 were many widows among the children of Israel in the days of Elijah the prophet, when the heaven was shut up three years and six months, and a great
17	46	Luke	4	26	all the land; and unto none of them was Elijah sent, but only to Sarepta of Sidon,
17	47	Luke	4	27	unto a widow woman. And there were many lepers among the children of Israel in the days of Ehsha the prophet ; and no one of them was cleansed, but only Naaman the
17	48	Mark	6	5	Nabathaean. And he could not do many mighty works there, because of their unbelief, save that he laid his hands upon a few sick
17	49	Mark	6	5	folk, and healed them. And he marvelled „ (y
17	50	Luke	4	28	at their lack of faith. And when they that were in the synagogue had heard, they were
17	51	Luke	4	29	all filled with wrath; and they rose up and brought him forth out of the city, and led him unto the brow of the hill whereon their city was built, that they might cast him
17	52	Luke	4	30	from its summit. But he, passing through the midst of them, went away.
17	53	Mark	6	6	And he went about the villages around Nazareth, and taught in their synagogues.
18	1	Luke	9	7	At that time Herod the tetrarch heard the fame of Jesus, and aU things that were done by his hand : and he marvelled, for Mk. 614
18	2	Luke	9	8	"his fame had firmly stood. And some said, Lu. 9 .""]"" 114 TH DIATESSARON. John the Baptist is risen from the dead;"
18	3	Luke	9	8	"but others said, Elijah hath appeared; but Mt. 16 \ others, Jeremiah ; and others, A prophet out Lu. 9 S"""""
18	4	Mark	6	1	of the ancient prophets is risen ; and others said. He is a prophet, just as one of the
18	5	Mark	6	1	"prophets. Herod said unto his servants, „ i6 This is John the Baptist, whose head I cut off: he is risen from the dead, therefore Mt. 14 a*"""
18	6	Mark	6	1	mighty works are wrought by him. For Mk. 6 1 7 Herod had sent forth, and laid hold upon John, and cast him into prison for the sake of Herodias, his brother Philips wife, whom
18	7	Mark	6	18	he had married. For John said unto Herod, Thou hast no right to have thy brothers
18	8	Mark	6	19	wife. And Herodias avoided him, and desired
18	9	Mark	6	20	to kUl him ; and she could not ; for Herod feared John, knowing that he was a righteous man, and a holy ; and he used to keep him safe, and hear him much, and do, and obey
18	10	Matt	14	5	him gladly. And when he wished to put him to death, he feared the people, because
18	11	Matt	14	5	"they counted him as a prophet. And there ""Mk. 621 occurred a festival ; for Herod on his birth- day made a feast to his great men and to the officers and the chief men of Gahlee;"
18	12	Matt	14	22	and the daughter of Herodias came in and danced in the midst of the assembly, and fascinated Herod and them that reclined at meat with him ; and the king said unto the damsel. Ask of me what thou wilt
18	13	Matt	14	23	will give it thee. And he sware unto her, Whatsoever thou shalt ask of me, I will
18	14	Matt	14	24	give it, unto the half of my kingdom. And she went out, and said unto her mother. What shall I ask of him ? She said unto
18	16	Matt	14	25	John the Baptist. And the king was exceed- Mk. 626 ing sorry ; but for the sake of the oath, and
18	17	Matt	14	27	of the guests, he would not deny her. But straightway the king sent forth an execu- tioner, and commanded that the head of John should be brought : and he went and
18	18	Matt	14	28	cut off the head of John in the prison, and brought it upon a dish, and handed it to the damsel ; and the damsel gave it to her
18	19	Matt	14	12	mother. And when his disciples heard thereof, they came and took up his body, and buried it : and they came to tell Jesus what
18	20	Luke	9	9	had happened. For this cause Herod had said, John I beheaded : who is this, about whom I hear these things ? and he wished
18	21	Matt	14	13	to see him. Now Jesus when he had heard it, withdrew from thence in a boat to a desert place apart, to the other side of the sea of Jn. 6 \° Galilee of Tiberius.
18	22	John	6	2	And many saw them going, and recognised them ; and hurrying on foot from all the cities went thither before them; because they saw
18	23	John	6	3	the signs which he did on the sick. Jesus therefore went up into the mountain, and
18	24	John	6	4	there he sat with his disciples. Now the feast of the passover of the Jews was very near.
18	25	Mark	6	34	And Jesus Kfted up his eyes, and saw a great multitude coming unto him ; and he had compassion on them, because they were
18	26	Mark	6	34	"as sheep not having a shepherd : and he Lu. 9 1 1*"" welcomed them, and spake to them of the kingdom, and them that had need of healing,"
18	27	Matt	14	15	he healed. And when even was come, the disciples came to him, saying. The place is
18	28	Mark	6	36	desert, and the time is already past; send away the multitudes of men, that they may ri6 THE DIATESSARON. go into the surrounding farms  and villages, and buy themselves bread,, for they have
18	29	Mark	6	36	nothing to eat. But he said unto them, Mt. 14 i6 They have no need to go away; give ye
18	30	Mark	6	17	them to eat. They said unto him. We have none here. He said unto Philip, Whence Jn. 6  may we buy bread, that these may eat ?
18	31	Mark	6	6	And this he said proving him: for he him-
18	32	Mark	6	7	self knew what he was about to do. Philip said unto him, Two hundred pennyworth of bread is not sufficient for them, that every
18	33	Mark	6	8	one may take a little. One of his disciples, to wit Andrew, the brother of Simon Cephas,
18	34	Mark	6	9	said unto him, There is a lad here, which hath five barley loaves, and two fishes : but
18	36	Mark	6	9	Now there was much grass in that place. Jn. 6 10 Jesus said unto them. Arrange them aU, so that they may sit upon the grass by com- panies of fifty each. And the disciples did
18	37	Mark	6	40	so. And they all reclined by companies, a
18	38	Matt	14	18	hundred each, and fifty each. Then Jesus saith unto them. Bring hither those five
18	39	Matt	14	18	loaves and the two fishes. And when they Mk. 641 had brought them, Jesus took the loaves and the fishes, and lookiug up to heaven, he blessed, and brake, and gave to his disciples
18	40	Matt	14	20	to set before them; and the disciples set before the multitudes the bread and the fish. And they did all eat and were filled.
18	41	Matt	14	20	And when they were fiUed, he said to his Jn. 612 disciples. Gather up the broken pieces which
18	42	Matt	14	13	remain over, that nothing be lost. And they gathered them up, and filled twelve baskets with the broken pieces, which re- mained over from them that had eaten out THE DIATESSARON. 1 1 7 of the five ba
18	43	Matt	14	21	And they that had eaten were five thousand men, besides the women and children.
18	44	Mark	6	45	And straightway he constrained his dis- ciples to go up into the boat, and to go before him across the sea to Bethsaida, while
18	45	John	6	14	he himself sent the multitudes away. Now those men that had seen the sign which Jesus had done, said. This is of a truth a prophet that hath come into the world.
18	46	John	6	15	And Jesus, knowing of their intention to come to take him by force, and make him king, left them, and went up into the moun- tain, himself alone, to pray.
18	47	John	6	16	And when it was become late, his dis-
18	48	John	6	17	ciples went down unto the sea, and sitting in a boat they came across the sea unto Capernaum. And darkness prevailed, and
18	49	John	6	18	Jesus had not come to them. Now the sea was swelling against them on account of a
18	50	Matt	14	24	violent wind blowing: and the boat was many furlongs distant from the land, and they were much tossed about  by the waves ;
19	1	John	6	22	Tatian seems to have omitted tlie mention of Gennesareth (Mark vi. 53 and Matt. xiv. 34) as superfluous after the mention of Bethsaida in xviii. 44. He slightly transposes S. Mark for better order of 
19	6	Matt	14	29	waters. And Jesus said unto him, Come. And Cephas went down from the boat, and walked upon the water, to come to Jesus.
19	7	Matt	14	30	But when he saw the wind was strong, he was afraid ; and when he was near to sink, he lifted up his voice, and said. Lord, save
19	8	Matt	3	1	me. And immediately the Lord stretched forth his hand, and took hold of him, and said unto him, thou of little faith, where-
19	9	Matt	3	32	fore didst thou doubt ? And when Jesus had come near, he went up into the boat, himself and Simon, and immediately the
19	10	John	6	21	wind ceased. And they that were in the boat came, and worshipped him, saying. Of 11a truth thou art the Son of God. And straightway the boat arrived at the land, to
19	12	Mark	6	54	which they were going. And when they were come out of the boat unto the land, they marvelled greatly one with another, and „ \°
19	13	Mark	6	52	were amazed among themselves; for they had not imderstood concerning that bread, because their heart was hard.
19	14	Mark	6	55	And when the people of that country perceived the arrival of Jesus, they ran about that whole land, and began to bring on their beds those that were sick, where
19	15	Mark	6	5	they heard that he was. And whithersoever he entered into villages and into cities, they laid the sick in the streets, and besought him that they might touch even the fringe of his garment : and as ma
19	16	John	6	22	On the next day the multitude that stood on the other side of the sea, beheld, and there was no other boat there save that, into which the disciples had gone up ; and they heheld that Jesus had not go
19	17	John	6	23	his disciples into the boat; but there were other boats from Tiberias nigh unto the place, where they had eaten the bread, when
19	18	John	6	24	Jesus blessed it. When the multitude there- fore saw that Jesus was not there, nor his disciples, they went up into those boats, and
19	20	John	6	26	earnest thou hither? Jesus answered, and said unto them. Verily, verily, I say unto you, Ye have not sought me, because ye saw the signs, but because ye ate of the bread,
19	21	John	6	27	and were filled. Work not for the food which perisheth, but for the food which abideth unto eternal life, which the Son of man shall give unto you : him God the
19	22	John	6	28	Father hath sealed. They said imto him, What shall we do, that we may work the
19	23	John	6	29	work of God? Jesus answered, and said unto them. This is the work of God, that ye
19	24	John	6	30	believe in him whom he hath sent. They said unto him, What sign hast thou done, that we might see and believe in thee ? what
19	25	John	6	31	hast thou wrought? Our fathers ate the manna in the wilderness, as it is written, He gave them bread out of heaven to eat.
19	26	John	6	32	Jesus said unto them, VerUy, verily, I say unto you, Moses gave you not the bread out of heaven ; but my Father giveth  you the
19	27	John	6	32	true bread out of heaven. The bread of „ tT) God is that which cometh* down out of heaven, and giveth life unto the world.
19	28	John	6	34	They said unto him. Lord, give us this bread
19	29	John	6	35	always. Jesus said unto them, I am the bread of life : he that cometh to me shaU not hunger, and he that beUeveth in me
19	30	John	6	36	shall never thirst. But I said imto you,
19	31	John	6	37	Ye have seen me, and believe not. Every- thing which my Father hath given me shall come unto me ; and him that cometh to me
19	32	John	6	38	I wUl not cast out. For I am come down from heaven not to do mine own will, but to
19	33	John	6	39	do the wUl of him that sent me. And this is the will of him that sent me, that I should lose nothing of what he hath given me, but
19	34	John	6	40	should raise it up in the last day. This is the will of my Father, that every one that seeth the Son, and believeth in him, should have eternal life ; and I will raise him up in the last day.
19	35	John	6	41	The Jews therefore murmured concerning him, because he had said, I am the bread
19	36	John	6	42	which came down out of heaven. And they said. Is not this Jesus, the son of Joseph, whose father and mother we know ? how then doth this man say. Surely I am come
19	37	John	6	43	down out of heaven ? Jesus answered, and said unto them, Murmur not with one
19	38	John	6	44	another. No man can come to me, unless the Father which sent me draw him : and I
19	39	John	6	45	will raise him up in the last day. It is written in the prophet. They shall all be taught of God. Everyone that listeneth to the Father, and learneth from him, cometh
19	40	John	6	46	unto me. Not that any man seeth the Father, save he which is from God : he it is
19	41	John	6	47	that seeth the Father. Verily, verily, I say unto you. He that beheveth ia me hath
19	42	John	6	48	eternal life. I am the bread of life.
19	43	John	6	49	Your fathers did eat the manna in the
19	44	John	6	50	wilderness, and they died. This is the bread which cometh down out of heaven, that a man may eat thereof and not die.
19	45	John	6	51	I am the bread of life which came down out of heaven : and if any man eat of this bread, he shall live for ever : and the bread  This is made the commencement of John vi. 52 (as in the Vulgate), and t
19	46	John	6	52	The Jews therefore strove one with another, saying, How can he give us his
19	47	John	6	53	body to eat? Jesus said unto them, Verily, verily, I say unto you. Except ye eat the body of the Son of man, and drink his blood, ye
19	48	John	6	54	shall not have life in yourselves. He that eateth of my body, and drinketh of my blood, hath eternal life ; and I will raise
19	49	John	6	55	him up in the last day. My body is food indeed, and my blood is drink  indeed.
19	50	John	6	56	He that eateth my body, and drinketh my
19	51	John	6	57	blood, abideth in me, and I in him. Even as the living Father sent me, and I live because of the Father, he that eateth me,
19	52	John	6	58	he also shall live because of me. This is the bread which came down from heaven : but not in that way wherein your fathers did eat manna, and died : he that eateth of
19	53	John	6	59	this bread shall live for ever. This said he in the synagogue, as he taught in Capernaum.
19	54	John	6	60	And many of his disciples, when they heard this, said, Surely this saying is hard ;
20	1	John	6	61	who can hear it ? But Jesus, knowtag in himself that his disciples murmured about this, said unto them. Doth this cause you to
20	2	John	6	62	stumble ? What then if ye see the Son of man ascendiag to the place, where he was
20	3	John	6	63	before ? It is the spirit that quickeneth ; but the body profiteth nothing : the saying that I speak unto you is spirit and life.
20	4	John	6	64	But some of you do not believe. For Jesus knew beforehand who they were that be- lieveth not, and who would betray him.
20	5	John	6	65	And he saith unto them. For this cause have I said unto you. No man can come unto me, except this be given unto him of the Father.
20	6	John	6	66	And because of this word many of the disciples turned back, and walked not with
20	7	John	6	67	him. Jesus said therefore unto the twelve,
20	8	John	6	68	Do ye also wish to go away ? Simon Cephas answered, and saith. Lord, to whom shall we go? thou hast the words of eternal life.
20	9	John	6	69	And we have believed, and know that thou art the Christ, the Son of the living God.
20	10	John	6	70	Jesus said unto them, Did not I choose you,
20	12	Luke	11	37	And as he spake, a certain Pharisee came, and asked him to eat with him : and he
20	13	Luke	11	39	went in and lay down to meat. And the Pharisee, when he saw him, marvelled that he had not first purified himself, before he 14ate. Jesus saith unto him, Now do ye Pharisees cleanse the outside of the
20	16	Luke	11	41	Now give your substance as alms, and all things are clean unto you.
20	17	Mark	7	1	And there came up to him Pharisees and
20	19	Mark	7	3	they found fault with them. For all the Jews and Pharisees, unless they wash their hands thoroughly, eat not, because they hold
20	20	Mark	7	4	to the tradition of the elders: and that which is bought from the market, except they wash it, they eat not : and many other things they keep of those which they have received in the way of washings o
20	21	Mark	7	5	And the scribes and Pharisees asked him, Why walk not thy disciples accordiag to the traditions of the elders, but eat bread with-
20	22	Matt	15	3	out having washed their hands? Jesus answered, and said unto them, Why do ye also transgress the commandment of God
20	23	Mark	7	10	because of your tradition? God said, Honour thy father and mother: and. Who- soever shall speak evU of his father and his
20	24	Mark	1	1	mother, let him die the death : but ye say, If a man shall say concerning  his father or mother. Whatsoever he receiveth  from me
20	25	Mark	1	12	is Corban,* they do not allow him to do
20	26	Mark	1	12	anything for his father and mother. They „* 13 also make void and reject the word of God, because of the tradition, which ye have delivered and commanded about the washing of cups and measures : and m
20	27	Mark	1	8	things ye do. For leaving the command- ment of God, ye hold fast the tradition of
20	28	Mark	1	9	men. Do ye well, when ye transgress against the commandment of God, that ye
20	29	Matt	15	7	may keep your tradition? Ye hypocrites, well did Isaiah the prophet prophesy of you, saying,
20	30	Matt	15	8	This people honoureth me with their lips ; But their heart is very far from me.
20	31	Matt	15	9	But in vain do they reverence me, Teaching the commandments of men.
20	32	Mark	7	14	And Jesus called unto him the whole multi- tude, and said unto them, Hear me all of
20	33	Mark	7	15	you, and understand: there is nothing out- side the man that, going into him then, can defile him : but that which prooeedeth out
20	34	Mark	7	16	of him, that is what defileth the man. If any man hath ears to hear, let him hear.
20	35	Matt	15	13	Then his disciples came near, and said unto him, Knowest thou that the Pharisees that heard this saying, were filled with indigna- 36tion? He answered, and said unto them, Every plantrog which my Fath
20	37	Matt	15	14	Let them alone: for they, whilst they are blind, lead the blind. And if a blind man guide a blind man, both fall into a pit.
20	38	Matt	15	15	And when Jesus had entered into the house from the multitude, Simon Cephas asked him, saying unto him, Lord, explain
20	39	Matt	15	15	unto us this parable. He saith unto them, Mk, 7 18 Do ye also so comprehend not ? Under- stand ye not that everything entering the man from without cannot render him un-
20	40	Matt	15	19	clean ; because it entereth not into his heart; it goeth into his stomach only, and from thence is cast out in purgation, which
20	41	Matt	15	18	maketh all meats clean? That which proceedeth out of a mans mouth, cometh forth out of the heart; and this is what
20	42	Matt	15	18	defileth the man. From within, out of the Mk. 7 2 1 heart of men, evil thoughts proceed,
20	43	Matt	15	22	adulteries, fornications, thefts, false wit- ness, murders, injustice, wickedness, deceit, folly, an evil glance, railing, pride, foolish-
20	44	Matt	15	23	ness : all these evil things proceed from within out of the heart ; and these are what
20	45	Matt	15	20	defile the man. But if any one eat without having washed his hands, he is not defiled.
20	46	Matt	15	20	And Jesus went out thence, and came into jk  * the borders of Tyre and Sidon. And he entered into a house, and was unwilling that any one should know about him : and he could not THE DIATESSARON. 1 25
20	47	Matt	15	20	be hid. Por straightway a woman of Canaan  Mk. 725 heard of him, whose daughter had an unclean
20	48	Matt	15	22	spirit. And the woman was a Gentile from 49Hemesen2 of Syria. And she came out, and cried after him, saying. Have mercy on me, Lord, thou son of David; my daughter is very grievously vexed with a
20	50	Matt	15	23	devil. And he answered her not a word. And his disciples came near, and besought him, saying, Send her away, for she crieth
20	51	Matt	15	24	after us. He answered, and said unto them, I was not sent but unto the sheep that have wandered from the house of Israel.
20	52	Matt	15	25	But she came and worshipped him, saying,
20	53	Matt	15	26	Lord, help me, have mercy on me. Jesus said unto her. It* is not good that the childrens bread should be taken, and cast
20	54	Matt	15	27	to the dogs. But she said. Yea, Lord: even the dogs eat of the crumbs which fall from
20	55	Matt	15	28	their masters table, and live. Then Jesus saith unto her, woman, great is thy faith :
20	56	Matt	15	28	"be it done unto thee even as thou wUt. Go, Mk. 7 SQ*"" and for this saying the devil is gone out of"
20	57	Matt	15	28	thy daughter. And her daughter was healed
20	58	Mark	7	30	in that hour. And the woman went away unto her house, and found her daughter laid upon the bed, and that the devil was gone out of her.
21	1	Mark	7	31	And again Jesus went out from the borders of Tyre and Sidon, and came unto the sea of Galilee, towards the borders of
21	2	Mark	7	32	"DecapoUs. And they brought unto him a deaf and dumb -man ; and sought from him  Lit. "" a Cananaea woman. of the Greek for Syrophcenician. The name Justa is given to this woman in the Clementine HormiU"
21	3	Mark	7	33	heal him. And leading him out from the multitude, he went away by himself, and spitting on his own fingers, put them into
21	4	Mark	7	34	his ears, and touched his tongue ; and look- ing up into heaven, he sighed, and saith
21	5	Mark	7	35	unto him. Be opened. And in that hour his ears were opened, and the bond of his tongue was loosed, and he spake readily.
21	6	Mark	7	36	And Jesus charged them much, that they should tell this to no man : and all things, which he forbade them, they published the
21	7	Mark	7	36	more. And they were much astonished, „ 2)1 saying, He doeth all things well : he hath made even the deaf to hear, and the dumb to speak.
21	8	John	4	4	And as he was passing through the land
21	9	John	4	5	of Samaria, he came to a city of the Samaritans, that is called Sychar, near to the parcel of ground that Jacob gave to his
21	11	John	4	7	The time was about the sixth hour. And there came a woman of Samaria to draw water : Jesus said unto her, Give me water ,
21	12	John	4	8	that I may drink. Now his disciples were gone into the city to buy themselves food.
21	13	John	4	9	The Samaritan woman therefore said unto him. How dost thou, since thou art a Jew, ask of me, which am a Samaritan woman, to give thee to drink ? (For Jews have no  MS. W has a similar reading.
21	14	John	4	10	dealings with Samaritans.) Jesus answered, and said unto her, If thou knewest the gift of God, and who it is that said to thee. Give me to drink ; thou wouldest have asked of him, and he would have gi
21	20	John	1	16	from hence. Jesus said unto her. Go, and
21	21	John	1	17	call thy husband, and come hither. She said unto him, I have no husband. Jesus said unto her, Thou saidst well, I have no
21	22	John	1	18	husband: thou hast had five husbands ; and he whom thou now hast is not thy husband:
21	23	John	1	19	and in this thou spakest truly. The woman said unto him, Sir,I see that thou art a prophet.
21	24	John	1	20	Our fathers worshipped in this mountain ; and ye say, that at Jerusalem is the place
21	25	John	1	21	where men ought to worship. Jesus said unto her, woman, believe me, the hour Cometh, when neither in this mountain, nor in Jerusalem, shall ye worship the Father.
21	27	John	1	23	tion is from the Jews. But the hour shall come, and now is, when the true worshippers shall worship the Father in spirit and truth :
21	28	John	4	24	For God is a Spirit: and they that worship him, must worship him in spirit and truth.
21	29	John	4	25	The woman said unto him, I know that the Messiah will come : when therefore he is
21	30	John	4	26	come, he will teach us all things. Jesus said unto her, I that speak with thee, am
21	32	John	4	28	speakest thou with her? And the woman left her waterpot, and went away into the
21	33	John	4	29	city, and said to the men, Come, and see a man which told me all things that I have
21	34	John	4	30	done. Perhaps he is the Messiah ? And some went out of the city, and came to him.
21	35	John	4	31	In the meanwhile his disciples besought
21	36	John	4	32	him, sayiag unto him. Master, eat. But he said unto them, I have food to eat, that ye
21	37	John	4	33	know not. The disciples therefore said one to another. Hath any man brought him
21	39	John	4	35	me, and to accomplish his work. Say not ye, that there are yet four months, and the harvest will come ? behold, I say unto you, hft up your eyes, and see the countries, that they are white ; for the h
21	40	John	4	36	before the time. And he that reapeth re- ceiveth his hire, and gathereth the fruit of life eternal; and he that soweth, and he
21	41	John	4	37	that reapeth, rejoice together. For herein is the saying true, There is one that soweth,
21	42	John	4	38	and there is another that reapeth. I sent you to reap that whereon ye have not laboured : others have laboured, and ye have entered into their labours.
21	43	John	4	39	And from that city many of the Samari- THE DIATESSARON. 1 29 tans believed on him because of the word of the woman, who bare witness and said, He told me all things that I have done.
21	44	John	4	40	And when the Samaritans were come unto him, they besought him to abide with them :
21	45	John	4	41	and he abode with them two days. And many believed on him because of his speech ;
21	46	John	4	42	and they said to the woman, Now we be- lieve on him, not because of thy saying : for we ourselves have heard, and know that this is indeed the Messiah, the Saviour of the world.
21	47	John	4	43	And after the two days Jesus went forth from thence, and departed into Galilee.
21	48	John	4	44	Now  Jesus had testified that a prophet
21	49	John	4	45	hath no honour in his own country. When therefore he was come unto Galilee, the GaHlaeans received him.
22	1	John	4	45	And when Jesus was come to a certain Lu. 5 1 2 village, there came near unto him a man full of leprosy :  and falling down at his feet, he besought him, saying, If thou wilt, thou
22	2	Mark	1	41	canst make me clean. And Jesus had com- passion on him, and stretched forth his hand, and touched him, and said, I will that thou
22	3	Mark	1	42	be made clean. And straightway the leprosy departed from him, and he was made clean.
22	4	Mark	1	43	And he strictly charged him, and sent him
22	5	Mark	1	44	out, and said unto him. See thou tell no man : but go thy way, show thyself to the priests, and offer for thy cleansing an offer- ing, even as Moses commanded, for their
22	6	Mark	1	45	testimony. But he went out, and began to publish it much, and to spread abroad the
22	7	Mark	1	45	without in a desert place : and much people Lu.  l came to him from many places to hear his word, and to be healed of their infirmities.
22	8	Mark	1	45	And he withdrew himself from them into „ i6 the desert, and prayed.
22	9	Mark	1	45	After that there was a feast of the Jews, Jn. 5 i and Jesus went up to Jerusalem.
22	10	Mark	1	2	Now there was at Jerusalem a place pre- pared for bathing, which is called in Hebrew
22	11	Mark	1	3	Baitharrahmat, having five porches. In these lay a great multitude of them, that were sick, blind, lame, and withered, waiting for
22	12	Mark	1	4	the moving of the water. For the angel went down at fixed seasons  into the place of bathing, and moved the water. And the first who should go down after the move- ment of the water, all the infirmiti
22	13	Mark	1	5	were in him were cured. And a certain man was there, that was already suffering from a disease for thirty and eight years.
22	14	Mark	1	6	When Jesus saw him lying, and had learnt that he had it a long time,* he said unto him, Wishest thou to be made whole ?
22	15	Mark	1	7	The sick man answered, and said. Yea, Lord, I have no man, when the water is moved, to put me into the bath : but while I am coming, another passeth before me, and goeth
22	16	Mark	1	8	down. Jesus said unto him. Arise, take up
22	17	Mark	1	9	"thy bed, and walk. And straightway the man was made whole, and arose, and took up his bed, and walked. Now that day was ■which the translator should have left unchanged, especially after saying "" in H"
22	18	John	5	10	the sabbath. And when the Jews saw him that had been healed, they said unto him, It is the sabbath day: thou hast no right
22	19	John	1	1	to take up thy bed. He answered, and said unto them. He that made me whole, the same said unto me, Take up thy bed, and
22	20	John	1	12	"walk. They asked him therefore, ""Who is the man that said unto thee, Take up thy bed,"
22	22	John	1	14	there. And after two days Jesus met him in the temple, and said imto him. Behold, thou art whole, sin no more, lest something
22	23	John	1	15	worse befall thee. And the man went away and told the Jews, that it was Jesus, who
22	24	John	1	16	made him whole. For these things did the Jews persecute Jesus, and sought to kill him, because he did these things on the
22	25	John	1	17	sabbath. But Jesus said unto them. My Father worketh until now, and I also work.
22	26	John	1	18	And for this especially the Jews sought to kill him, not only because he brake the sabbath, but also because he said God was his Father, and made himself equal with
22	27	John	1	19	God. Jesus answered, and said unto them, Verily, verily, I say unto you. The Son can do nothing of himself, but whatsoever he seeth the Father doing: whatsoever the Father doeth, this the Son also doe
22	28	John	1	20	Hke manner. The Father loveth his Son, and sheweth him all things that himself doeth : and greater works than these will
22	29	John	1	21	he shew him, that ye may marvel. For even as the Father raiseth the dead, and quickeneth them, so the Son also quickeneth
22	30	John	1	22	whom he wiU. For neither doth the Father judge any man, but he hath given all judg-
22	31	John	1	22	ment unto the Son ; that all may honour the Jn. 623 Son, even as they honour the Pather. And he that honoureth not the Son honoureth
22	32	John	1	24	not the Father which sent him. Verily, verily, I say unto you. He that heareth my word, and believeth him that sent me, hath eternal life, and shall not come into judg- ment, but shall pass from death
22	33	John	1	25	Verily, verily, I say unto you. The hour shall come, and now is, when the dead shall hear the voice of the Son of God ; and who-
22	34	John	1	26	soever hear shall live. For even as the Father hath life in himself, so gave he to
22	36	John	1	28	he is the Son of man. Marvel not at this: namely the arrival of the hour, in which all that are in the tombs shall hear his voice,
22	37	John	1	29	and shall come forth; they that have done good, unto the resurrection of life ; but they that have done evil, unto the resurrection of judgment.
22	38	John	1	30	I can of myself do nothing : but even as I hear, I judge : and my judgment is righteous. I seek not mine own will, but
22	39	John	1	31	the will of him that sent me. If I bear witness of myself, my witness is not true.
22	40	John	1	32	It is another that beareth witness of me; and I know that the witness which he
22	41	John	1	33	beareth of me is true. Ye have sent unto John, and he hath borne witness unto the
22	42	John	1	34	truth. But I seek not witness from man: howbeit I say this, that ye may be saved.
22	43	John	1	35	He was the lamp that burneth and shine th : and for the while ye were willing to boast
22	44	John	1	36	in his light. But I have witness greater than that of John : the works which the Father hath given me to accomplish them, the very works that I do, bear witness of
22	45	John	1	37	me, that the Father hath sent me. And the Father which sent me, himself hath borne witness of me. Ye have neither heard his voice at any time, nor seen his
22	46	John	5	38	form. And his word is not confirmed in you : for whom he sent, him ye believe not.
22	47	John	5	39	Seek ye the scriptures, in which ye boast that ye have eternal life ; and they are they
22	48	John	5	40	which bear witness of me ; and ye are un- willing to come to me, that ye may have
22	49	John	5	41	eternal life. I seek not glory from men.
22	50	John	5	42	But I know you, that the love of God is
22	51	John	5	43	not in you. I am come in my Fathers name, and ye received me not : but if another come in his own name, him ye will receive.
22	52	John	5	44	How can ye believe, which  receive glory one of another, and seek not glory from
22	53	John	5	45	the only God ? Think ye that I am going to accuse you to the Father ? there is one that accuseth you, emn Moses, in whom ye
22	54	John	5	46	boast. If ye had believed Moses, ye would have believed me also ; of me Moses wrote.
22	55	John	5	47	But if ye believe not his writings, how shall ye believe my words ?
23	1	Matt	15	29	And Jesus departed thence, and came nigh unto the sea of Galilee ; and he went up
23	2	Matt	15	30	into the mountain, and sat there. And there came unto him great multitudes, having with them the lame, blind, dumb, withered, and many others, and they cast them down
23	3	Matt	15	30	at the feet of Jesus : for they had seen all Jn.  45 the signs that he did at Jerusalem, when they were assembled on the feast day : and Mt. 1 5 30
23	4	Matt	15	31	"he healed them all : and the multitudes wondered, when they saw the dumb speak- ing, the withered healed, the lame walking, and the blind seeing: and they magnified the God of Israel.  Or, "" seeing th"
23	5	Mark	8	3	And Jesus called his disciples together, and said unto them, I have compassion on this multitude, because they are continuing with me three days, and have nothing to eat: and I am unwilling to send th
23	6	Matt	15	33	them are come from far. His disciples said unto him, Whence should we have in the desert the bread, wherewith we may fill all
23	7	Matt	15	34	this multitude ? Jesus saith unto them, How many loaves have ye ? They said unto
23	8	Matt	15	35	him. Seven, and a few small fishes. And he commanded the multitudes to lie down
23	9	Matt	15	36	on the ground; and he took the seven loaves and the fishes ; and he blessed, and brake, and gave to his disciples to set before them ; and the disciples set tfrntn before the multi-
23	10	Matt	15	37	tudes. And they did all eat, and were filled : and they took up seven baskets full, which remained over of the broken pieces.
23	11	Matt	15	38	And they that did eat, were four thousand
23	12	Matt	15	39	men, besides women and children. And when the multitudes were gone away, he went up into the boat, and came into the borders of Magheda. 13 And the Pharisees and Sadducees came „ 16 l* unto him, and b
23	14	Matt	15	12	a sign from heaven, tempting him. And Jesus sighed in himself, and said, What sign seeketh this evil and adulterous genera- Mt. 16 i tion ? it seeketh after a sign ; and there shall no sign be given u
23	20	Matt	16	8	"with them. And Jesus perceiving it said unto them, ye of httle faith, why reason ye within yourselves, and are anxious because Mk. 8 1 7*"" ye have no bread ? do ye not yet perceive, nor understand ? i"
23	21	Matt	16	18	Having eyes, see ye not? and having ears, hear ye not ? and do ye not remember,
23	22	Matt	16	19	when I brake the five loaves unto the five thousand, how many baskets  full of broken pieces ye took up ? They said. Twelve.
23	23	Matt	16	20	He said unto them, And again the seven unto the four thousand : how many baskets  full of broken pieces took ye up ? They
23	24	Matt	16	20	said. Seven. He said unto them, How do yejig  not perceive, that I spake not to you con- cerning bread, but that ye should beware of the leaven of the Pharisees and Sadducees ?
23	25	Matt	16	22	Then understood they how that he said not, that they should beware of the leaven of bread, but of the teaching of the Pharisees and Sadducees, which he called leaven.*
23	26	Mark	8	22	After these things he came unto Beth- saida; and they brought to him a certain blind man, and besought him to touch him.
23	27	Mark	8	23	And he took hold of the blind mans hand, and brought him outside the village. And when he had spit on his eyes, and applied his own hand, he asked him, What seest
23	28	Mark	8	24	"thou ? And the blind man looked up,* and said unto him, I see men as trees walldng. * No MSS. support this reading, which is evidently due to Tatian. * Or, "" considered."""
23	29	Mark	8	24	And again he laid his hand upon his eyes, Mk. 825 and they were restored, and he saw all
23	30	Mark	8	26	things clearly. And he sent him away to his home, saying, Do not either enter into the village, or tell anyone in the same.
23	31	Mark	8	26	And Jesus went forth and his disciples „ 27° into the villages of Caesarea Philippi: and as he was walking in the way, himself and
23	32	Matt	16	13	his disciples apart, he asked his disciples, saying, What do men say concerning me,
23	33	Matt	16	14	that I, the Son of man, am? They said unto him. Some say John the Baptist ; and some, Elijah ; but others, Jeremiah, or one
23	34	Matt	16	15	of the prophets. He said unto them. But
23	35	Matt	16	16	ye, who say ye that I am? Simon Cephas answered, and said. Thou art the Messiah,
23	37	Matt	16	18	is in the heavens. And I say unto thee, that thou art the rock, and upon this rock I will build my church ; and the gates of the
23	38	Matt	16	19	lower world shall not subdue it. T will give unto thee the keys of the kingdom of the heavens, and whatsoever thou shalt bind on earth shall be bound in heaven : and what- soever thou shalt loose on e
23	39	Matt	16	20	loosed in heaven. And he charged his disciples, and warned them, that they should tell no man concerning him, that he was the Messiah.
23	40	Matt	16	21	And from that time Jesus began to show unto his disciples, how that he must go unto
23	41	Matt	16	21	Jerusalem, and suffer many things, and be Mk. 831  S. Luke supposes this question put shortly after the return of the twelve, who may very naturally have heard opinions expressed during their journey.
23	42	Matt	16	22	on the third day rise again. And he spake clearly. And Simon Cephas, as if sympath- isiag 1 with him, said. Be this far from thee,
23	43	Mark	8	33	Lord : and he, turning about, and looking at
23	44	Matt	16	23	his disciples, rebuked Simon, saying, Get thee behind me, Satan : thou art a stumbling block unto me : for thou thinkest not those things which belong to God, but those which belong to men.
23	45	Luke	9	23	And he called unto him the multitudes with his disciples, and said unto them. He that wisheth to come after me, let him deny himself, and take up his cross daily, and
23	46	Mark	8	35	follow me. And whosoever wisheth to save his life shall lose it ; but whosoever loseth his life for my sake, and for the sake of my
23	47	Luke	9	25	gospel, shall save it. What doth a man profit, if he gain the whole world, and lose
23	48	Mark	8	37	his own soul, or damage it? or what shall a
23	49	Mark	8	38	man give in exchange for his soul ? Who- soever shall deny me and my words in this sinful adulterous generation, the Son of man also shall deny him, when he cometh in the glory of his Father with the 
23	50	Matt	16	27	For the Son of man is about to come in the glory of his Father with his holy angels; and then shall he render unto every man according to his works.
24	1	Matt	17	8	6 afraid. And lifting up their eyes they saw Jesus even as he was.
24	3	Luke	13	32	1 my son ; he is my only one : for a spirit riseth unexpectedly upon him, and he be-
24	8	Mark	9	21	"No reason is apparent for the insertion of this incident between the Transfiguration and the cure of the demoniac boy. * Lit. "" meeteth evil."" "" Or, "" crieth out."" so? And he said, From youth even unt"
24	9	Mark	9	15	18 they drew near, and hastening for joy, saluted him.
24	13	Luke	9	36	And when this voice was heard, Jesus was
24	14	Matt	17	6	found alone. And when the disciples heard the voice, they feU on their face for the fear
24	15	Matt	17	7	which had seized them. And Jesus came, and touched them, and said. Arise, be not
24	17	Matt	17	9	And as they were coming down from the mountain, Jesus commanded them, and said unto them, Tell no man what ye have seen, until the Son of man riseth again from the
24	19	Mark	9	10	that which they had seen. And they reasoned among themselves. What is this word which he said unto us : When I shall
24	20	Mark	9	10	"have risen from the dead ? And his disciples „* 11"" asked him, saying, What is it then that the Mt. 17 lo"" scribes say, that Elijah must first come ?"
24	21	Mark	9	12	He saith imto them, Elijah wiU come first to restore all things ; and how it was written of the Son of man that he should sufier
24	22	Mark	9	13	many things and be rejected. But I say unto you, Elijah is come, and they knew him not, and did unto him whatsoever they
24	23	Mark	9	13	"wished, even as it is written of him. Even Mt. 17 la*"" so the Son of man is going to suffer from"
24	24	Mark	9	13	them. Then understood the disciples, that he had spoken unto them of John the Baptist.
24	25	Mark	9	14	And on the day whereon they came down from the mountain, there met him a multitude of many men, standing with his disciples; and the scribes were discussing
24	26	Mark	9	15	"with them. And when the men saw Jesus, evidently due to Tatian, this would imply that the first epistle of S. John was known to him. "" Or, Matt xvii. 10». * Or, ""put in order."" JJ 938 Mt."
24	27	Luke	13	31	In that very day there came certain of the Pharisees, saying to hitn, Get thee out, and go hence: for Herod seeketh to
24	28	Luke	13	32	kill thee. Jesus saith unto them. Go, and say to that fox. Behold, I cast out devils and perform cures to-day and to-morrow, and the third day I shall be perfected.
24	29	Luke	13	32	Howbeit I must be careful to-day and to- „ JiZ morrow, and depart the day following : for a prophet cannot perish outside Jerusalem.
24	30	Luke	13	32	And after that a man from the multitude came to him, and falling on his knees, said unto him, I beseech thee, Lord, look upon
24	32	Luke	13	32	Cometh lunatic, and feeleth HI.* And where- soever it falleth in with him, it dasheth him down : and he foameth, and grindeth with
24	33	Luke	9	39	"his teeth, and trembleth. And oft-times it Mt. 17 1 5"""" casteth him into the water and iato the fire to destroy him : and it hardly departeth"
24	34	Matt	17	16	from him after it hath torn him. And I brought him to thy disciples, and they could
24	35	Matt	17	17	not cure him. Jesus answered, and said, faithless and perverse generation, how long shall I be with you ? and how long shall I
24	36	Mark	9	20	bear with you ? bring thy son hither. And he brought him unto him : and when he saw him, straightway the spirit struck him ; and faUing on the ground, he raged and
24	37	Mark	9	21	foamed. And Jesus asked his father, How long time is it during which he Trnth been
24	38	Mark	9	21	now : but wherein thou canst, Lord, help me, Mk. 9 2 2*
24	39	Mark	9	23	and have compassion on me. Jesus saith unto him, If thou canst believe: then all thiags are possible to him that believeth.
24	40	Mark	9	24	And straightway, weeping, the father of the child cried out, saying, I believe, Lord ; help
24	41	Mark	9	25	thou my lack of faith. And when Jesus saw a running together of men, and their assembling together at the cry, he rebuked the unclean spirit, saying unto him, Thou deaf spirit which speakest not, I co
24	42	Mark	9	26	into him. And the spirit the devil, crying out much, and rending him, went out : and the child fell as dead; and many thought
24	43	Luke	9	42	that he was dead. But Jesus took hirh by the hand, and raised him up, and gave him
24	44	Luke	9	43	to his father : and the boy was cured from Mt. 17:8 that hour. And they were all astonished at the greatness of God.
24	45	Mark	9	28	And when Jesus had entered into the house, his disciples came near, and question- ing him between themselves and him, they said unto him. Why could not we cure him?
24	46	Matt	17	20	Jesus said unto them. Because of your lack of faith : verily I say unto you. If ye have faith as a grain of mustard seed, ye shall say unto this mountain, Eemove hence ; and it shall remove ; and noth
24	47	Mark	9	29	stand you: for this kind can be cast out by nothing, save by fasting and prayer.
24	48	Mark	9	30	And when he had gone forth from thence, they passed through Galilee ; and he was unwilling that any man should know about
24	49	Luke	9	44	"him. And  he taught his disciples, and said unto them, Keep ye these sayings in your that Jesus did."""
24	50	Luke	9	44	ears and hearts. For the Son of man shall Mk. 931 be delivered up into the hands of men, and they shall kill him ; and when he is killed,
24	51	Luke	9	45	he shall rise again on the third day. But they knew not the word, which he said unto them, for it was hidden from them, that they should not understand it: and they were afraid to ask him about this m
24	52	Matt	17	23	And they were exceeding sorry.
25	1	Luke	9	46	In that day this questioning arose among the disciples, for they said, Who of them
25	2	Luke	9	46	was the greater ? And when they were Mk. 933 come to Capernaum, and had entered into the house, Jesus saith unto them. What were ye reasoning among yourselves in the
25	3	Luke	9	34	way ? But they held their peace, since they had reasoned about this.
25	4	Matt	17	24	And when Simon was gone outside, they that received the didrachma  of the tribute, came to Cephas, and said unto him, Doth
25	5	Matt	17	25	not your master pay the didrachma ?  He saith unto them. Certainly. And when Cephas had entered into the house, Jesus anticipated him, saying unto him. What thinkest thou, Simon ? the kings of the ear
25	6	Matt	17	26	Simon said unto him, From strangers. Jesus said unto him. Therefore the sons are free. Simon saith unto him. Yea. Jesus said unto him. Give thou also unto them as if a
25	7	Matt	17	27	stranger. And lest it should distress them, go thou to the sea, and cast a hook ; and when thou hast opened the mouth of the fish that first cometh up, thou shalt find a stater: that take, and give it
25	8	Matt	18	1	"In that hour came the disciples unto Jesus, and said unto him. Who, think you,  Lit. ""two dirhems.""  Found in Cote Algerinae Peckover. is the greater in the kingdom of the"
25	9	Mark	9	36	heavens ? But Jesus, knowiag the reason- ings of their heart, called a child, and set him m the midst : and taking him into his
25	10	Matt	18	3	arms, he said unto them. Verily I say unto you. Except ye turn, and become as little children, ye shall not enter into the kingdom
25	11	Mark	9	37	of the heavens. Whosoever receiveth one like this child in my name, receiveth me : and whosoever receiveth me, receiveth not
25	13	Matt	18	6	But whosoever causeth one of these little ones which believe in me, to stumble, it were better for him if a great millstone should be hanged about his neck, and he should be sunk into the depth of the
25	14	Luke	9	49	John answered, and said, Teacher, we saw some one casting out devils in thy name; and we forbade him, because he foUoweth
25	15	Mark	9	39	thee not with us. Jesus saith unto them, Forbid him not : for there is no man that doeth mighty works in my name, and is able
25	16	Luke	9	50	quickly to speak evil of me. Everyone that
25	17	Matt	18	7	is not against you is with you. Woe unto the world because of strifes !  but woe to that man through whom the strife cometh !
25	19	Mark	9	44	for ever, where their worm dieth not, and
25	20	Matt	18	9	"their fire is not quenched. And if thine eye inserts before the missing part, "" It must needs be that good come, and blessed be he by whom it cometh."" It seems probable that some one struck out this l"
25	21	Mark	9	47	from thee : for it is better for thee to enter into the kingdom of God with one eye, than having two eyes to fall into the fire of
25	22	Mark	9	48	Gehenna, where their worm dieth not, and
25	23	Mark	9	49	their fire is not quenched. Everyone shall be salted with fire ; and every sacrifice shall
25	24	Luke	14	34	be salted with salt. How good is salt ! but if even the salt have lost its savour,
25	25	Luke	14	35	wherein shall it be salted ? It is fit neither for the land nor for the dung ; but it is cast out. He that hath ears to hear, let him
25	26	Luke	14	35	hear. Let there be salt in yourselves, and Mk. 9 50° be ye at peace one vdth another.
25	27	Luke	10	1	And he arose  from thence, and came into the borders of Judaea beyond Jordan : and great multitudes came unto him thither, and he healed them ; and, as he had been wont,
25	28	Luke	10	2	he taught them again. And there came unto him Pharisees, to tempt him, and say imto him. Is it lawful for a man to put
25	29	Luke	10	3	away his wife? He said. What did Moses
25	30	Luke	10	4	command you? They said, Moses gave us permission that, if any man wished, he might write a certificate of divorcement, and put
25	31	Matt	19	4	away his wife. Jesus answered, and said unto them. Have ye not read this. He which made them from the beginning, made them
25	32	Matt	19	5	male and female, and said. For this cause shall a man leave his father and mother, and shall cleave to his wife ; and they both shall
25	33	Matt	19	6	be one body? So that now they are not two, but one body. What therefore God hath joined together, let not man put
25	34	Matt	19	7	asunder. The Pharisees said unto him. Why did Moses consent that a certificate of
25	35	Matt	19	8	be put away? Jesus saith unto them, Moses for the hardness of your heart gave you permission to put away your wives : but in
25	36	Matt	19	9	the beginning it was not so. I say unto you. Whosoever shall put away his wife without fornication, and shall marry another,
25	37	Mark	10	10	exposeth her to adultery. And when he had entered into the house, his disciples asked
25	38	Mark	10	11	him also about the same thing. And he saith unto them. Whosoever shall put away his wife, and marry another, exposeth her
25	39	Mark	10	12	"to adultery : and if a woman shall put away her husbsuid, and marry another, she com- mitteth adulteiy : and whosoever manieth her Mt 19 q""* when she is put away, committeth adultery."
25	40	Mark	10	10	His disciples said unto him. If between a husband and a wife there is such blame, it is not expedient for a man to marry a wife.
25	41	Mark	10	11	He said unto them. All men do not endure this saying, but he to whom it was given.
25	42	Mark	10	12	There are eunuchs, which were so bom from their mothers womb : and there are eunuchs, which were made so by men : and there £ure eunuchs, which made themselves eunuchs for the sake of the kingdom of t
25	43	Mark	10	13	Then were there brought unto him little childi-en, that he should lay his hand on them, and pray: and the disciples rebuked
25	44	Mark	10	14	those that were bringing them. When Jesus saw it, it grieved him, and he saith unto them. Suffer the little children to come unto me, and forbid them not : for of such is the
25	45	Mark	10	15	kingdom of Grod. Yeiily I say imto you, Whosoever shall not receive the kingdom of Grod as this little child, he shall not enter
25	46	Mark	10	16	"into it And he took them up into his arms, and blessed them, laying his hand upon them.  Or, "" content"""
26	1	Mark	10	16	And the publicans and sinners drew near Lu. 15 i
26	2	Mark	10	2	unto him, to hear his word. And the scribes and Pharisees murmured, saying. This man receiveth sinners, and eateth with them.
26	3	Mark	10	3	And Jesus, when he had perceived their murmuring, said unto them this parable,
26	4	Mark	10	4	What man of you that hath a hundred sheep, if one of them wander, doth not leave the ninety and nine in the wilderness, and go and seek the straying one, until he find it ?
26	5	Mark	10	4	Verily I say unto you. When he findeth it, Mt. 1 8 1 3 he rejoiceth over it more than over the ninety
26	6	Luke	15	6	and nine which did not go astray. And he layeth it on his shoulders, and bringing it home, he caUeth together his friends and neighbours, saying unto them, Eejoice with me, for I have found my strayin
26	7	Luke	15	6	Even so your Father, which is in the heavens, Mt. 1 8 14 willeth not that one of these little ones should perish, whom after erring he caUeth
26	8	Luke	15	7	to repentance. I say unto you, that even so there shall be joy in heaven over one sinner that repenteth,more than over ninety and nine righteous persons, which need no repentance.
26	9	Luke	15	8	And what woman having ten drachmas, and losing one of them, doth not light a lamp, and sweep the house, and seek it dili-
26	10	Luke	15	9	gently until she find it ? And when she findeth it, she calleth together her friends and neighbours, saying unto them, Eejoice with me, for I have found my drachma,
26	11	Luke	15	10	which was lost. I say unto you, that even so there shall be joy in the presence of the angels of God over one sinner that repenteth, more than over ninety and nine righteous persons, which need no rep
26	12	Matt	18	34	servant, even as I had mercy on thee ? And his lord was wroth, and dehvered him to the tormentors, till he should pay everything
26	13	Matt	18	35	that he owed. So shall also my Father which is in heaven do imto you, if a man forgive not his brother from his heart his trespasses.
26	14	Luke	15	13	And after a few days the yoimger son gathered all together that belonged to him, and took his journey into a far country : and there he squandered his substance in hving
26	15	Luke	15	14	extravagantly. And when he had spent all, there arose a mighty famine in that coimtry,
26	18	Luke	17	17	standeth. And if he hear not even them, tell it unto the church : and if he hear not the church also, let him be unto thee as a
26	19	Luke	17	18	pubhcan and a heathen. Verily I say unto THE DIATESSARON. 1 51 you, What things soever ye shall bind on earth shall be bound in heaven : and what- soever ye loose on earth shall be loosed in
26	20	Luke	15	18	I am not worthy now to be called thy son: ,, 19
26	22	Luke	15	21	on his neck, and kissed him. And his son said unto him, My father, I have sinned against heaven, and in thy sight : and I am
26	23	Luke	15	22	not worthy to be called thy son. His father said to his servants. Bring forth the best robe, and put it on him ; and put a ring on his hand, and with shoes clothe his feet:
26	24	Luke	15	23	and bring the fatted calf, and kill it, that we
26	25	Luke	15	24	may eat, and make merry: for this my son was dead, and is ahve ; he was lost, and is
26	27	Luke	15	26	sound of the singing of many. And he called one of the lads, and asked him, What
26	28	Luke	15	27	is this? He said unto him, Thy brother hath arrived ; and thy father hath killed the fatted calf, because he hath found him well.
26	29	Luke	15	28	And he was angry, and would not go in: and his father came out, and intreated him
26	30	Luke	15	29	to enter. But he said to his father, So many years do I serve thee as a slave ; and I never transgressed thy commandment : and yet thou never gavest me a kid, that I might feast
26	31	Luke	15	30	with my friends : and after this thy son came, having squandered thy substance with harlots, thou Mlledst for him the fatted
26	32	Luke	15	31	calf. His father said unto him, My son, thou art ever with me, and all mine is
26	33	Luke	15	32	thine. But it was meet to rejoice and to feast, since this thy brother, that was dead, is now alive : and tJiat was lost, hath been found.
26	34	Luke	16	1	And he spake a parable unto his disciples, There was a certain rich man, and he had a steward, and he was denounced unto him,
26	35	Luke	16	2	that he had wasted his substance. His lord therefore called him, and saith unto him, What is this that I hear of thee ? give me the account of thy stewardship; for now thou
26	36	Luke	16	3	wilt not be able to be my steward. The steward saith within himself. What shall I do, seeing that my lord taketh away the stewardship from me ? I cannot dig ; and
26	37	Luke	16	4	to beg I am ashamed. I know what I will do, that when I am put out of the steward- ship, they may receive me into their houses.
26	38	Luke	16	5	Therefore calling unto him each one of his lords debtors, he said unto the first. How
26	40	Luke	16	7	write quickly fifty jars. And he said to the next, but how much owest thou unto my lord? He said unto him, A hundred cors of wheat. He said unto him. Take thy account, sit down and write fourscore cor
26	41	Luke	16	8	And his lord commended the steward of unrighteousness, because he had done a wise deed : for the sons of this world are in their own generation wiser than the sons of the
26	42	Luke	16	9	light. And I say unto you. Make to your- selves friends from the money of. this un- righteousness ; that, when it shall fail, they may receive you into the eternal tabernacles.
26	43	Luke	16	10	He that is faithful over a little is faithful also in much : and he that is unrighteous over a little is unrighteous also in much.
26	44	Luke	16	11	If therefore ye have not been faithful in the unrighteous money, who wiU commit to your
26	45	Matt	18	23	trust the true? If therefore ye have not been found faithful in that which is not your own, who will give you what is your own ? 27* 1 Therefore have I likened the kingdom of the heavens unto a certai
27	1	John	7	1	"Ciasca adds another "" seven times."" The Peschito adds "" and seven times."" Ephraem has ! seventy times seven seven times."""
27	2	John	7	1	"Addai alludes to this, saying, "" Let your solicitude for the young lambs be great, for their angels behold the face of the invisible Father."""
27	3	John	7	1	5 Jerusalem ? Nay : verily I say unto you. Except ye all repent, ye also shall perish even as they.
27	20	Matt	18	19	heaven. Again I say unto you, If two of you shall agree on earth to ask anything, it shall be done for them by my Father which
27	21	Matt	18	20	is in heaven. For where two or three are gathered together in my name, there am I
27	22	Matt	18	21	in the midst of them. Then Cephas came near, and said unto him, Lord, how often, if my brother sin against me, shall I forgive
27	23	Matt	18	22	him? until seven times? Jesus said unto him, I say not unto thee. Until seven times ;
27	24	Luke	12	47	but, Until seventy times seven times. For the servant, which knew his Lords wiE, and prepared not for him according to his will,
27	25	Luke	12	48	shall be punished much; but he that knew not, and did something worthy of punish- ment, shall be punished little. And every one, to whom much is given, of him shall much be required: and &mry one,, to
27	26	Luke	12	49	I came to cast fire upon the earth ; and I could wish that it were already kindled.
27	27	Luke	12	50	And I have a baptism to be baptized with; and I am much straitened till it be ac- complished.
27	28	Matt	18	10	See that ye despise not one of these little ones, which believe in me ; verily I say unto you. Their angels  always see the face
27	29	Matt	18	10	of my father which is in heaven. The Son „ II of man came to save that which was lost.
27	30	John	7	1	And after these things Jesus walked in Grahlee : for he would not walk in Judaea, because the Jews sought to kill him.
27	31	John	7	1	Now there came some which told him of Lu. 13 the Galilaeans, whose blood Pilate mingled
27	32	John	7	1	with their sacrifices. Jesus answered, and said-unto them, Think ye that these Galilaeans were sinners more than all the Galilaeans, so
27	33	John	7	1	that this happened unto them ? Nay: yerily I say unto you. Except ye also all repent,
27	34	John	7	1	ye shall in Hke manner perish. Or those eighteen, upon whom the tower in SiLoam feU, and killed <Aem, think ye that they were guilty more than all the men that dwell in
27	36	John	7	1	And he spake this parable unto them, A certain man had a fig-tree planted in his vineyard ; and he came seeking fruit thereon,
27	37	John	7	1	and found none. And he said unto the husbandman. Behold, for three years T come seeking fruit on this fig-tree, and find none : cut it down ; why doth it leave the ground
27	38	John	7	1	unoccupied? The husbandman said imto him. Sir, let it alone this year also, that I
27	39	John	7	1	may dig about it, and dung it : and if indeed it bear fruit, well : but if not, next year cut it down.
27	40	John	7	1	And when Jesus was teaching on the „ lO
27	41	John	7	1	sabbath day in a certain synagogue, there was „ II a woman there, which had a spirit of infirmity eighteen years ; and she was bowed together,
27	42	John	7	12	and could not raise herself up. And when Jesus saw her, he called her, and saith unto her, woman, be set free from thine in-
27	43	John	7	13	firmity. And he laid his hand upon her : and immediately she was raised up, and glorified
27	44	John	7	14	God. The ruler of the synagogue, being moved with indignation because Jesus had healed on the sabbath, answered and said to  This passage seems correctly put before leaving GalUee for the Feast of Tab
27	45	Luke	13	15	sabbath. But Jesus answering saith unto him. Ye hypocrites, doth not each one of you on the sabbath day loose his ox or his ass from the stall, and go away to give him
27	46	Luke	13	16	water? Ought not this woman, that is a daughter of Abraham, and whom Satan hath bound for eighteen years, to have been loosed from this bond on the day of the sabbath ?
27	47	Luke	13	17	And as he said this, all his adversaries standing by were put to shame : and aU the people rejoiced in all the marvellous things that were done by him.
28	1	John	7	2	At that time the Jews feast of Taber-
28	2	John	7	3	nacles was at hand. And the brethren of Jesus said unto him. Depart hence, and go into Judaea, that thy disciples may see the
28	3	John	7	4	works which thou doest. Surely no man doeth anything in secret, and wisheth to be known openly. If thou doest this, manifest
28	4	John	7	5	thyself to the world. For until this time even the brethren of Jesus did not believe in him.
28	5	John	7	6	Jesus said unto them. My time is not yet
28	6	John	7	7	come ; but your time is always ready. The world cannot hate you; but me it hateth, because I bear witness of it, that its works
28	7	John	7	8	are evil. Go ye up unto this feast : but I go not up now unto this feast, because my
28	8	John	7	9	time is not yet accomplished. He said this, and remained in Galilee.
28	9	Matt	19	1	But when his brethren were gone up unto „ lO* the feast, he removed from Galilee, and came into the borders of Judaea beyond Jordan ;
28	10	Matt	19	2	and great multitudes followed him; and he
28	11	Matt	19	2	"healed them all there. And he departed, Jn. 7 lO*"" and went to the feast, not openly, but like"
28	14	Matt	1	13	the people astray. Howbeit no man spake an open word concerning him for fear of the Jews.
28	15	Matt	1	14	But when the days of the feast of Taber- nacles were now dividing in half, Jesus went
28	19	Matt	1	18	1 speak from myself. He that speaketh from himself, seeketh glory for himself : but he that seeketh glory for him that sent him, is true, and unrighteousness is not found in
28	20	Matt	1	19	his heart. Did not Moses give you the law, and no one of you keepeth the law ?
28	21	Matt	1	20	Why do ye seek to kill me ? The multitude answered, and said unto him, Thou hast a
28	22	Matt	1	21	devil: who seeketh to kill thee? Jesus answered, and said unto them, I did one work, and ye all marvel because of this.
28	23	Matt	1	22	Moses hath given you circumcision (not that it is of Moses but of the fathers) ; and
28	24	Matt	1	23	on the sabbath ye circumcise a man. And if a man is circumcised on the day of the sabbath, so that the law  of Moses may not be broken ; are ye wroth with me because I made an entire man whole on the 
28	25	Matt	1	24	sabbath? Judge not according to appear- ance, but give a righteous decision.
28	26	Matt	1	25	"And some out of Jerusalem said. Is not  Arabic, "" sunna."""
28	27	John	7	26	this he whom they seek to kill? And lo, he speaketh openly to them, and they say nothing unto him. Think you, that our elders know that this man is really the
28	28	John	7	27	Messiah? But this man is known whence he is: now when the Messiah cometh, no
28	29	John	7	28	man will know whence he is. But Jesus lifting up his voice, while he was teaching in the temple, said, Ye both know me, and know whence I am ; and I am not come of myself, but he that sent me is true,
28	30	John	7	29	ye know not. But I know him; because I
28	32	John	7	30	yet come. But of the multitude many ,} 31 believed in him; and they said. Will the Messiah when he cometh, do more signs than those which this man doeth ?
28	33	Luke	12	13	And a certain man out of that multi- tude said unto the Lord, Teacher, tell my brother to divide the inheritance with me.
28	34	Luke	12	14	Jesus said luito him, Man, who appointed
28	35	Luke	12	15	me a judge and a divider over you ? And he said unto his disciples. Beware of every evU: for life consisteth not in the abund-
28	37	Luke	12	17	man brought forth abundant fruits : and he reasoned within himself, saying, What shall I do, because I have not a place where I can
28	39	Luke	12	19	and my goods. And I will say to my soul, * Repeated xxxiv. 48.  This passage seems to have been asserted here on account of its similarity of subject with what follows at ver. 42, etc. It is thus made
28	40	Luke	12	20	thyself. God said unto him, destitute of understanding, this night thy soul shall be taken away from thee ; and the things which thou hast prepared, whose shall they be ?
28	41	Luke	12	21	So is he that layeth up treasures for himself, and is not rich toward God.
28	42	Luke	12	21	And when Jesus had walked on his way, Mk. 17 there came near  to him a young man of the rulers, and fell upon his knees, and asked him, saying. Good Teacher, what shall I do
28	43	Luke	12	18	that I may have eternal life? Jesus said unto him, Why callest thou me good ? whereas there is none good save one, even
28	44	Matt	19	17	God. Thou knowest the commandments : * if thou desirest to enter into life, keep the
28	45	Matt	19	18	commandments.* The young man said unto him. Which commandments ?  Jesus said
28	46	Mark	10	19	unto him. Do not commit adultery, Do not steal. Do not kill. Do not speak false wit- ness. Do not defraud, Honour thy father and thy mother, and, Love thy neighbour as Mt. 19 \<
28	47	Mark	10	20	thyself. The young man said unto him, All these things have I guarded from my youth :
28	48	Mark	10	21	what is ihere then that I lack ? And Jesus looking upon him loved him, and said unto
28	49	Matt	19	21	him, If thou desirest to be perfect, one thing thou lackest, go away, sell all that thou hast, and give to the poor, and thou shalt have treasure in heaven : and take up
28	50	Matt	19	22	thy cross, and follow me. At this word the young man frowned, and he went away
28	51	Mark	10	23	sad; for he was very rich. And Jesus -j a* seeing his sadness, looked towards his dis- ciples, and saith unto them, How difficult it is for them that have riches to enter into the kingdom of God !
29	1	Mark	10	23	Verily I say unto you. It is difficult for Mt. \ 2- a rich man to enter into the kingdom of
29	2	Mark	10	24	heaven. And again I say unto you, It is easier for a camel to press through the eye of a needle, than for a rich man to enter
29	3	Mark	10	24	into the kingdom of God. And the dis- ciples were amazed at these words. But Jesus answered again, and said unto them. My children, how difficult it is for them that trust in their possessions to ente
29	4	Mark	10	26	the kingdom of God. And they that heard were the more astonished, saying among themselves, being now afraid. Who, think
29	5	Mark	10	27	you, can be saved ? And Jesus looking upon them, said unto them, With men this is not possible, but with God. God can do
29	6	Luke	18	28	all things. Simon Cephas saith unto him, Lo, we have left all, and followed thee :
29	7	Luke	18	28	what then shall we have ? Jesus saith j   unto them. Verily I say unto you. Ye which have followed me, iu the new world when the Son of man shall sit on the throne of his glory, ye also shall sit upon
29	8	Mark	10	29	of Israel Verily I say unto you. There is no man that leaveth houses, or brethren, or sisters, or father, or mother, or wife, or children, or kindred, or lands, for the king- dom of Gods sake, or for 
29	9	Luke	18	30	my gospels sake, and that doth not receive twice as many in this time and in the world
29	11	Mark	10	31	lasting life. Many fhat an first shall be last ; and the last first.
29	12	Mark	10	31	And when the Pharisees had heard all Lu. 16 14 these things, because they loved riches, they
29	14	Mark	10	19	And he began to say, A certain man was rich, and was clothed in silk and purple, and
29	17	Mark	10	22	And it happened that the beggar died, and the angels carried him into Abrahams bosom : and the rich man also died, and was
29	18	Mark	10	23	buried. And while he was tormented in the lower world, he lifted up his eyes from afar off, and saw Abraham, and Lazarus ia his
29	19	Mark	10	24	bosom. And he cried with a loud voice, and said. Father Abraham, have mercy on me, and send Lazarus, that he may wet the tip of his finger with water, and moisten my tongue ; for behold, I am scorched
29	20	Mark	10	25	this flame. Abraham said unto him, My son, remember that thou receivedst good things in thy lifetime, and Lazarus his calamities : but now behold, he resteth here,
29	21	Mark	10	26	but thou art tormented. Add to all these things, that between us and you a great
29	22	Luke	16	27	He said unto him, I beseech thee therefore, my father, to send hiTn imto my fathers
29	23	Luke	16	28	house: for I have five brethren; that he may go, lest they also sin, and come into
29	24	Luke	16	29	this place of torments. Abraham saith unto him, They have Moses and the
29	25	Luke	16	30	prophets; let them hear them. He said unto him. Nay, my father Abraham : but if one of the dead go to them, they will re-
29	26	Luke	16	31	pent. Abraham saith unto him. If they hear not Moses and the prophets, not even if one of the dead rise again, wiU they believe him.
29	27	Matt	20	1	The kingdom of heaven is like unto a man that is a householder, which went out early in the morning to hire labourers into his vine-
29	28	Matt	20	2	yard. And when he had made an agreement with the labourers for a penny a day for each labourer, he sent them into his vine-
29	29	Matt	20	3	yard. And he went out about the third hour, and seeiag others standing in the
29	30	Matt	20	5	marketplace idle, he said unto them. Go ye also into my vineyard, and that which is fair 311 will give you. And they went their way. And again he went out at the sixth and ninth hour, and did likewise
29	32	Matt	20	6	And about the eleventh hour he went out, and finding others standing idle, he said unto
29	33	Matt	20	7	them. Why stand ye all the day idle ? They said unto him, Because no man hath hired us. He said unto them. Go ye also into the vineyard; and that which is fair ye shall confusing of two similar Greek 
29	34	Matt	20	8	receive. And when even was come, the lord of the vineyard said unto his overseer, Call the labourers, and pay them their hire: begin indeed from the last, and continue
29	35	Matt	20	9	until the first. And the labourers of the eleventh hour came and received every man
29	36	Matt	20	10	a penny. And when the first were come, they supposed that they were going to receive more ; but they also received every man a
29	37	Matt	20	11	penny. And when they received it, they
29	39	Matt	20	13	burden. He answered one of them, and said, Friend, I do thee no wrong : didst not thou
29	40	Matt	20	14	agree with me for a penny? Take up that which is thine, and go thy way ; but it is my will to give unto this last, even as I have
29	41	Matt	20	15	given unto thee. Either have I not a right to do what I wUl about mine own business ? or perchance is thine eye evil, because I am
29	42	Matt	20	16	good? So the last shall be first, and the first last : many are called, and few chosen.
29	43	Luke	14	1	And when Jesus entered into the house of a certain ruler of the Pharisees on a sabbath day to eat bread, they were watch-
29	44	Luke	14	2	ing him to see what he would do. And there was before him a certain man which had
29	45	Luke	14	3	the dropsy. Jesus answered, and said unto the lawyers and Pharisees, Is it lawful to
29	46	Luke	14	4	heal on the sabbath ? But they held their peace. However he took him, and healed
29	47	Luke	14	5	him, and let him go. And he said unto them. Of which of you shall a son or an ox fall into a well on a sabbath day, and he will not straightway draw him up, and give make the eleventh hour correspond 
29	48	Luke	14	6	him to drink ? And they could not answer him a word unto these things.
30	1	Luke	14	7	And he set a parable before those which were bidden there, because he saw them
30	2	Luke	14	8	choosing out the chief couches : When any one bids thee to a feast, do not go to recline in the chief place of the assembly ; lest haply a more honourable man than thou be there,
30	3	Luke	14	9	and he that bade you, come and say to thee, Give this man place; and thou be put to shame in the presence of them that stand by, and another place shall receive thee.
30	4	Luke	14	10	But when thou art bidden, go and lie down last; that when he that hath bidden thee Cometh, he may say to thee. Friend, go up higher: and thou shalt have glory in the presence of all them that are invi
30	5	Luke	14	10	thee. For everyone that exalteth himself „* 11 shall be humbled, and every one that humbleth himself shall be exalted.
30	6	Luke	14	12	And he said to him that had bidden him, When thou makest a supper or a breakfast, call not thy friends, nor thy brethren, nor thy kinsmen, nor rich neighbours ; lest haply they also bid thee, and a re
30	7	Luke	14	13	made thee. But when thou makest a feast, bid the poor, the weak, the lame, and the
30	8	Luke	14	14	blind : and thou shalt be blessed ; because they have not from whence they may recom- pense thee: that thy recompense may be made in the resurrection of the righteous.
30	9	Luke	14	15	When one of them that were bidden had heard these things, he said unto him. Blessed is he that shall eat bread in the kingdom of God.
30	10	Luke	14	15	Jesus answering again in parables, said, Mt. 22 i the two parables of S. Matthew and S. Luke. The position he assigns to the result is not at variance with S. Luke, but is earlier than S. Matthew plac
30	11	Matt	22	2	The kingdom of the heavens is likened unto a certain king, which made a feast for his son, and prepared a great banquet, and
30	14	Matt	22	19	thee, let me go, for I am excused. And another said, I have bought five yoke of oxen, and I go to look at them : I beseech
30	15	Matt	22	20	thee to let me go, for I am excused. And another said, I have married a wife, and therefore I cannot come.
30	16	Matt	22	4	Again the king sent forth other servants, saying, Tell them that are bidden, My feast is prepared: my oxen and my fatlings are killed, and all things are ready : come to
30	17	Matt	22	5	the banquet. But they disregarded it, and went their ways, one to his farm, and an-
30	19	Luke	14	21	shamefully, and killed them. And one of the servants came, and told his lord that
30	20	Matt	22	7	which had happened. But the king, when he heard it, was wroth ; and he sent his armies, and they destroyed those murderers,
30	21	Matt	22	8	and burned their cities. Then saith he to his servants. The banquet is ready ; and they
30	22	Luke	14	21	that were bidden were not worthy. Go out quickly into the streets and lanes of the city, and bring in hither the poor and sick and lame and blind. And the servants did as
30	23	Luke	14	22	the king had commanded them; and they came, and said unto him. Lord, we have done whatsoever thou didst command, and yet b
30	24	Matt	22	24	there is room here. And the lord said unto his servants. Go out into the highways and lanes and wider roads, and whomsoever ye shall find, invite to the banquet, and con- Lu. 14 strain them to come in
30	26	Matt	22	10	my breakfast. And the servants went out into the highways, and gathered together all that they found, good and bad: and the banqueting house was filled with those re-
30	27	Matt	22	11	dining. But when the king came in to see those reclining, he saw there a man not
30	28	Matt	22	11	clothed in a wedding-garment : and he saith „ 1 2. unto him, Friend, how earnest thou in hither not having a wedding-gai-ment ? And he
30	29	Matt	22	13	was speechless. Then the king said to the attendants. Bind his hands and feet, and cast him out into the outer darkness ; there shall be the weeping and gnashing of teeth.
30	30	Matt	22	14	Many are called, and few chosen.
30	33	Matt	22	13	which stood afar off: and they hfted up their ciy, saying, Jesus, Master, have mercy
30	34	Matt	22	14	on us. And when he saw them, he said unto them, Go and shew yourselves unto the priests. And when they went, they wei-e
30	35	Matt	22	15	cleansed. And one of them, when he saw that he was cleansed, turned back, and with
30	36	Matt	22	16	a loud voice piaised God; and he fell upon his foee before the feet of Jesus, giAng him
30	37	Matt	22	17	thanks: and he was a Samaritan. Jesus answered, and said. Were not they that were cleansed ten ? and the nine, where ai-e they ? > Repeated from siii 9 with vaiiatian.  Part only, and \-aried. * Varie
30	40	Matt	22	19	made thee whole. And as they were iu the Mk.lO 32 way, going up to Jerusalem, Jesus was going before them : and they were amazed ; and they were following him afraid. And he took his twelve disciples 
30	41	Luke	18	31	happen unto him. For he saith unto them, We are going up to Jerusalem, and all the things that are written in the prophets con- cerning the Son of man shall be accomplished.
30	42	Mark	10	33	He shall be delivered unto the chief priests and the scribes; and they shall condemn him to death, and shall deliver him unto
30	43	Mark	10	34	the GentUes : and they shall mock him, and scourge him, and shall spit into his face:
30	44	Luke	18	33	they shall condemn him: they shall crucify and kUl him: and the third day he shall
30	45	Luke	18	34	rise again. And they understood none of these things ; but this saying was hid from them, and they knew not these things that were said.
30	46	Matt	20	21	Then came near to him the mother of the sons of Zebedee, herself and both her sons, and worshipped him, and asked some- thing of him. He said unto her. What wilt
30	47	Mark	10	35	thou? And there came near unto him James and John, her sons, and said unto him, Teacher, we wish that thou shouldest
30	48	Mark	10	36	do for us whatsoever we shall ask. He saith unto them, What will ye that I should
30	49	Mark	10	37	do for you ? They said unto him. Grant unto us that one may sit on thy right, and the other on thy left, in thy kingdom and
30	50	Mark	10	38	glory. But Jesus saith unto them. Ye
30	51	Mark	10	39	am going to be baptized with? They said imto him, We are able. Jesus saith unto them, The cup that I am going to drink ye shall drink; and with the baptism that I am going to be baptized with shall ye
30	52	Mark	10	40	baptized: but that ye should sit on my right and on my left is not mine to give : but it is for them for whom my Father hath
31	1	Mark	10	41	prepared it. And when the ten had heard it, they were moved with indignation at
31	2	Mark	10	42	James and John. And Jesus caUeth them, and saith unto them. Ye know that the chiefs of the Gentiles are their lords, and their rulers are those who have dominion
31	3	Mark	10	43	over them. It shall not be so among you : but whosoever shall wish to become the greater among you, let him be your minister :
31	4	Mark	10	44	and whosoever shall wish to be the first of
31	5	Matt	20	28	you, let him be the servant of all. Even as the Son of man also came not to be minis- tered unto, but to minister, and to give his life as a ransom for many.
31	6	Luke	13	22	He said these things, and went round the villages and cities, and taught, and made
31	7	Luke	13	23	a journey unto Jerusalem. And a certain man asked him. Are they few that shall be saved ? Jesus answered, and saith unto
31	8	Luke	13	24	them. Strive to enter in through the narrow gate : for I say unto you, Many shall seek to enter in, and shall not find it.
31	9	Luke	13	25	From the hour, when the master of the house shall rise up, and shut the door, ye shall be standing without, and shall knock at the door, and shall begin to say, Lord, open to us ; and he shall answer 
31	10	Luke	13	26	"ye are; and ye shall tegin to say, ""We did eat in thy presence, and drink, and thou"
31	12	Luke	13	28	There shall be the weeping and gnashing of teeth, when ye shall see Abraham, and Isaac, and Jacob, and all the prophets, in the kingdom of God, but yourselves cast forth
31	13	Luke	13	29	without. And they shall come from the east and west, and from the north and south, and shaU recline in the kingdom of God.
31	14	Luke	13	30	And then the last shall become first, and the first shall become last.
31	15	Luke	13	30	And when Jesus had entered and walked „ 19 i
31	18	Luke	13	4	And he made haste and went before Jesus, and climbed up into a sycomore tree to see Jesus : for so he was going to pass by.
31	19	Luke	13	5	And when Jesus was come to the place, he saw him, and said unto him, Zacchaeus, make haste, and come down ; to-day I must be in
31	20	Luke	13	6	thy house. And he made haste, and came
31	22	Luke	13	8	and remained. But Zacchaeus stood still, and said unto Jesus, Behold, the half of my goods. Lord, I give to the poor ; and what I have taken in excess from each man I
31	23	Luke	13	9	restore fourfold. Jesus saith imto him, To-day is salvation come to this house, for- asmuch as he also is a son of Abraham.
31	24	Luke	13	9	"For the Son of man came to seek and to „ lO save that which was lost.  Or, "" lies.  On this displacement of S. Lukes order see note to xxxi. 25."
31	25	Matt	20	29	And when Jesus went out from Jericho, Lu. 18 35 himself and his disciples, a great multitude
31	26	Mark	1	46	followed him, and a blind man was sitting by the wayside beting : and his name was
31	27	Luke	18	36	Bartimaeus,* the son of Timaeus. And hear- ing the sound of a multitude going by, he
31	28	Luke	18	37	inquired who it was. They said imto him,
31	29	Luke	18	38	Jesus of Nazareth passeth by. And when he had heai-d that it was Jesus, he cried with a loud voice, saying, Jesus, thou son of
31	30	Luke	18	39	David, have mercy on me. And they that were going in front of Jesus rebuked him, that he should hold his peace: but he cried Mk.lO 48 out the more, saying. Thou son of David,
31	31	Luke	18	49	have mercy on me. And Jesus stood %Ll, and commanded him to be called. And they called the blind man, saying unto him. Be of good cheer: rise, for behold, he calleth
31	32	Luke	18	50	thee. And the blind man, casting away his garment, stood up, and came to Jesus.
31	33	Luke	18	51	Jesus said unto him. What wilt thou that I should do unto thee ? And the blind man said unto him. My lord and master, that thou mayest open mine eyes, and I
31	34	Luke	18	42	may see the&* And Jesus had mercy on him, and touched his eyes, and said unto him, Eeceive thy sight: thy faith hath
31	35	Luke	18	43	made thee whole. And immediately he received his sight, and followed him, prais- ing Grod: and all the people that saw it, gave piaise unto God.
31	37	Luke	19	12	He saith unto them, A certain man of a noble family went into a far country, to receive for himself a kingdom, and to return.
31	38	Luke	19	13	And. when he had called his ten servants, he gave them ten minas, and saith unto them, Trade ye herewith until my arrival.
31	39	Luke	19	14	But his citizens hated him, and sent ambas- sadors after him, saying. We do not wish
31	40	Luke	19	14	this man to reign over us. And when he „ 1,5 came back again, having received the king- dom, he commanded the servants, unto whom he gave the money, to be called to him, that he might know how much ea
31	41	Luke	19	16	one had traded. And the iirst came, saying, Lord, thy mina hath acquired ten miaas
31	42	Luke	19	17	more. The king said unto him, thou good and faithful servant, who hast been found faithful in a very little, be thou
31	43	Luke	19	18	holding authority over ten districts. And another came, saying. Lord, thy mina hath
31	44	Luke	19	19	gained five minas. And to this man he said. Thou also shalt be holding authority
31	45	Luke	19	20	over five districts. And another came, say- ing. Lord, behold thy mina, which I kept
31	46	Luke	19	21	laid up in a napkin : I feared thee, because thou art an austere man : thou takest up that which thou layedst not down, thou exactest that which thou gavest not, and
31	47	Luke	19	22	reapest that which thou sowedst not. His lord said unto him. Out of thy mouth I judge thee, thou wicked servant, negligent * and destitute of confidence.* Thou knewest
31	48	Luke	19	22	which I sowed not; wherefore didst thou Lu, 19 23 not place my money at the bank, so that at my coming I might have exacted it with
31	49	Luke	19	22	interest ? And he said unto them that ,, 24 stood by. Take away from him the mina, and give it unto him that hath the ten
31	50	Luke	19	25	minas. They said unto him, Lord, he hath
31	51	Luke	19	26	ten minas. He saith unto them, I say unto you. Unto every one that hath shall be given ; but from him that hath not, even that which he hath shall be taken away
31	52	Luke	19	27	from him. Howbeit those mine enemies, which did not wish me to reign over them, bring hither, and slay them before me.
32	1	Luke	18	12	8 a publican. The Pharisee stood and prayed Lu. 1 8 1 1 thus with himself, Lord, I thank thee, that I am not as the rest of men, unjust, adulterers, 9 extortioners, or even as this publican. But I fas
32	2	Luke	18	10	"Placed a little earlier than the evangelists have it, but during the same visit to Jerusalem. ■• Or Mark xii. 43 slightly varied. * Lit. "" house."" * Omitting "" even all her living.""  S. Luke puts this"
32	3	John	1	1	7 and art ignorant of these things ? Verily, verily, I say unto thee. We speak that which we know, and testify that which we have
32	7	Mark	11	16	of thine house hath eaten me up. The Jn. 2 1 8 Jews answered and said unto him, What sign shewest thou unto us, that thou
32	8	Mark	11	19	sliouldest do this? Jesus answered, and said unto them. Destroy this temple, and in
32	9	Mark	11	20	three days I will raise it up. The Jews said unto him, In forty and six years was this temple built, and wilt thou raise it up
32	10	Mark	11	21	in three days? But he spake unto them of the temple of his body : that when they destroyed it, he would raise it up in three
32	11	Mark	11	22	days. And when he rose again from the dead, his disciples remembered that he had said this ; and they believed the scriptures,
32	12	Mark	12	41	and the saying that Jesus spake. And Jesus sat down  over against the treasury, and observed how the multitudes cast their offerings into the treasury : and many that
32	13	Mark	12	42	were rich cast in much. And there came a poor widow, and she cast in two mites.*
32	14	Mark	12	42	And Jesus called his disciples, and said unto Lu.* 21 3 them. Verily I say unto you. This poor widow cast in more than ihey all into the
32	15	Mark	12	44	treasury: for all these did cast in of the superfluity of their substance into the ark * of the offering of God ; but she of her want did cast all that she possessed.
32	16	Luke	18	9	"And he set before them this parable """" about certain which trusted in themselves that they were righteous, and despised the"
32	17	Luke	18	10	"rest. Two men went up into the temple to pray ; the one a Pharisee, and the other J Aphraates has, "" And Ha disciples understood that he spake of his hody, in that he would, after they had broken it, "
32	20	Luke	18	13	of all my substance. And the pubhcan, standing afar ofT, wo\}ld not lift up even his eyes imto heaven, but smote his breast, saying. Lord, be propitious to me the
32	21	Luke	18	14	sinner. I say unto you. This man went down to his house justified more than the Pharisee: Every  one that exalteth himself shall be humbled; and every one that humbleth himself shall be exalted.
32	22	Luke	18	14	And when evening was come, he left | jj(  21 17* them all, and went forth outside the city to Bethany, himself and the twelve, and was
32	23	Luke	18	14	there. And all the people, because they Lu.* 9 11 knew the place, came unto him; and he received them; and he healed those that
32	24	Mark	11	12	had need of healing. And on the morning after, when he returned from Bethany to
32	25	Mark	11	13	the city, he hungered. And he saw from afar beside the road a fig-tree having leaves, and he came to it, that he might find some- thing on it: and when he was come, he foimd nothing on it but leaves ;
32	26	Mark	11	14	not the season of figs. And he said unto it, Henceforward and for ever no man shall eat fruit from thee.* And his disciples heard it.
32	27	Mark	11	14	And they came to Jerusalem. -ijn. 3 \ there was there a man of the Pharisees, named Nicodemus,* a ruler of the Jews: » Cf XXX. 5 and xl. 40. * Tatian may have meant this for Mark xi 11*, espedaUy as M
32	28	John	3	2	this man came to Jesus by night, and said unto him, Teacher, we know that thou wast sent from God as a teacher: for no man can do these signs that thou doest,
32	29	John	3	3	except he with whom God is. Jesus answered, and said unto him, Verily, verily, I say unto thee, except a man be born anew, he cannot
32	30	John	3	4	see the kingdom of God. Nicodemus said unto him. How can a man be bom whe% he is old ? can he again enter a second time into his mothers womb, and be born ?
32	31	John	3	5	Jesus answered, and said imto him, Verily, verUy, I say imto thee, Except a man be born of water and the Spirit, he cannot
32	32	John	3	6	enter into the kingdom of God. That which is born of the flesh is flesh ; and that which is
32	33	John	3	7	born of the Spirit is spirit. Marvel not that I said unto thee, Ye must be born anew.
32	34	John	3	8	The wind bloweth where it will, and thou hearest the voice thereof, but knowest not whence it cometh, and whither it goeth : so is every one that is born of the Spirit.
32	35	John	3	9	Mcodemus answered, and said unto him,
32	36	John	3	10	How can this be? Jesus answered, and said unto him. Art thou a teacher of Israel,
32	38	John	1	12	seen; and ye receive not our witness. If I told you earthly  things, and ye believe not, how shall ye believe, if I tell you heavenly
32	40	John	3	14	And as Moses lifted up the serpent in the wilderness, even so is the Son of man about
32	41	John	3	15	to be lifted up : that everyone that believeth on him may not perish, but have eternal life.
32	42	John	3	16	God so loved the world that he gave his only Son, that everyone that believeth in him should not perish, but have eternal life.
32	43	John	3	17	God sent not his Son into the world to judge the world ; but that the world should
32	44	John	1	8	be saved through him. He that believeth in him is not judged : he that believeth not is judged already, because he believeth not
32	45	John	1	19	in the name of the only Son of God. This is the judgment : the light is come into the world, and men loved the darkness rather than the light; for their works were eviL
32	46	John	1	20	Everyone that worketh infamies hateth the light, and cometh not to the light, that his
32	47	John	1	21	works may not be reproved. But he that worketh truth cometh to the light, that his works may be recognised, that they have been wrought iu God.*
33	1	John	1	21	And when the eveniag was come, Jesus Mk.*ll 19 went forth outside the city, himself and his
33	2	John	1	20	disciples. And as they passed by in the morning, the disciples saw that fig-tree
33	3	Matt	21	20	withered away from the root. And as they went by, they said, How did the fig-tree
33	4	Matt	21	20	wither away already ? And Simon, calling Mk. 11 2 1 to remembrance, said unto him. Teacher,* behold, that fig-tree which thou ciirsedst, is
33	5	Matt	21	22	withered away. And Jesus answering saith not this clause ; but that is probable, as it is wanting in some of the best Greek MSS. * The Godjet FtUdensis inserts here John viii 1-H (the Woman taken in A
33	6	Matt	21	22	Verily I say unto you, If ye shall believe, Mk. 1 1 2 3 and shall not be undecided in your hearts, and shall hold it as certain, that whatsoever ye shall say is coming to pass, whatsoever ye shall say
33	7	Matt	21	21	Even if ye shall say unto this mountain, Eemove, and fall into the sea, it shall be
33	8	Matt	21	22	done. And all things, whatsoever ye shall ask of God in prayer, believing, he shall give you.
33	9	Matt	21	22	And the apostles said unto the Lord, In- Lu. 17 5
33	10	Matt	21	6	crease our faith. He said unto them, If there be in you faith as a grain of mustard seed, ye shall say unto this fig-tree, Be thou rooted up, and be thou transplanted into the
33	14	Matt	21	10	his thanks ? I think not. Even so ye also, when ye shall have done all the things that are commanded you, say. We are unprofitable servants ; we have done that which it was our duty to do.
33	15	Mark	11	24	Therefore I say unto you. All thiugs, whatsoever ye pray and ask for, believe that ye shall receive them, and they
33	16	Mark	11	25	shall be unto you. And when ye stand for praying, forgive that which ye have in
33	17	Mark	11	25	you also your trespasses. And if ye for- give not men their trespasses/ neither will your Father forgive you also your trespasses.
33	19	Mark	11	25	pray, and not be slothful. There was in a city a judge, which feared not God, and
33	20	Mark	11	25	regarded not men: and there was a widow in that city; and she came unto him, saying. Avenge me of mine adversary.
33	21	Mark	11	25	And he would not for a long time: after- wards he said withiu himself. Though I
33	22	Mark	11	25	fear not God, nor regard men, yet because of the importunity of this widow, I will avenge her, that she may not come per-
33	23	Mark	11	25	petually, and bring me weariness. And our Lord said. Hear what the judge of im-
33	24	Mark	11	25	righteousness said. And shall not God per- form still more the avenging of his elect, which cry to him day and night, and be
33	25	Mark	11	25	longsuffering in respect to them? I say vmto you, He will perform the avenging of them speedily. When the Son of man Cometh, think you he will find faith on the earth? 2» I And they came again to Jeru
33	28	Mark	11	28	"and they said unto him. Tell us: By what authority doest thou this? and who gave * Placed here because it relates to the subject of prayer now being re- ferred to. See Introduction, s Or, "" tarry."" ♦ "
33	29	Mark	11	28	thee this authority to do this ? And Jesus |- J |b saith unto them, I also will ask you one word ; and if ye tell me, I also will tell
33	30	Matt	21	25	ye by what authority I do this. The bap- tism of John, whence was it ? from heaven
33	32	Matt	21	26	us, Why did ye not beUeve him? But if we shall say. From men, we fear that all Lu. 20 &
33	33	Mark	11	32	the people may stone us: for all held, that
33	34	Mark	11	33	John was a true prophet. They answered, and said unto him. We know not. Jesus saith unto them, Neither tell I you by what authority I do these, things.
33	35	Matt	21	28	Whatthiokye? A certain man had two sons ; and he came to the first, and said unto him. My son, go to-day, and work  in the
33	36	Matt	21	29	vineyard. He answereth, and saith, I will not: but at last he repented himself, and
33	37	Matt	21	30	went. And he came to the other, and said unto him likewise. And he answered and
33	39	Matt	21	32	dom of Grod. John came unto you in the way of righteousness, and ye believed him not : but the publicans and the harlots be- lieved him : but ye, not even after ye had seen it, did ye at last repent, 
33	40	Matt	21	33	Hear another parable : There was a man, a householder, which planted a vineyard, and set a hedge about it, and digged a winepress
33	41	Luke	20	9	in it, and built a tower in it, and granted it to husbandmen, and was abroad for a long
33	42	Matt	21	34	time. And when the season of the fruits had come near, he sent his servant  to the husbandmen, that they might send him of
33	43	Mark	12	3	the fruits of his vineyard. But these hus- bandmen beat him, and sent him away empty.
33	44	Mark	12	4	And again he sent unto them another ser- vant; and they stoned and wounded him,
33	45	Matt	21	35	and sent him away shamefully handled. And again he sent another ; and him they kUled : and many other servants sent he unto them. 46And the husbandmen took his servants, and beat one, and stoned anoth
33	47	Matt	21	36	another. Again, he sent other servants more than the former : and they did unto
33	48	Luke	20	13	them in hke manner. And the lord of the vineyard said. What shall I do? I will send my beloved son : for perchance they
33	49	Mark	12	6	will see him, and reverence him. At last he
33	50	Matt	21	38	sent unto them his beloved son. But the husbandmen, when they saw the son, said
33	51	Luke	20	14	among themselves. This is the heir; and they said, Let us kill him, and the inherit-
33	52	Matt	21	39	anee will be ours. And they took him, and brought him forth outside the vineyard, and
33	53	Matt	21	40	killed him. When therefore the lord of the vineyard cometh, what will he do unto those
33	55	Matt	21	42	"their seasons.* Jesus said unto them, Did ye never read in the scripture, The stone which the builders rejected, The same was made into the head of the Lu. 20 17 corner :  Arabic, "" servants,"" but see"
33	56	Matt	21	42	This was done by God ; And it is marvellous in our eyes.
33	57	Matt	21	43	Therefore I say unto you, The kingdom of God shall be taken away from you, and shall be given to a nation bringing forth
33	58	Matt	21	44	fruits. And whosoever faUeth on this stone, shall be broken to pieces : but on whomsoever it shall fall, it will grind him
33	59	Matt	21	44	to powder. And when the chief priests and „ 4-5 the Pharisees had heard his parables, they
33	64	Matt	21	41	husbandmen? They said unto him. He will miserably destroy the miserable men, and will let out the vineyard imto other hus- bandmen, who will render him the fruits in
34	1	Luke	20	20	Then the Pharisees went away, and took counsel how they might catch him in Ais talk, and deliver him up to the authority of the court, and to the authority of the
34	2	Matt	22	16	governor. And they sent to him their disciples with the Herodians, saying unto him. Teacher, we know that thou art true, and teachest the way of God in truth, and carest not for anyone : for thou rega
34	3	Matt	1	7	"not man. Tell us therefore. What thinkest thou ? Is it lawful to give tribute unto Caesar, or not ? Shall we give, or shall Mk. 1 2 1 5"""
34	4	Matt	1	7	we not give ? But Jesus, knowing their craftiness, saith unto them. Why tempt ye
34	5	Matt	1	7	me, ye hypocrites ? Show me the tribute penny. And they brought unto him a
34	6	Matt	1	7	penny. Jesus saith unto them. Whose is
34	7	Matt	1	7	this image and inscription ? They said unto him, Caesars. He said unto them, Eender unto Caesar the things that are Caesars ; and unto God the things that are Gods.
34	8	Luke	20	26	"And they could not bring* it to pass that  Omitting Luke xx. 20, "" spies, which should feign themselves just men."" •■ Part of this is called 14, as in the Vulgate. Bring . . . fall,"" or "" succeed in m"
34	9	Matt	22	23	On that day there came Sadducees, and said nnto him. The dead have no life : and
34	11	Luke	20	29	raise up seed unto his brother. Now there were with us seven brethren : and the first took a wife, and died without children;*
34	14	Matt	22	27	leaving a child. And at the last of all of
34	15	Matt	22	28	them the woman also died. In the resur- rection therefore whose wife shall she be of these seven? for they all took her.
34	16	Matt	22	28	Jesus answered, and saith unto them. Do ye| »j r fj, not therefore err, because ye know not the
34	19	Luke	20	36	husbands : nor shall they be able to die any more : but they shall be even as the angels  and the sons of (Jod, because they have been
34	20	Mark	12	26	made sons of the resurrectioin. Moreover, concerning the resurrection of the dead, have ye not read in the book of Moses, how God said unto bim out of the bramble bush, I am the €tod of Abraham, and t
34	21	Mark	12	26	"Isaac, and the Ctod of Jacob? Now he is Lu. 20 3S not the Grod of the dead, but of the living : * Omittiiig Matt. rxii. 22, "" and left Mm, and went their wjiy."" l8o THE DIATESSARON. for all live with "
35	1	Mark	12	34	Modern harmoniaers do not combine these passages, but assign to S. Lukes incident an earlier place in the narrative, and thus avoid combining the two questions. Tatian puts the result in the order of 
35	2	John	7	38	and drink. Everyone that believeth on me, even as the scriptures say, out of his belly
35	3	Mark	12	38	greatest and- first commandment. But there, Mk. 1 2 3 1 is a second, which is like unto it. Thou shalt love thy neighbour as thyself. There is no other commandment greater than these.
35	4	John	7	40	Jesus had not yet been glorified. And many of the multitude that heard his words, said. This is of a truth the prophet. And
35	5	John	7	41	some said. This is the Messiah. But others said, Shall the Messiah come from Galilee ?
35	6	John	7	42	Doth not the scripture say that the Messiah shall come of the offspring of David, and
35	7	John	7	43	from Bethlehem the village of David ? So there arose a disagreement in the multitude
35	8	John	7	44	because of him. And some of them wished to take him ; and no man laid hand on him.
35	9	John	7	45	And the soldiers came to the chief priests and Pharisees; and the priests said unto
35	11	John	7	47	man speaketh. The Pharisees said mito
35	14	John	7	50	not the law, who are accursed ? Nicodemus, one of themselves, who came to Jesus by
35	17	Matt	22	41	Now when the Pharisees were gathered
35	18	Matt	22	42	together, Jesus asked them a question, saying, What say ye of the Messiah ? whose son is he ? They said unto him. The son of David.
35	19	Matt	22	43	He saith unto them, How then doth David in the Holy Spirit call him Lord, for he saith,
35	20	Matt	22	44	The Lord said unto my Lord, Sit thou on my right hand, That I may put thine enemies underneath thy feet.
35	21	Matt	22	45	If David then calleth him Lord, how is he
35	22	Matt	22	33	And when the multitudes heard it, they
35	23	Luke	20	39	were astonished at his teaching. And cer- tain of the scribes answering said unto him,
35	24	Matt	22	34	Teacher, thou hast well said. But all the Pharisees, when they had seen that he had put the Sadducees to silence in this way, assembled themselves together against him,
35	25	Mark	12	28	to strive with him. And one of the scribes, a doctor of the law, when he had seen the appropriateness of his answer to them,
35	26	Mark	12	28	"wished to tempt him, saying, What shall I Lu. 10 as""* do to inherit eternal hf e ? and which is the Mk. 28 greater and first commandment in the law ?"
35	27	Mark	12	29	Jesus said unto him. The first command- ment of all is. Hear, Israel ; The Lord our
35	28	Mark	12	30	"God, the Lord is one: and: Thou shalt love the Lord thy God from all thy heart, and from all thy soul, and from all thy mind, Mt. 22 3 7*"""
35	29	Mark	12	38	and from all thy strength. This is the
35	30	John	8	19	They said unto him, Where is thy Father? Jesus answered, and saith unto them, Ye know me not, nor my Father : for if ye knew me, ye would know my Father.
35	31	Matt	22	40	From these two commandments hangeth the
35	32	Mark	12	32	law, and the prophets. The scribe saith unto him, An excellent opioion. Master ! with truth thou hast said that God is one,
35	33	Mark	12	33	and there is none other but he: and that a man should love him from all his heart, and from all his mind, and from all his soul, and from all his strength, and that he should love his neighbour as him
35	34	Mark	12	34	And when Jesus saw that he had answered discreetly, he answered, and said unto him,
35	35	John	2	24	am not of this world. I said unto you, Ye shall die in your sins : if ye believe not that
35	36	Mark	12	29	thou shalt hve. But he, desiring to justify himself, said unto him, And who is my
35	37	Mark	12	30	neighbour ? Jesus said unto him, A certain man was going down from Jerusalem to Jericho; and robbers fell upon him, which plundered him, and having beaten him
35	39	Mark	12	32	he passed by. In like manner came a Levite also, and when he reached the place,
35	40	Mark	12	33	and saw him, he passed on. But a certain Samaritan, as he journeyed, when he came to the place where he was, and saw him,
35	41	Mark	12	34	had compassion on him, and came near, and bound up his wounds, pouriag on them wine and oil ; and he set him on an ass, and brought him to an inn, and took care of
35	42	Mark	12	35	him. And on the next day he took out two pence, and gave them to the host, and saith unto him, Take care of him; and whatsoever thou spendest more, I, when I
35	43	Mark	12	36	come back again, will repay thee. Which of these three seems to thee to have been more a neighbour unto him that fell among
35	44	Mark	12	36	the robbers ? He said unto him. He that „ Jsl had compassion on him. Jesus saith unto
35	45	Mark	12	34	him, Go, and do thou likewise. And no man ventured to ask him anything after that.
35	46	Luke	19	47	And he was teaching daily  in the temple. But the chief priests and the scribes and the elders of the people sought to destroy him :
35	47	Luke	19	48	and they could not do anything to him ; for all the people were in suspense to hear him.
35	48	Luke	19	48	Now of the multitude many believed on Jn.* 7 31  On this arrangement, see Introduction, p. 35.  Kepeated from xxviii 32.
35	49	John	2	30	because ye are unequal to my word. For I speak that which I have seen with my Father : and ye do that which ye have seen
35	50	John	7	33	take him. And Jesus said unto them. Yet a little while am I with you, and I shall go
35	51	John	7	34	unto him that sent me. And ye shall seek me, and shall not find me : and where I am,
35	52	John	7	35	ye cannot come. The Jews said among themselves, Whither is this man about to go, so that we shall not be able to go ? Do you think, that he is about to go unto the countries of the Gentiles, and teach
35	53	John	7	36	heathen? What is this word that he said, Ye shall seek me, and shall not find me : and where I am, ye cannot come ?
35	54	John	2	30	I come of myself, but he sent me. For why do ye not perceive my word ? Emn because
35	55	John	2	30	"ye cannot hear my word. Ye are of your father the devil, and the desire of your father ye wish to do, who is a murderer from the begitming, and abideth  not in the > Or, ""too weak for."" 2 Or, ""standet"
35	56	John	8	45	lies. And I, that speak in the truth, ye
35	57	John	8	46	believe me not. Which of you rebuketh me of sin ? And if I say the truth, ye do
35	58	John	8	47	not believe me. He that is of God heareth the words of God: for this cause ye hear
35	59	John	8	48	them not, because ye are not of God. The Jews answered, and said unto him. Said we not well that thou art a Samaritan, and
35	60	John	8	49	hast a devil? Jesus saith unto them, I certainly have not a devil; but I honour
36	1	John	5	1	seeketh and judgeth. Verily, verily, I say unto you, Whosoever keepeth my saying
36	2	John	5	52	shall never see death. The Jews said unto him, Now we know that thou hast a devil. Abraham is dead, and the prophets ; and thou sayest. Whosoever keepeth my saying
36	3	John	5	53	shall never taste death. Art thou greater than our father Abraham, which is dead ? and the prophets, which are dead ? whom
36	4	John	5	54	makest thou thyself ? Jesus saith unto them, If I glorify myself, my glory is nothing: it is my Father that glorifieth
36	5	John	5	55	me, of whom ye say, He is our God; and ye know him not : but I know him ; and if I say, I know him not, I shall be a liar like unto you : but I know him, and keep his
36	6	John	5	5	saying. Your father Abraham longed with burning eagerness  to see my day ; and he
36	7	John	5	57	saw it, and was glad. The Jews said unto him. Thou art not yet fifty years old, and
36	8	John	5	58	hast thou seen Abraham ? Jesus said unto them, Verily, verily, I say unto you. Before
36	9	John	5	59	Abraham was, I am. And they took stones to stone him : but Jesus hid himself, and THE DIATESSARON. 1 87 went out of the temple, and  passing among them went away.
36	10	John	9	1	And as he passed by, he saw a man blind
36	11	John	9	2	from his mothers womb. And his disciples asked him, Master, who did sin, this man or
36	14	John	9	5	will be able to work at will. As long as I am in the world, I am the light of the world.
36	15	John	9	6	When he had said these things, he spat on the ground, and made clay of the spittle, and rubbed it upon the eyes of the blind man,
36	17	John	9	8	washed, and came seeing. And his neigh- hours which had seen him beg aforetime, said, Is not this he that sat begging ? Some
36	20	John	1	1	thine eyes opened? He answered, and saith unto them, A man whose name is Jesus made clay, and rubbed it upon mine eyes, and said unto me. Go, and wash in the water of SUoam ; so I went away, and washe
36	23	John	1	14	that had before been blind. Now the day on which Jesus made the clay, and opened
36	24	John	1	15	his eyes, was the day of the sabbath. And again the Pharisees asked him : How didst thou receive thy sight ? He said unto them. He put clay upon mine eyes ; and I washed,
36	26	John	9	17	them. And again they said unto the blind man. What sayest thou of him that opened thine eyes for thee ? He said unto them, I
36	27	John	9	18	say, tha,t he is a prophet. And the Jews did not believe concerning him, that he had been blind, and had received his sight, until they called the parents of him that had
36	28	John	9	19	received his sight; and they asked them: Is this your son, of whom ye say, that he was born blind ? how then doth he now see ?
36	29	John	9	20	His parents answered, and said. We know that this is our son, and that he was born
36	30	John	9	21	blind : but how he now seeth, or who opened his eyes, we know not : ask him ; he is already arrived at the age of manhood, and
36	31	John	9	22	he may speak for himself. These things said his parents, because they feared the Jews : for the Jews had decided already, that if any man should confess him to be the Messiah, they would expel him fro
36	32	John	9	22	synagogue. Therefore said his parents. He ,, 23 is arrived at the age of manhood ; ask him.
36	33	John	9	24	And they called a second time him that had been bUnd, and said unto him. Give glory to God : we know that this man is a sinner.
36	34	John	9	25	He answered, and saith unto them. Whether he be a sinner I know not : one thing I know, that, whereas I was blind, now I see.
36	35	John	9	26	They said again unto him. What did he to thee ? how opened he thine eyes for thee ?
36	36	John	9	28	He saith unto them, I told you, and ye did not hear : wherefore do ye wish to hear it again ? do ye also wish to become his dis- 37ciples? And they despised him, and said unto him. Thou art his discip
36	38	John	9	29	disciples of Moses. For we know that God hath spoken unto Moses : but as for this
36	39	John	9	30	man, we know not whence he is. The man answered, and said unto them. Therefore indeed is the marvel, that ye know not whence he is, and yet he opened mine eyes.
36	40	John	9	31	And we know that God heareth not the voice of sinners : but he that f eareth him,
36	41	John	9	32	and doeth his will, him he heareth. From eternity it was never heard that anyone opened the eyes of a blind man, born in
36	42	John	9	33	blindness. Therefore if this man were not
36	43	John	9	34	from God, he could not do this. They answered, and said unto him. Thou wast altogether born in sins, and dost thou teach us ? And they cast him out.
36	44	John	9	35	And Jesus heard of his casting out; and finding him, he said unto him. Dost thou
36	45	John	9	36	believe on the Son of God ? He that had been made whole, answered, and said, Who is he. Lord, that I may believe on him ?
36	46	John	9	37	Jesus said imto him. Thou hast seen him,
36	47	John	9	38	and he it is that speaketh with thee. He saith. Lord, I believe. And he fell down
37	1	John	9	39	worshipping him. And Jesus said, For judging the world am I come, that they which see not may see ; and that they which
37	2	John	9	40	see may become blind. And some of the Pharisees which were with him, heard this,
37	3	John	9	41	and said unto him. Are we blind ? Jesus said unto them. If ye were blind, surely ye would have no sin : but now ye say, We see : and for this cause your sin remaineth.
37	4	John	10	1	Verily, verily, I say unto you. He that entereth not by the door into the fold of the sheep, but climbeth up some other way, the
37	5	John	10	2	same is a thief and a robber. But he that entereth in by the door is the shepherd of
37	6	John	10	3	the sheep. And to him the porter openeth the door ; and the sheep hear his voice : and he calleth his own rams by name, and they I go THE DIATESSARON.
37	7	John	10	4	go out unto him. And when he hath sent forth his own sheep, he goeth before them, and his rams follow him : for they know his
37	8	John	10	5	voice. And a stranger the sheep do not follow, but flee from him : for they hear not
37	9	John	10	6	the voice of a stranger. This proverb spake Jesus mito them : but they understood not what he spake unto them.
37	11	John	10	8	For all, as many as came, are thieves and robbers : but the sheep did not hear them.
37	12	John	10	9	1 am the door : and if any man enter in through me, he shall live, and shall go in
37	13	John	10	10	and out, and shall find pasture. Now the thief Cometh not, but that he may steal, and kill, and destroy ; I assuredly came that they may have life, and may have what is
37	15	John	10	12	his sheep. But the hireling, who is not a shepherd, and whose the rams are not, when he seeth the wolf coming, leaveth the sheep, and fleeth ; and the wolf cometh, and
37	16	John	10	13	snatcheth, and scattereth the sheep. Now the hireling fleeth, because he is a hireling,
37	17	John	10	14	and hath no care for the sheep. I am the good shepherd ; and I know mine own ; and
37	20	John	10	17	flock and one shepherd. Therefore doth the Father love me, because 1 lay down my life,
37	21	John	10	18	that I may take it again. No one shall take it away from me ; but I lay it down of my own accord ; and 1 have a right to lay it down, and I have a right to take it. This commandment received I from my
37	22	John	10	19	And there arose a disagreement among the
37	23	John	10	20	Jews because of these sayings. And many of them said, He hath a devil, and suffereth from epilepsy; why are ye silent in his
37	24	John	10	21	presence ? And others said. These are not the words of them that have a devil. Can a devil open the eyes of the blind ?
37	25	John	10	22	And the feast of the dedication in Jeru-
37	26	John	10	23	salem arrived : and it was winter; and Jesus was walking in the temple in Solomons porch.
37	27	John	10	24	And the Jews came round about him, and said unto him, How long wilt thou torment our hearts ? If thou art the Messiah, tell us
37	28	John	10	25	plainly. He answered, and said unto them, I told you, and ye believe not : and the works that I do in my Fathers name, themselves
37	29	John	10	26	bear witness of me. But ye believe not,
37	30	John	10	27	because ye are not of my rams. Even as I told you, My rams hear my voice, and I
37	31	John	10	28	know them, and they follow me: and I give unto them eternal hfe ; and they shall never perish ; and no one shall snatch them out of
37	32	John	10	29	my hand. For the Father, which hath given them unto me, is greater than all ; and no one is able to take fhem, away out of my
37	33	John	10	30	Fathers hand. I and my Father are one.
37	34	John	10	31	And the Jews took up stones to stone
37	35	John	10	32	him. Jesus saith unto them, Many good works have I showed you from my Father ; for which of those works do ye stone me ?
37	36	John	10	33	The Jews said unto him. Not for good works do we stone thee, but because thou blas- phemest, and, being a man, makest thyself
37	38	John	10	35	thus in your law, I said, Ye are gods. And if he called them gods, because the word of God came unto them (and nothing can be
37	39	John	10	36	broken in the scripture), tell ye him, whom the Father sanctified and sent into the world, that, he blasphemeth ; because I said unto
37	40	John	10	36	you, I am the Son of God? For if I do „ 2,1 not the works of my Father, believe me not.
37	41	John	10	38	But if I do tlwm,, even though ye believe not me, believe the works : that ye may know and believe that my Father is in me, and I
37	42	John	10	39	in my Father. And they sought again to take liim : and he went forth out of their hands.
37	43	John	10	40	And he went away beyond Jordan into the place where John was before baptizing ;
37	44	John	10	41	and there he abode. And many men came unto him ; and they said, John did not even
37	45	John	10	42	one sign : but all things whatsoever John spake of this man are true. And many believed on him.
37	46	John	11	1	Now a certain man was sick, Lazarus by name, of the village of Bethany, the brother
37	47	John	11	2	of Mary and Martha. Now Mary is she who anointed the feet of Jesus with oint- ment, and wiped them with her hair, whose
37	48	John	11	3	brother was Lazarus the sick man. His sisters therefore sent unto Jesus, saying. Lord, behold, he whom thou lovest is sick.
37	49	John	11	4	But Jesus said. This sickness is not unto death, but for the glory of God, that the
37	50	John	11	5	Son of God may be glorified thereby. Now Jesus loved Martha, and Mary, and Lazarus.
37	51	John	11	6	When therefore he heard that he was sick, he abode two days in the place where he
37	52	John	11	7	was. And after these things he said to his
37	53	John	11	8	disciples, Come, let us go into Judaea. His disciples said unto him. Master, the Jews now wish to stone thee ; and goest thou
37	54	John	11	9	thither again? Jesus said unto them, Are
37	55	John	11	10	there not twelve horns in the day ? If any man walk in the day, he stumbleth not, be- cause he seeth the light of the world. But if a man walk in the night, he stumbleth,
37	56	John	1	1	because the brightness is not in him. These things said Jesus: and afterwards he said unto them. Our friend Lazarus sleepeth ;  but I go that I may awake him out of
37	57	John	1	12	sleep. His disciples said unto him. Lord, if
37	58	John	1	13	he is sleeping,* he will get well Jesus had spoken this of his death : but they thought that he spake of taking rest in
37	59	John	1	14	sleep. Then Jesus said unto them plainly,
37	60	John	1	15	Lazarus is dead. And I am glad for your sakes that I was not there, in order that ye may believe ; nevertheless let us go thither.
37	61	John	1	15	Thavmia,* who is called Thoma,* said unto ., 16 his feUow-disciples, Let us also go, that we may die with him.
38	1	John	1	17	Jesus therefore came to Bethany, and found that he had been in the tomb four day&
38	2	John	1	18	Xow Bethany was nigh unto Jerusalem, and
38	3	John	1	19	was distant from it fifteen fmlongs ; and many of the Jews came to Mary and Martha to console their heart concerning
38	4	John	1	20	their brother. Martha therefore, when she heard that Jesus was coming, went out to meet biin : but Mary was sitting at home.
38	5	John	1	21	Martha therefore said unto Jesus, Lord, if thou hadst been here, my brother would not
38	6	John	1	21	have died. But now I know that, whatso- ., 22 ever thou shalt ask of God, he will give thee.
38	7	John	1	23	Jesus said imto her. Thy brother shall rise.
38	8	John	1	24	Martha said unto him, I know that he shall rise again in the resurrection at the last
38	9	John	1	25	"day. Jesus said unto her, I am the resur- rection, and the life; he that believeth in > Or, ""resteth ;"" ct ver. 58, « taKng rest"" *0r, ""restmg;"" ct ver. 5& » Arabic, ThSwamS. * Arabic, Th&iii& ; ct li"
38	10	John	11	26	me, even though he die, shall live: and everyone that liveth and believeth in me
38	12	John	11	28	into the world. And when she had said this, she went away, and called Mary her sister secretly, and said unto her, The Master
38	13	John	11	29	is come, and calleth thee. And Mary, when she heard it, arose quickly, and came unto
38	14	John	11	30	him. For Jesus was not yet come into the village, but was in that place where Martha
38	15	John	11	31	had met him. The Jews also which were with her in the house to console her, when they saw Mary rising up quickly and going out, followed her, supposing that she was
38	16	John	11	32	about to go unto the tomb to weep. Mary therefore, when she was come where Jesus was, and had seen him, fell down at his feet, and said unto him. Lord, if thou hadst been
38	17	John	11	32	here, my brother would not have died. And „ 2)1) Jesus came, and when he saw her weeping, and the Jews which were with her, weeping
38	19	John	11	35	said unto him, Lord, come and see. And the
38	20	John	11	36	tears of Jesus were shed. The Jews there-
38	21	John	11	37	fore said. See how much he loved him ! And some of them said. Could not this man, which opened the eyes of that blind man, also have caused that this man should not die ?
38	22	John	11	38	Jesus therefore, being distressed in his soul, Cometh to the tomb. Now the tomb was a cave, and a stone was laid at the mouth of
38	23	John	11	39	it. Jesus saith. Take ye away this stone. Martha, the sister of him that was dead, said unto him, Lord, by this time he stinketh : for he hath been dead four days.
38	24	John	11	40	Jesus said unto her. Said I not unto thee. If thou believest, thou shalt see the glory of THE DIATESSARON. 1 95
38	25	John	11	41	God? So they moved away the stone.- And Jesus lifted up his eyes, and said, My Father, I thank thee that thou heardest me.
38	26	John	11	41	1 indeed know that thou hearest me always : „ 42 but because of this multitude which standeth by I say this to thee, that they may believe
38	27	John	11	43	that thou didst send me. When he had said these things, he cried with a loud voice,
38	28	John	11	44	Lazarus, come forth. And the dead man came forth, bound hand and foot with bandages; and his face was wrapped up in a napkin. Jesus said unto them. Loose him, and let him go.
38	29	John	11	45	And many of the Jews, which were come to Mary, when they saw what was
38	30	John	11	46	done by Jesus, beheved in him. But some of them went away to the Pharisees, and told them all the things which Jesus had done.
38	31	John	11	47	And the chief priests and the Pharisees gathered together, and they said. What do we ? for, behold, this man doeth many signs.
38	32	John	11	48	For if we let him thus alone, all men will believe in him : and the Eomans will come and take away our country and nation.
38	34	John	11	50	them. Ye know nothing at all, nor do ye take into account that it is expedient for us that one man should die for the people, and
38	35	John	11	51	that the whole nation perish not. Now this he said not of himself : but as he was the high priest of that year, he prophesied that
38	37	John	11	53	of God that had been scattered abroad. So from that day forth they took counsel to put him to death.
38	38	John	11	54	Jesus therefore walked not openly among the Jews, but departed thence into a place near to the wilderness, into a hermitage which is called Ephraem ; and there he was
38	39	John	11	55	going about with his disciples. Now the passover of the Jews was near: and many- went up to Jerusalem out of the villages before
38	40	John	11	56	"the feast, to purify themselves. And they sought for Jesus, and said one to another in the temple, ""What think ye of his lateness *"
38	41	John	11	56	for, the feast? Now the chief priests and „* 57 the Pharisees had given commandment, that, if any man knew where he was, he should disclose it unto them, that they might take him.
38	42	John	11	56	And when the days of his going up * were Lu. 9 :5 1 fulfilled, he prepared himself to go to Jeru-
38	43	John	11	52	salem, and sent messengers before him: and they went, and entered into a village of
38	44	John	11	53	Samaria, to make ready for him. And they did ,not; receive him, because he was prepared ;
38	45	John	11	54	to go to Jerusalem. And when his disciples James and John saw this, they said unto hinij Lotd, wilt thou that we bid fire to come down from heaven, and uproot them, even as
38	46	John	11	55	Elijah did? And Jesus turned, and rebuked them, saying. Ye know not what manner of
38	47	John	11	56	spirit ye are. of. Surely the Son of man came not to destroy lives, but to save them. And they went to another village.
39	1	John	12	1	Jesus therefore six days before the pass- over, came to Bethany, where Lazarus was, * Included in ver. 56, as in Vulgate. ■ Eef erred- by Tatian to the last visit, six days before the crucifixion, per
39	2	John	12	2	whom Jesus raised from the dead. And a breakfast was made for him there : and Martha served ; but Lazarus was one of them
39	3	Mark	14	3	that reclined ai meat with him. And while Jesus was at Bethany, in the house of Simon
39	4	John	12	9	the leper, a great multitude of the Jews heard that Jesus was there : and they came, not for Jesus sake only, but that they might see Lazarus also, whom he raised from the
39	5	John	12	9	dead. But the chief priests took counsel „ lO that they might put Lazarus also to death,
39	6	John	1	1	because by reason of him many of the Jews went away, and believed on Jesus.
39	7	John	1	3	Now Mary took a case of ointment of the best nard, very costly, and opened it, and Mk. 14 3° poured it upon the head of Jesus, as he
39	8	John	12	3	reclined at meat ; and anointed his feet, and wiped them with her hair : and the house was filled with the odour of the
39	9	John	12	4	ointment. But one of the disciples, Judas Iscariot, who was going to betray him, said,
39	10	John	12	5	Why was not this ointment sold for three
39	12	Mark	14	4	were put therein. The rest of the disciples also were vexed at this among themselves, and said. To what purpose is this ointment
39	13	Mark	14	5	wasted? For it might have been sold for much, and given to the poor. And they
39	14	John	12	7	murmured at Mary. But Jesus perceiving it, saith unto them. Let her alone ; why trouble ye her ? she hath performed a good work on me. She hath kept it for the day
39	15	Mark	14	7	of my burying. Tor the poor are always with you; and when ye will ye can do them good : but I am not always with you.
39	16	Matt	26	12	On that account, when pouring this ointment upon my body, she did it as it were for my
39	17	Matt	26	9	body. Verily I say unto you, Wheresoever this my gospel shall be preached in the whole world, that which this woman hath done shall be related for a memorial of her.
39	18	Luke	19	28	And when he had said these things, Jesus went forth slowly to proceed to Jerusalem.
39	19	Luke	19	29	And when he was arrived at Bethphage and Bethany, near the mount that is called the
39	20	Luke	19	2	mount of Olives, Jesus sent two of his Mt. 21 I disciples, saying unto them. Go into the
39	21	Matt	21	2	village that is over against you, and when ye are entered into it, ye shall find an ass tied, and a colt with her, whereon no man Lu. 1 9 30 ever yet sat:* loose it, and bring them, unto
39	22	Matt	21	3	me. And if anyone say unto you, Why do ye loose them ? say thus unto him. We seek them for the Lord; and straightway send*
39	23	Matt	21	4	them both hither. All this is come to pass, that it might be fulfilled which was spoken through the prophet, saying,
39	24	Matt	21	5	Tell ye the daughter of Sion, Behold, thy King cometh unto thee. Meek, and sitting upon an ass. And upon a colt the foal of an ass.
39	26	Matt	21	5	"And the disciples went, and found evenj- jg „b as he had said unto them, and they did as Mt. 21 t  Omitting % : "" She hath done what she could."" * So in the Arabic. The dual form is used, "".send i/e h"
39	27	Luke	19	33	Jesus had commanded them. And when they had loosed them, the owners thereof
39	28	Luke	19	34	"said unto them, ""Why loose ye them ? They said unto them, We seek them for our Lord ; and they let them go. Mk. 1 1 6"
39	29	Matt	21	7	And they brought the ass and the colt, and, put their garments upon the colt ; and
39	31	Luke	19	37	And when he drew near his descent of the mount of Olives, all the disciples began , to rejoice and praise God with a loud voice for all the mighty works which they had seen ;
39	32	Matt	21	9	saying, Glory in the highest: glory to the son of David : blessed is he that cometh in the
39	34	John	12	12	And a great multitude that had come to the feast, when they had heard that Jesus
39	35	John	12	13	was coming to Jerusalem, took the branches of the palm trees, and went forth to meet him, and cried out, saying. Praise : blessed is he that cometh in the name of the Lord,
39	36	Luke	19	39	even the King of Israel. And some of the Pharisees from the multitudes said unto him,
39	37	Luke	19	39	Master, rebuke thy disciples. He saith unto „-. 40 them. Verily I say unto you. If these held their peace, the stones would cry out.
39	38	Luke	19	41	And when he drew nigh, and had seen
39	39	Luke	19	42	the city, he wept over it, saying. Would that thou hadst known the things which are for thy peace in this thy day ! this now is .
39	40	Luke	19	42	"hidden from thine eyes. The dajm shall „ ""43 come unto thee, when thuie enemies shall compass thee round, and keep thee in on"
39	41	Luke	19	42	every side, and shall take possession of , thee, „ • 44 .i Of. note to xli. Sa 200 THE DIATESS4R0N. and of thy children that are within thee ; and they shall not leave in thee one stone upon another ;
39	42	Luke	19	42	And when Jesus had entered into Jeru- Mt. 21 lo . salem, all the city was stirred, saying, Who
39	43	Luke	1	1	is this ? And the multitudes said, This is Jesus, the prophet from Nazareth of Galilee.
39	44	Luke	1	1	And the multitude that was with him bare Jn. 1 2 1 7 witness, that he had called Lazarus out of the tomb, and raised him from the dead.
39	45	Luke	1	18	For this cause many multitudes went out to meet him, for they heard the sign that he had done.
40	1	Matt	21	14	And when Jesus had gone into the temple, they brought unto him the blind and the
40	2	Matt	1	5	lame ; and he healed them. But when the chief priests and the Pharisees saw the wonderful things that he did, and the chil- dren that were crying in the temple, and saying, Praise to the son of David 
40	3	Matt	1	16	were annoyed, and said, Hearest thou what these are saying? Jesus said unto them. Yea : did ye never read. Out of the mouth of children and babes thou hast selected my
40	4	John	12	19	praise ? The Pharisees therefore said among themselves, Lo, see you not, that we get no advantage ? for, lo, the whole world foUoweth him.
40	5	John	12	20	Now there were also among them certain Gentiles, that had come up to worship at
40	6	John	12	21	the feast : these therefore came to Philip, which was of Bethsaida of Galilee, and asked him, saying unto him. Sir, we wish to see
40	7	John	2	2	Jesus. Philip came and told Andrew : and
40	8	John	2	2	Andrew and Philip told Jesus. And Jesus „ i2 3 answered, and said unto them. The hour is near in which the Son of man shall be glori-
40	9	John	12	25	fied. Verily, verily, I say unto you. Except , a grain of wheat fall and die in the earth, THE DIATESSARON. 20I it  abideth by itself alone ; but if it die, it 40lObeareth much fruit. He that loveth h
40	11	John	12	26	If any man serveth me, let him follow me; and where I am, there shall also my servant be : and whosoever serveth me, htm will the
40	12	John	12	27	Father honour. Now is my soul troubled; and what shall I say ? My Father, save  me from this hour. But for this cause came
40	13	John	12	28	1 unto this hour. My Father, glorify thy name. And a voice was heard out of heaven, > sayiing, I have glorified it, and will glorify
40	14	John	12	29	it. The multitude therefore, that stood by, heard it, and said. This is thunder. Others
40	15	John	12	30	said. An angel speaketh to him. Jesus answered, and said unto them. This voice hath not come for my sake, but for your
40	17	John	12	32	cast out. And I, when I am lifted up from the earth, will draw all men unto myself.
40	18	John	12	33	This he said to signify by what manner of
40	19	John	12	34	death he was going to die. The multitudes said unto him. We have heard from the law that the Messiah abideth for ever : how then sayest thou, that the Son of man is going to
40	20	Luke	17	20	be lifted up? who is this Son of man ? Jesus said unto them. Yet a little while will the Hght be with you. Walk while ye have the light, that darkness overtake  you not : for he that walketh in the da
40	23	Luke	17	21	expectation: neither shall they say, Lo, here it is ! and, Lo, there ! For the king:- dom of God is within you.
40	24	Luke	21	37	And by day he was teaching in the temple; but at night he went out, and passed the night on the mount that is called
40	25	Luke	21	38	the mount of Olives. And all the people arrived before him in the temple to hear his word.
40	26	Matt	23	1	Then spake Jesus to the multitudes and
40	27	Matt	23	2	to his disciples, saying unto them, The scribes and the Pharisees have sat down on Moses
40	28	Matt	23	3	seat: all things therefore whatsoever they shall bid you to observe, these keep and do : but do not ye according to their works ; for
40	29	Matt	23	4	they say, and do not. For they bind heavy burdens, and lay them on mens shoulders ; but are unwilling to move one of their
40	31	Mark	17	37	they do to be seen of men. And all the multitude heard these things with gladness,
40	32	Mark	17	38	And in his teaching he said unto them, Beware ye of the scribes, which desire to walk in long robes, and love to be saluted in
40	33	Mark	17	39	the streets, and to sit on chief seats in the
40	34	Matt	23	7	synagogues, and chief couches at feasts: for they make broad their phylacteries, and lengthen the fringes of their garments, and
40	35	Mark	12	40	love, to be called of men. Master. But they devour widows houses, under the pretence of making their prayers long; these truly
40	36	Matt	23	8	shall receive greater condemnation. But be not ye called masters : for one is your
40	37	Matt	23	9	master, and aU ye are brethren. And call no man father on the earth : for one is your
40	38	Matt	23	10	"Father, which is in the heavens. Neither b ye called directors : "" for one is your , 1 Omitting "" and grievous to be borne ; "" of. Eevised Version, marginal note. THE DIA TESSARON. 203"
40	39	Matt	23	11	director, eem the Messiah. But he that is greater among you shall he your minister.
40	40	Matt	23	12	He  that exalteth himself shall be humbled ; and he that humbleth himself shall be exalted.
40	41	Luke	11	43	Woe unto you Pharisees! for ye love the front seats in the synagogues, and the saluta- tion in the streets.
40	42	Matt	23	14	Woe unto you, scribes and Pharisees, hypocrites, for ye devour widows houses by reason of your long prayers : and therefore ye shall receive greater condemnation.
40	43	Matt	23	13	Woe unto you, scribes and Pharisees, hypocrites ! because ye shut the kingdom of
40	44	Matt	23	13	God against men. Woe unto you, lawyers ! Lu. 1 1 5 2* for ye have hidden the keys of knowledge : ye enter not in yourselves, neither suffer ye them that are entering in to enter.
40	45	Matt	23	15	Woe unto you, scribes and Pharisees, hypocrites ! for ye compass sea and land to draw away one proselyte ; and when he is become so, ye make him twofold more a son of Gehenna than yourselves.
40	46	Matt	23	16	Woe unto you, ye blind guides, which say, Whosoever shall swear by the temple, it is nothing; but whosoever shall swear by the gold, that is in the temple, he is
40	47	Matt	1	7	accountable. Ye blind ignorant ones : for whether is greater, the gold, or the temple
40	48	Matt	1	18	that sanctifieth the gold ? And, Whosoever shall swear by the altar, it is nothing ; but whosoever shall swear by the offering that
40	49	Matt	1	19	is upon it, he is accountable. Ye blind ignorant ones : whether is greater, the offer- ing, or the altar that sanctifieth the offeriag ?
40	50	Matt	1	20	He therefore that sweareth by the altar,
40	51	Matt	23	21	thereon. And he that sweareth by the temple, sweareth by it, and by him that
40	52	Matt	2	23	dwelleth therein. And he that sweareth by the heaven, sweareth by the throne of God, and by him that sitteth thereon. 5.3 Woe unto you, scribes and Pharisees, hypocrites ! that tithe mint and rue, ani
40	54	Matt	2	24	undone. Ye blind guides, which strain out the gnat, and adorn  the camel.
40	55	Matt	2	25	Woe unto you, scribes and Pharisees, hypocrites ! for ye cleanse the outside of the cup and of the platter, but within they are full of iniquity and unrighteousness.
40	56	Matt	2	26	Ye blind Pharisees, cleanse first the inside of the cup and of the platter, and the out- side of them will be clean.
40	57	Matt	2	27	Woe unto you, scribes and Pharisees, hypocrites ! for ye are like unto whited sepulchres, which outwardly appear beautiful, but within are full of dead nlens bones and
40	58	Matt	2	28	of all uncleanness. Even so ye also out- wardly appear unto men as if righteous, but within ye are full of iniquity and hypocrisy.
40	59	Luke	11	45	One of the scribes, answering, said unto him. Teacher, in this thy speech thou makest
40	60	Luke	11	46	a reproach against us. He said, Woe unto you also, ye scribes ! for ye lade men with heavy burdens, and ye yourselves touch not those burdens even with one of your fingers.
40	61	Luke	11	47	"Woe unto you, scribes and Pharisees, hypocrites ! in that ye build the sepulchres of the prophets, whom your fathers killed, and adorn the tombs of the righteous, Mt. 23 ag"""""
40	62	Matt	23	30	and say, If we had been in the days of our fathers, we should not have been par- takers with them in the blood of the
40	63	Matt	23	31	prophets. See therefore! ye bear witness against yourselves, that ye are sons of them
40	64	Matt	23	32	that slew the prophets; and ye are finishing
40	65	Matt	23	32	the path of your fathers. Ye serpents, ye „ tt offspring of vipers, whither shall ye flee
41	1	Matt	23	32	f rom the judgment of Gehenna? There- „ 34 fore behold, I, the wisdom of God, send unto you prophets, and apostles, and wise men, and scribes : and some of them shall ye kill and crucify; and some of 
41	2	Matt	23	35	cast out from city to city: that upon you may come all the blood of righteous men that hath been shed on the earth, from the blood of Abel the iunpcent unto the blood of Zacharias son of Barachias, wh
41	3	Matt	23	36	VerUy I say unto you, All these things shall come upon this generation.
41	4	Matt	23	38	Jerusalem, Jerusalem, the slayer of  *the prophets, and the stoner of them that were sent unto her ! how often have I wished to gather thy children together, even as a hen gathereth her chickens under
41	5	Luke	21	16	2 shall deliver up one another to death. And your parents, and brethren, and kinsfolk, and friends shall deliver you up: and some, of
41	6	Matt	23	39	shall be left unto you deserted. Verily I say unto you. Ye shall not see me hence- forth, tUl ye say, Blessed is he that cometh in the name of the Lord.
41	7	Matt	23	39	"And of the rulers also many believed on Jn.* 12 42 him ; but because of the Pharisees they did  Or omit "" shall "" throughout this verse ; cf . Luke xi. 49. This remark- able change of reading seems co"
41	9	John	12	44	And Jesus cried, and said, He that be- lieveth on me, believeth not on me, but
41	10	John	12	45	on him that sent me. And he that seeth
41	12	John	12	46	darkness. And whosoever heareth my say- ,; 47 ings, and keepeth them not, I judge him not : for I came not to judge the world, but
41	13	John	12	48	to give life to the world. He that rejecteth me, and receiveth not my sayings, there is one that judgeth him : the saying that I spake, the same shall judge him in the last
41	14	John	12	49	day. I speak not from myself; but the Father which sent me, he hath given me a commandment, what I should say, and what
41	15	John	12	50	1 should speak. And I know that his com- mandment is life eternal : the things therefore which I speak now, even as the Father hath said unto me, so I speak.
41	16	Luke	11	53	And when he said these things unto them, the scribes and the Pharisees began to be angry in their malice, and to find fault with his words, and to vex him in many things ;
41	17	Luke	11	53	seeking to catch something out of his mouth, „ 54. that they might be able to accuse him.
41	18	Luke	12	1	Now when many multitudes were gather- ing together, so that they almost trode one upon another, Jesus began to say unto his disciples, Beware ye of the leaven of the
41	20	Luke	12	2	known. All things that ye have said in the Lu. 12 3 darkness, shall be heard in the light : and that which ye have whispered in the ears in the chambers, shall be proclaimed upon the housetops.
41	21	John	12	36	These things spake Jesus, and he departed,
41	23	John	12	38	they believed not on him: that the saying of Isaiah the prophet might be fulfilled, which he spake. Lord, who hath believed, that he may hear us ? And the arm of the Lord, to whom hath it been reveale
41	24	John	12	39	For this cause they could not believe, for Isaiah said again,
41	26	John	12	41	These things said Isaiah, when he saw his glory, and spake of him.
41	27	Matt	24	1	And Jesus went out from the temple; and some of his disciples came to him, and showed him the buildings of the temple, and its
41	28	Matt	24	1	"beauty and magnificence, and the strength of Mk. 13 I the stones used in it, and the elegance of its construction, and how it was adorned with Lu. 21 S"""""
41	29	Matt	24	2	costly stones and beautiful colours. Jesus answered, and said unto them. See ye these great buildings ? Verily I say unto you,
41	31	Matt	24	2	"And two days before the passover of the Mk. i unleavened Irmd, the chief priests and the scribes sought how they might take"" him with"
41	32	Matt	24	2	subtilty, and kill him: but they said, Not during the feast, lest haply the people make
41	33	Matt	13	3	a disturbance. And as Jesus sat on the mount of Olives over against the temple, Simon Cephas and James and John and Andrew came unto him, and said unto him
41	34	Matt	13	3	between themselves and him, Teacher, tell \ 24 3b us, when shall these things be ? and what shall he the sign of thy coming, an,d of the
41	36	Luke	17	22	Take heed that no man lead you astray. Mt. 24 4
41	40	Matt	24	6	the end hath not yet come. Nation* shall Mt.* 24 7 rise against nation, and kingdom against
41	41	Luke	21	11	kingdom: and there shall be great earth- quakes in divers places, and famines, and pestilences, and commotions : terrors and
41	42	Matt	24	8	shall there be. All these things are the
41	43	Luke	21	12	beginning of troubles. And . before all these things, they shall lay hands on you, and shall persecute you, and dehver you up to the synagogues and prisons, and shall drag you before kings and governo
41	44	Luke	21	13	sake. And this shall be unto you for a
41	45	Mark	13	10	testimony. And my gospel must first be
41	46	Luke	12	11	preached unto all the nations. And when they bring you into the synagogues before the rulers, and the authorities, be not anxious beforehand how to plead, or what ye shall
41	47	Mark	13	11	say: for it is not ye that speak, but the
41	48	Luke	21	14	Holy Spirit. Put it therefore in your heart,
41	49	Luke	21	15	not to meditate beforehand what to say: for I will give you understanding and wisdom, which all your adversaries shall not be able to withstand.
41	50	Matt	24	9	For then shall they deliver you up unto tribulation, and shall kill you : and ye shall be hated of all the nations for my names
41	51	John	12	43	8 the synagogue: for they loved the glory of men more than to glory of God.
41	53	Luke	21	16	you shall they put to death. And a lock „ 18 of the hair of your head shall not perish.
41	54	Luke	21	19	In your patience ye shall possess your souls.
41	55	Luke	21	19	And many false prophets shall arise, and Mt. 24 1 1
41	56	Luke	21	12	shall lead many astray. And because of the abundance of iniquity, the love of many
41	58	Luke	21	14	"to the end, the same shall be saved. And this gospel of the kingdom shall be preached  Omitting Mark xiii.9 : ""But take heed to yourselves."" "" For the substance of ver. 17 see above in xli. 50. ;2IO T"
42	1	Luke	21	20	But when ye see Jerusalem compassed with armies, then know that her desolation
42	2	Luke	2	1	is at hand. At that time let them that are in Judaea flee unto the mountain ; and let them that are in the midst of her flee ; and let not them that are in the districts enter
42	3	Luke	2	22	therein. For these days are the days of vengeance, that all things which are written may be fulfilled.
42	4	Matt	24	15	When therefore ye see the abominable desolation, which was spoken of in Daniel the prophet, standing in the holy place (let
42	5	Matt	1	6	him that readeth understand), then let them that are in Judaea flee unto the mountain :
42	6	Mark	13	15	and let him that is on the housetop not go down, nor enter in, to take anything out of
42	7	Mark	1	6	his house : and let him that shall be in the field not return back to take his cloke.
42	8	Luke	21	23	Woe unto them that are with child, and to them that give suck in those days ! there shall be great distress in the land, and wrath
42	9	Mark	13	21	upon this people. And they shall fall on the edge of the sword, and shall be led captive into every country : and Jerusalem shall be trodden down of the Gentiles, until loathe times of the Gentiles be
42	11	Matt	24	24	Then shall arise false Christs, and false prophets, and shall do signs and portents; so as to lead into error, if they could, even
42	13	Matt	24	26	"If therefore they shall say unto you, Behold, he is in the wilderness ; go not forth, that  Or, "" unclean."" =* Cf. xli. 36, 37. There is a little displacement of internal order here. THE DIATESSARON. "
42	14	Matt	24	27	lieve  not. For as the lightning appeareth ill the east, and is visible even unto the west; so shall be the coming down of the
42	16	Matt	24	20	tion. And pray ye that your flight may not take place in the winter, nor on a sabbath
42	18	Mark	13	20	take place. And except the Lord had shortened those days, no flesh would have been saved : but for the elects sake, whom
42	20	Luke	21	26	Mens souls shall depart for the fear,, which
42	21	Matt	24	29	shall come upon the earth. But in those days, immediately after the tribulation of those days, the sun shall be darkened, and the moon shall not give her light, and the stars shall fall from heaven, a
42	23	Matt	24	31	great majesty. And he shall send forth his angels with a great trumpet, and they shall gather together his elect from the four winds, from the end of heaven even to the end
42	24	Matt	24	31	thereof. But when these things begin to come Lu. 2 1 2 8 to pass, be of good cheer, and lift up your heads; because your deliverance draweth nigh.  This passage is considerably altered from S. Luke.
42	26	Matt	24	33	even so ye also, when ye see these things begin to take place, know ye that the kingdom
42	27	Matt	24	34	of God hath arrived at the door. Verily I say unto you. This generation shall not pass away, till all these things take place.
42	28	Matt	24	35	Heaven and earth shall pass away, but my words shall not pass away.
42	29	Luke	21	34	Take heed to yourselves, lest haply your hearts be at any time overcharged with iniquity and drunkenness, and cares of the age, and that day come on you suddenly:
42	30	Luke	21	35	for just as a blow shall it strike all them that dwell on the face of all the earth.
42	31	Luke	21	36	Watch ye at every season, and pray, that ye may be counted worthy to escape all these things that are going to take place, and to
42	32	Mark	13	32	stand before the Son of man. Of that day and of that hour knoweth no one, not even the angels of heaven, nor the Son, but the
42	33	Mark	13	33	Father. Take ye heed, watch and pray: for
42	34	Mark	13	34	ye know not when that time is. Even as a man, who went abroad, and left his house, and gave his authority to his servants, and left each one at his own work, and com-
42	35	Mark	13	35	manded the porter to be watchful. Watch therefore : for ye know not when the lord of the house shall come, whether at even, or at midnight, or at cockcrowing, or in the
42	36	Mark	13	36	morning; lest coming suddenly he find you
42	37	Mark	13	37	sleeping. What I say unto you, I say unto you all. Be watchful.
42	38	Matt	24	37	For even as it happened in the days of Noah, so shall be the coming of the Son of
42	39	Matt	24	38	man. Even as before the flood they were eating and drinking, marrying and delivering up to marriage, until the day that Noah
42	40	Matt	24	39	entered into the ark, and they knew not THE DM TESSAEOI. 2 1 3 until the flood came, and took them all away ; so shaU be the coming of the Son of man.
42	41	Luke	17	29	And likewise even as it came to pass in the days of Lot ; they ate and they drank, they sold and they bought, they planted and they 42builded; hut in the same day wherein Lot went out from Sodom, the 
42	43	Luke	17	30	them all : so shall it be in the day wherein
42	44	Luke	17	31	the Son of man shall appear. And in that day, he which shall be on the housetop, and his garments in the house, let him not go down to take them away: and he which shall be in the field, let him not r
42	47	Luke	17	34	that shall lose his life shall save it. Verily I say unto youy In that night there shall be two men in one bed; the one shall be
42	48	Luke	17	35	taken, and the other shall be left. And there shall be two women grinding in one mill ; the one shall be taken, and the other
42	49	Luke	17	36	shall be left. And there shall be two men in the same field; the one shall be taken,
42	52	Matt	24	32	25 From the fig-tree learn the parable: for when its branches are tender, and it putteth forth leaves, ye know that the summer is nigh ;
43	1	Matt	24	44	Simon Cephas saith unto him, Lord, Lu. 12 41 speakest thou this parable unto us, or even
43	2	Matt	24	45	unto all men ? Jesus said unto him, Who, think you, is the faithful and wise overseer of the house, whom his lord hath set over his household, to give them food in
43	3	Matt	24	46	its season ? Blessed is that servant, whom when his lord is come, he shall find so doing.
43	4	Matt	24	46	Verily I say unto you, that he will set him J 24 b
43	5	Matt	24	48	over all that he hath. But if that evil servant shall say in his heart. My lord will
43	6	Matt	24	49	delay his coming; and shall begin to beat his menservants and the maidservants of his lord, and shall begin to eat and drink with
43	7	Matt	24	50	the drunken ; the lord of that servant shall come in a day wherein he thinketh not, and
43	8	Matt	24	51	in an hour which he knoweth not, and shall judge him, and appoint his portion with the  hypocrites, and with the unfaithful: there jjjJ 24 lib shall be the weeping and gnashing of teeth.
43	9	Matt	25	1	Then shall the kingdom of heaven be like unto ten virgins, which took their lamps, and went forth to meet the bridegroom and
43	10	Matt	25	2	the bride. Five of them were wise, and
43	11	Matt	25	3	five were foolish. Now these foolish ones, when they took their lamps,* took no oil
43	13	Matt	25	5	with the lamps. Now while the bridegroom
43	15	Matt	25	7	him. Then all those virgins arose, and
43	16	Matt	25	8	trimmed their lamps. The foolish said unto the wise, Give us of your oil ; for our lamps
43	17	Matt	25	9	are gone out. The wise answered, saying, Peradventure there may not be enough for us and you: go ye to them that sell, and
43	18	Matt	25	10	buy for yourselves. And when they had gone to buy, the bridegroom came ; and they that were ready went in with him to the marriage feast: and the door was
43	20	Matt	25	12	virgins, saying, Lord, Lord, open to us. He answered, and saith unto them. Verily I say
43	21	Matt	25	13	unto you, I know you not. Watch there- fore ; for ye know not that day nor that hour.
43	22	Matt	25	14	Even as a man, going abroad, called his own servants, and delivered unto them his
43	24	Matt	25	16	he went on his journey immediately. Now he that had received the five talents went and traded with them, and gained five others.
43	26	Matt	25	18	the two gained two others. But he that had received the one went away and digged into the earth, and hid his lords money.
43	27	Matt	25	19	But after a long time the lord of those servants came, and made a reckoning with
43	28	Matt	25	20	them. And he that had received the five talents came and paid five others, saying. Lord, thou deliveredst unto me five talents : lo, I have gained five others beside them.
43	29	Matt	25	21	His lord saith unto him. Well done, good and faithful servant : thou hast been faithful over a few things, I will set thee over many things : enter thou into the joy of thy lord.
43	30	Matt	25	22	And he that had received the two talents came, and saith, Lord, thou deliveredst unto me two talents : lo, I have gained two others
43	32	Matt	25	24	joy of, thy lord. And he also that had received the one talent came, and said, Lord, I know that thou art a hard man, thou reapest where thou dost not sow, and gatherest
43	33	Matt	25	25	where thou dost not scatter : and I was afraid, and went away, and hid thy talent in
43	34	Matt	25	26	the earth : lo, thou hast what is thine. His lord answered, and said unto him, Thou wicked and slothful servant, thou knowest me, that I reap where I did not sow, and
43	36	Matt	25	28	interest. Take ye away therefore the talent from him, and give it unto him that hath
43	37	Matt	25	29	the ten talents. Unto him that hath shall be given, and he shall have abundance : but from him that hath not, even that which he
43	38	Matt	25	30	hath shall be taken away from him. And cast ye out the unprofitable servant into the outer darkness : there shall be the weeping and gnashing of teeth.
43	39	Luke	12	35	Let your loins be girded about, and your
43	40	Luke	12	36	lamps  burning; and be ye yourselves like unto men looking for their lord, when he returns from the feast ; that, when he coineth and knocketh, they may straightway
43	41	Luke	12	37	open unto him. Blessed are those servants, whom their lord when he cometh shall find watching : verily I say unto you, that he shall gird his loins, and make them lie down to meat, and shall pass by a
43	42	Luke	12	38	"And if he shall come in the second watch,  Mr. Rendel Harris thinks the saying, "" Be approved money-changers,"" was in the Biatessa/ron near here. * See note on ver. 11. These verses from Luke xii. ser"
43	43	Matt	25	31	But when the Son of man shall come in his glory, and all his holy angels with him, then shall he sit on the throne of his
43	44	Matt	25	31	majesty : and before him he shall gather all ,, 32 the nations : and he shall separate them one from another, as the shepherd separateth
43	45	Matt	25	31	the rams from the kids : and he shall set „ 2 the rams on his right, but the kids on the
43	46	Matt	25	34	left. Then shall the King say unto them that shall be on his right. Come, ye blessed of my Father, inherit the kingdom prepared for you from the foundation of the world :
43	47	Matt	25	35	I was hungry, and ye gave me to eat : I was thirsty, and ye gave me to drink : I was a
43	48	Matt	25	36	stranger, and ye took me in : I was naked, and ye clothed me : I was sick, and ye visited me : I was in prison, and ye took
43	49	Matt	25	36	care of me. Then shall the righteous „ ■] say unto him. Lord, when saw we thee hungering, and fed thee ? or thirsting, and
43	50	Matt	25	38	gave thee a drink ? And when saw we thee a stranger, and took thee in ? or naked, and
43	51	Matt	25	39	clothed thee? And when saw we thee sick,
43	54	Matt	25	42	ministers: I was hungry, and ye gave me not to eat : I was thirsty, and ye gave me
43	55	Matt	25	42	no drink : I was a stranger, and ye took me ,/ 43 not in : I was naked, and ye clothed me not : I was sick, and in prison, and ye visited me
43	56	Matt	25	44	"not. Then shall they also answer, saying,  In the Arabic idiom, ""answered and said."" 2l8 THE DIATESSARON. Lord, when saw we thee hungering, or thirst- ing, or naked,! or a stranger, or sick, or in pri"
43	57	Matt	25	45	"Then shall he answer, and say unto them, Verily I say unto you, ""When ye did it not unto one of these lesser ones, ye did it not"
44	1	Matt	25	46	And when Jesus had finished all these „ 26 t-
44	2	Matt	25	2	sayings, he said unto his disciples. Ye know that after two days  the passover wiU take place, and the Son of man will be deUvered
44	3	Matt	25	3	up to be crucified. Then were gathered together the chief priests and scribes, and the elders of the people, unto the court of
44	4	Matt	25	4	the high priest, who is called Caiaphas ; and they took counsel concerning Jesus that they might take him by subtUty, and kill him.
44	5	Luke	22	2	But they said, Not during the feast, lest peradventure a tumult arise among the people; for they feared the people.
44	6	Luke	22	3	And Satan entered into Judas surnamed Iscariot, who was of the number of the
44	7	Luke	22	4	"twelve. And he went away, and had a conversation in the temple with the chief priests and scribes and rulers, saying unto them, What are ye willing to give me, and Mt. 26 iS*"""
44	8	Matt	26	15	I will deliver him unto you? And they, when they heard it, were glad, and they appointed unto him thirty silver drachmas.
44	9	Luke	22	6	And he promised them: and from that time he sought opportunity to deliver Jesus unto them without the multitudes.
44	10	Luke	22	6	"And on the first day of the, feast of un- Mk.*14 12 leavened Iread, the disciples came to Jesus,  The order of "" naked "" and "" stranger "" ia here reversed from ver. 47, 50, and 55."
44	11	Luke	22	6	Now before the feast of the passover Jesus knew that the hour was come that he should depart out of this world unto his Father, and he loved his own in this world,
44	12	Matt	26	26	and straightway shall he glorify him. And as they were eating, Jesus took bread, and blessed, and brake, and gave it to his dis- ciples, and said unto them. Take, and eat ;
44	13	Luke	22	6	betray him, and Jesus, knowing that the Father had delivered all things into his hands, and that he came forth from the Father, and was going unto the Father,
44	14	Mark	14	23	ye all of this; and they all drank of it.
44	15	Luke	22	6	And he poured water into the bason, and began to wash his disciples feet, and to wipe them with the towel wherewith he had
44	18	Luke	22	6	hereafter. Simon said unto him. Thou shalt never wash my feet. Jesus saith unto him, If I wash thee not, thou shalt have no part
44	19	Luke	22	6	with me. Simon Cephas said unto him. Then, Lord, wash not my feet only, but also
44	20	Luke	22	6	my hands and my head. Jesus said unto him. He that is bathed needeth not save to wash his feet; then he is entirely clean: and
44	21	Luke	22	6	ye are clean, but not all. For Jesus knew who was his betrayer ; therefore said he, Ye are not all clean.
44	22	Luke	22	6	So after he had washed their feet, he took Jn. 13 I
44	24	John	13	14	well; so I am. If I then, your Lord and Master, have washed your feet, how much more fit is it, that ye should wash one
44	25	John	13	15	anothers feet? For I have given you this example, that ye also may so do, as I have
44	26	John	13	16	done to you. Verily, verily, I say unto you, A servant is not greater than his lord ; neither is an apostle greater than he that sent him.
44	27	John	13	17	If ye know these things, happy shall ye be
44	28	John	13	18	if ye do them. This my saying is not for you all : for I know whom I have chosen : but that the scripture may be fulfilled, He that eateth bread with me hath lifted up his
44	29	John	13	19	heel against me. Prom henceforth I tell you before it come to pass, that when it is come to pass, ye may believe that I am Iw.
44	30	John	13	20	Verily, verily, I say unto you, He that receiveth whomsoever I send receiveth me ; and he that receiveth me receiveth him that
44	31	Luke	22	27	sent me. Which is greater, he that reclineth at meat, or he that serveth ? is not he that reclineth at meat ? I am in the midst of you
44	32	Luke	22	28	as he that serveth. But ye are they which
44	33	Luke	22	30	have continued with me in my sorrows, and I promise unto you, even as my Father promised unto me, a kingdom, that ye may eat and drink upon the table of my kingdom.
44	34	Luke	22	7	And the first day of the feast of un- leavened bread came, on which the Jews are
44	35	Luke	22	8	wont to kill the passover. And Jesus sent two of his disciples, Cephas and John, saying unto them. Go and make ready for us the
44	36	Luke	22	9	passover, that we may eat. And they said unto him, Where  wilt thou that we make
44	37	Luke	22	9	"ready for thee? He said unto them, Go.jJjJJ  Omitting "" and sit on thrones judging the Twelve Tribes of Israel."" But cf. xxix. 7. 2 Cf. ver. 10. THE DIATESSARON. 22 i enter into the city ; and as ye a"
44	38	Luke	22	9	"in, say to the householder, Our Master saith,| - ge igb My time is come ; and I keep the passover with thee. Where is then the lodging, Lu. 22 1 1*"" where I may eat it with my disciples ?"
44	39	Luke	22	12	And he will show you a large upper room furnished and prepared : and there make Mk. \ \
44	40	Luke	22	14	ready for us. And his two disciples went forth, and came into the city, and found even as he had said unto them : and they • made ready the passover, as he had com- manded them. 41 And when the evenin
44	42	Luke	22	15	And he saith unto them. With desire I have desired to eat this passover with you before
44	43	Luke	22	16	I suffer: I say unto you, henceforth I will not eat it, until it be fulfilled in the kingdom of God.
44	44	Mark	14	18	Saying this, Jesus was troubled in the spirit, and testified, and said. Verily, verily, I say unto you, One of you that eateth with
44	45	Mark	14	19	me, he shall betray me. And they were very sorrowful, and began to say unto him
44	46	Mark	14	20	one by one, Is it I, Lord ? He answereth, and saith unto them. One of the twelve, that dippeth his hand with me in the dish, he
44	47	Luke	22	21	shall betray me. And behold, the hand of him that betrayeth me is on the table.
44	48	Mark	14	21	And the Son of man shall go, even as it is written of him : but woe unto that man through whom the Son of man shall be betrayed ! better were it for that man if he
44	49	John	13	22	had not been born. And the disciples observed one another, not knowing whom
44	50	Luke	22	23	he signified. And they began to question i See note to ver. 12.
44	55	Luke	22	23	1 Now there was reclining in his bosom one Jn. 1823
45	1	Luke	3	32	7 And Jesus saith unto Simon, Simon, be- hold, Satan desii-es that he may sift you 8 as wheat : but I make supplication for thee, that thou lose not thy faith : and do thou also, when once thou hast t
45	2	John	14	10	"Cf. xUx. 17. Addai alludes to this, saying, "" He is gone to prejaare for his worshippers blessed mansions, in which they may dwell."" my Father, and my Father is in me? for the words that I speak I spe"
45	15	Mark	14	23	And he said unto them, This is my blood, |jjf-  ;f the new testament, shed for many unto
45	16	Luke	22	19	remission of sins. I say unto you, I wUl not drink henceforth of this juice of the vine, until the day when I shall drink it new with you in the kingdom of God; and so do for my remembrance.
45	19	John	13	33	My children, yet a little while I am with you ; and ye shall seek me : and as I said unto the Jews, Whither I go, ye cannot
45	20	John	13	34	come; I say now unto you also. A new commandment I give unto you, that ye love one another ; and even as I have loved you,
45	21	John	13	35	love ye also each other. By this shall all men know that ye are my disciples, if ye
45	22	John	13	36	have love one to another. Simon Cephas said unto him. Lord, whither goest thou ? Jesus answered, and said unto him. Whither I go, thou canst not follow me now ; but thou shalt come afterwards.
45	23	John	13	36	Then said Jesus unto them. All ye shall Mt. 31 forsake me this night : it is written, I will smite the shepherd, and the sheep of the
45	24	John	13	32	flock shall be scattered abroad. But after my resurrection I wUl go before you into
45	25	John	13	32	"Galilee. Simon Cephas answered, and saith „ 2>2> unto him. Lord, if all forsake thee, I will  Aphraates adds here "" as often as 3-6 come together, showing clearly that Tatian borrowed from the account"
45	26	Luke	22	33	never withdraw from thee: with thee I am ready for prison and for death, and I Jn. 13 37*=
45	27	Luke	22	34	will lay down my life for thee. Jesus said unto him, Wilt thou lay down thy life for me? Verily, verily, I say unto thee, that Mk.214 30 thou to-day, even this night, before the cock crow twice, shalt
45	28	Mark	14	31	knowest me. But Cephas kept speaking further. Even if I come to death with thee, I will not deny thee. Lord. And in like manner also said all the disciples.
45	29	John	14	1	Then saith Jesus unto them, Let not your hearts be troubled : believe in God, and
45	30	John	14	2	believe in me. In my Fathers house are many mansions ; if it were not so, I would have told you ; for I go to prepare  a place
45	31	John	14	3	for you. And if I go away to prepare a place for you, I will return again, and receive you unto myself ; and where I am,
45	32	John	14	4	there shall ye also be. And the place whither I go, ye know, and the way ye
45	33	John	14	5	know. Thauma said unto him. Lord, we know not whither thou goest ; and how shall we have a way to perceive this ?
45	34	John	14	6	Jesus said unto him, I am the way, and the truth, and the life : and no one cometh
45	35	John	14	7	unto my Father, but by me. And if ye had known me, ye would have known my Father : and from henceforth ye have known him,
45	36	John	14	8	and have seen him. Philip said unto him, Lord, shew us the Father, and it sufficeth
45	37	John	14	9	us. Jesus said unto him, All this time am I with you, and have ye not yet known me ? Philip, he that seeth me hath seen the Father ; how sayest thou then, Shew us the
45	38	John	14	10	Father? Believest thou not that I am in
45	40	John	14	12	or else believe for the works sake. Verily, verily, I say unto you, He that believeth on me, the works that I do shall he do also ; and greater works than these shall he do.
45	41	John	14	13	I go unto the Father: and whatsoever ye shall ask in my name, I will do with you, that the Father may be glorified in his Son.
45	42	John	14	14	If therefore ye ask in my name, I wiU do
45	43	John	14	15	ii. If ye love me, keep my commandments.
45	44	John	14	16	And I will pray my Father, and he shall send you another Paraclete, that he may be
45	45	John	14	17	with you for ever, e,wn. the Spirit of truth, whom the world cannot receive : for it hath not seen him, neither known him : but ye know him ; for he abideth with you, and is
45	46	John	14	17	in you. I wUl not leave you orphans: I ,, 18
45	47	John	14	19	wUl come unto you. Yet a little while, and the world shall not see me ; but ye shall see
45	48	John	14	20	me : because I live, ye shall live also. And in that day ye shaU know that I am in my
45	55	John	14	10	39 he doeth these works. Believe that I am Jn. 14 1 1 in my Father, and my Father is in me :
46	1	John	14	21	Father, and ye in me, and I in you. He that hath my commandments, and keepeth them, he it is that loveth me : and he that loveth me shall be loved of my Father, and I will love him, and will manifest 
46	2	John	2	2	unto him. Judas (not the Iscariot) said unto him, Lord, what is the meaning of thy resolution to manifest thyself unto us, and
46	3	John	2	23	not unto the world? Jesus answered, and said imto him. He that loveth me will surely keep my saying : and my Father will love him, and we wiU come unto him, and make
46	4	John	2	24	our abode with him. But he that loveth me not keepeth not my saying: and this
46	5	John	14	25	These things have I spoken unto you,
46	6	John	14	26	while yet abiding with you. But the Para- clete, even the Holy Spirit, whom my Father will send in my name, he shall teach you all things, and bring to your remembrance
46	7	John	14	27	all whatsoever I say unto you. Peace I leave with you ; my peace I give unto you : but ,not as this world giveth, give I unto you. Let not your heart be seized with
46	8	John	14	28	forebodings, neither let it be fearful. Ye heard how I said to you, I go away, and I will come unto you. If ye loved me, would ye not surely rejoice, because I go unto my Father ? for my Father is gre
46	9	John	14	29	And now I tell you before it come to pass, that, when it is come to pass, ye may believe
46	10	John	14	30	on me. I will not now speak much with you, the prince of the world shall come, and
46	11	John	14	31	shall have nothing in me; but that the world may know that I love my Father, and as my Father gave me commandment,
46	12	Luke	22	35	so I do. And he saith unto them. When I sent you forth without purses, and wallets,
46	13	Luke	22	36	and shoes, lacked ye anything? They said unto him. Nothing. He said unto them. Henceforth he that hath a purse, let him take it, and likewise a wallet also : and he that hath no sword, let him sell hi
46	14	Luke	22	37	and buy himself a sword. I say unto you, that this which is written must yet be fulfilled in me, for I shall be reckoned with transgressors : for all things that were said
46	15	John	14	31	concerning me are fulfilled in me. His dis- ciples said unto him. Lord, behold, here are two swords. He said unto them. They are enough. Arise, let us go hence.
46	16	Luke	22	39	And they rose up, and when they had given thanks, they went out, and went, according to their custom, unto the mount of Olives, he and his disciples.
46	17	John	15	1	And he saith unto them, I am the true vine, and my Father is the husbandman.
46	19	John	15	3	fruit. Already ye are clean because of the saying which I have spoken unto you.
46	20	John	15	4	Abide in me, and I in you. For even as the branch of the vine cannot bear fruit of itself, except it abide in the vine ; so neither
46	21	John	15	5	can ye, except ye abide in me. I am the vine, and ye are, the branches : He that abideth in me, and I in him, the same beareth much fruit : for without me ye can
46	22	John	15	6	do nothing. But if any man abide not in me, he shall be cast forth as a withered branch, which is gathered, and cast into the
46	23	John	15	7	fire to burn. If ye abide in me, and my word abide in you, whatsoever ye shall wish
46	24	John	15	8	to ask shall be done unto you. And herein shall the Father be glorified, that ye bear
46	25	John	15	9	much fruit, and be my disciples. And even as the Father hath loved me, I also have
46	26	John	15	10	loved you: abide ye in my love. If ye keep my commandments, ye shall abide in my love ; even as I have kept my Fathers
46	27	John	15	11	commandments, and abide in his love. These things have I spoken unto you, that my joy may be in you, and that your joy may be
46	28	John	15	12	fulfilled. This is my commandment, that ye love one another, even as I have loved
46	29	John	15	13	you. And there is no greater love than this,
46	30	John	15	14	that a man give his life for his friends. Ye are my friends, if ye do all things which I
46	32	John	15	15	you. Ye did not choose me, but I selected Jn. 15 i6 you, and appointed you, that ye also should go and bring fruit, and thM your fruit should abide : and whatsoever ye shall ask of the Father in my na
46	33	John	15	17	This I command you, that ye love one
46	34	John	15	18	another. And if the world hateth you, know that it hath hated me before it hated
46	35	John	15	19	you. For if ye had been of the world, the world would love what is its own : but ye are not of the world. I chose you out of the world, therefore the world hateth you.
46	36	John	15	20	Eemember the saying that I spake unto you, A servant is not greater than his lord. If therefore they cast me out, they will cast you out also ; and if they kept my word,
46	37	John	15	21	they will keep your words also. But all these things will they do unto you for my names sake, because they know not him
46	38	John	15	22	that sent me. For if I had not come and spoken unto them, they would not have had sin : but now they have no excuse for their
46	39	John	15	23	sins. He that hateth me hateth my Father
46	40	John	15	24	also. And if I had not done before them the works which none other did, they would not have had sin : but now have they seen
46	41	John	15	25	and hated both me and my Father, that the saying may be fulfilled that is written in their law. They hated me without a cause.
46	42	John	15	26	But when the Paraclete is come, whom I will send unto you from my Father, even the Spirit of truth, which proceedeth from my Father, he shall bear witness of me :
46	43	John	15	27	and ye shall bear witness, because ye are with me from the beginning.
46	44	John	15	27	These things have I spoken unto you, that „ 1 6 i
46	45	John	15	2	ye should not be disquieted. For they shall put you out of their synagogues: and the THk DIATESSARON. 229 hour will come, that every one that shall kill you wUl think that he presenteth an
46	46	John	16	3	offering unto God. And these things will they do unto you, because they know not
46	47	John	16	4	m6, nor my Father. Thse things have I spoken unto you, that when the hour is come, ye may remember them, how that I
46	48	John	16	5	told you. And these things I said not unto you before, because I was with you. And now I go unto him that sent me ; and none
46	49	John	16	6	of you asketh me, whither I go. Now I have spoken these things unto you, and sorrow hath come, and seized your hearts.
46	50	John	16	7	Nevertheless I tell you the truth: It is expedient for you that I go away : for if I go not away, the Paraclete will not come unto you ; but if I go, I will send him unto
46	51	John	16	8	you. And when he- Cometh, he will convict the world in respect of sin, and of righteous-
46	52	John	16	9	ness, and of judgment: of sin, because they
46	53	John	16	10	believed not on me; but of righteousness,
46	54	John	16	11	because I go to my Father; and of judg- ment, because the prince of this world is
46	57	John	16	14	come. And he shall glorify me : for he shall take from me, and shall show ii unto you.
46	58	John	16	15	All things that my Father hath are mine: therefore said I unto you, that he shall take of mine, and shall show it unto you.
47	1	John	1	6	A little while, and ye shall not see me ; and again a little wMU, and ye shall see me,
47	2	John	1	17	because I go to the Father. His disciples > Cf. John Xiv. 26. .230 THE DIATESSARON. therefore said one to another, What is this that he said unto us, A little wMe, and ye shall not see me ; and again 
47	3	John	16	18	Father? And they said, What is this little wMle which he said ? We know not what
47	4	John	16	19	he saith. And Jesus perceived that they were desirous to ask him, and said unto them. Do ye inquire of one another, because I said unto you, A little wMle, and ye shall not see me ; and again a little
47	5	John	16	20	shall see me ? Verily, verily, I say unto you, that ye shall lament and be sad, but the world shall rejoice : and ye shall be sorrowful, but your grief shall be turned into joy.
47	6	John	16	21	For a woman, when the time of bearing draweth near unto her, the coming of the day of her delivery oppresseth her : but when she hath brought forth the child, she remembereth not the anguish, for the 
47	7	John	16	22	that a man is born into the world. Even ye therefore are sad now : but I will surely see you, and your heart shall rejoice, and your joy no one shall take away from you.
47	8	John	16	23	And in that day ye shall ask me nothing. Verily, verily, I say unto you. Whatsoever ye shall ask of my Father in my name, he
47	9	John	16	24	will give it you. Hitherto have ye asked nothing ia my name : ask, and ye shall re- ceive, that your joy may be fuU.
47	10	John	16	25	Now have I spoken unto you in proverbs : but an hour and a time shall come, when I shall not speak unto you in proverbs, but shall reveal to you the Father by an open
47	11	John	16	26	revelation. In that day ye shall ask in my name : and I say not unto you, that I will
47	13	John	16	28	Father. I came out from my Father, and am come into the world: and I leave the
47	14	John	16	29	world, and go unto my Father. His dis- ciples said unto him, Lo, now thy words aie cltr, and thou hast spoken nothing in a
47	15	John	16	30	proverb, Lo, now know we that thou knowest all things, and needest not that any man should ask thee : and by this we believe that thou earnest out from Grod. J- } Jesus said unto them, Beheve that an 
47	19	John	17	1	This spake Jesus ; and lifting up his eyes to heaven, he said. My Father, the hour is come; glorify thy Son, that thy Son may
47	20	John	17	2	glorify thee : even as thou gavest him authority over all flesh, that everything, that thou hast given him, to it he should give
47	21	John	17	3	eternal hfe. And this is life eternal, that they may know that thou art the only true Gkxl, and that he, whom thou didst send, is
47	22	John	17	4	Jesus the Messiah. I have glorified thee on the earth, and I have accomplished the
47	23	John	17	5	work which thou gavest me to da Xow therefore, thou Father, glorify me with thine own self with the glory which I had with thee
47	24	John	17	6	bore the world was. I taught thy name unto the men whom thou cjavest me out of the world : thine they were, and thou gavest tjiem to me : and they have kept thy say-
47	25	John	17	6	ing. Xow they know that all things which  7
47	26	John	17	6	thou hast ven me are from thee : and the „ S words which thou gavesli me I have pre- sented unto them ; and they received them, and knew of a truth that I came out from thee, and they believed that th
47	27	John	17	9	send me. And I pray for them: and my petition is not for the world, but for these whom thou hast given me; for they are
47	28	John	17	10	thine: and all my thiags are thine, and all thine are mine : and I am glorified in them.
47	29	John	1	1	And now I am not in the world, and these are in the world, and I come to thee. Holy Father, keep them in thy name, whom thou hast given me, that they may be one, even
47	30	John	1	12	as we are. When I was with them in the world I kept them in thy name. For those, whom thou hast given me, have I guarded, and not one of them perished, but the son of perdition ;  that the scripture m
47	32	John	1	14	fulfilled in themselves. I have given them thy saying ; and the world hated them, be- cause they are not of the world, even as I
47	33	John	1	15	am not of the world. For I seek not this, that thou shouldest take them from the world, but that thou shouldest keep them from
47	34	John	1	16	the evil ome. They are not of the world, even
47	35	John	1	17	as I am not of the world. Father, sanctify them in the truth : for thy saying is truth.
47	36	John	1	18	And even as thou didst send me into the world, I also send them into the world.
47	37	John	1	19	And for their sakes I sanctify myself, that they themselves also may be sanctified in
47	38	John	1	20	the truth. And not for them only do I pray, but for them that are about to believe
47	39	John	1	21	on me through their word; that they may all be one ; even as thou art in me, and I in thee, that they also may be one in us : that the world may believe that thou didst send
47	40	John	1	22	me. And the glory which thou hast given me I have given unto them ; that they may
47	41	John	1	23	be one, even as we are one ; I in them, and thou in me, that they may be perfected into one; and that the world may know that thou hast sent me, and that I have loved
47	42	John	1	23	them, even as thou hast loved me. Father, Jn, 17 24 those whom thou hast given me, I will that, where I am, they also may be with me ; that they may see my glory, which thou hast given me: for thou lo
47	43	John	1	25	foundation of the world. my righteous Father, the world knew thee not, but I know thee ; and these knew that thou didst send
47	44	John	1	26	me ; and I made known unto them thy name, and will make it known; that the love wherewith thou lovedst me may be ia them, and I may be in them.
47	58	John	1	26	1 This spake Jesus, and went forth with his „ 18 I disciples to the place which is called Geth- senume, over the brook Cedron, to the mountain, the place wherein was a garden, into which he entered, h
48	1	Matt	26	40	1 sleeping, and said unto Cephas, Simon, sleepest thou ? So, could ye not watch 2 with me one hour ? Watch and pray, that ye enter not into temptation : the spirit is eager and ready, but the body is 
48	2	Luke	22	45	the end is at hand ; and the hour is come ; and, behold, the Son of man shall be betrayed
48	3	Luke	22	48	5 the swords ? Simon Cephas therefore hav- ing a sword drew it, and struck the high priests servant, and cut off his right ear. And that servants name was Malchus.
48	4	Matt	26	22	said. And when he had said these words, one of the soldiers standing by struck the cheek of Jesus, sayiag unto him, Answerest
48	5	Matt	26	58	"5 down around it : and Simon also came, and Jn. 18 i S"""" sat down with them, to warm himself, that he might see the end of what would happen."
48	6	Matt	26	24	smitest thou me ? And Annas sent Jesus bound unto Caiaphas the high priest.
48	7	Matt	26	25	And when Jesus went out, Simon Cephas was standing in the outer court, warming
48	8	Matt	26	71	himself. And the maid saw him again, and began to say to them that stood by. This man also was there with Jesus of Nazareth.
48	9	Matt	26	73	And they that stood by came and said to Cephas, Of a truth thou art one of his
48	10	Matt	26	72	disciples. And again he denied with an
48	11	John	18	26	oath, I know not the man. And after a little while one of the servants of the high priest, a kinsman of him whose ear Simon
48	13	Matt	26	42	Again a second time he went away, and prayed, saying, my Father, if this cup cannot pass away, except I drink it, thy
48	14	Mark	14	40	will be done. And again he returned, and found his disciples sleeping, for their eyes were weighed down for sorrow and anxiety ; and they knew not what to answer him.
48	15	Matt	26	44	And he left them, and went away again, and prayed a third time, saying the same
48	16	Luke	22	43	speech. And there appeared unto him an
48	17	Luke	22	44	angel from heaven, strengthening him. And whUe he was afraid  he prayed with unin- terrupted prayer : and his sweat became as it were a stream of blood, and feU down
48	18	Luke	22	45	upon the ground. Then he rose up from the prayer, and came unto his disciples,
48	19	Luke	22	45	and found them sleeping, and said unto them. Sleep on now, and take your rest :
48	21	Luke	22	45	into the hands of sinners. Arise, let us be going : he is at hand that shall betray me.
48	22	Luke	22	45	While he yet spake, came Judas the betrayer, one of the twelve, and with him a great multitude carrying lanterns and torches, and swords and staves, having been sent by the chief priests and scribes a
48	23	Luke	22	48	Eomans. Now Judas the betrayer gave them a sign, saying. He whom I shall kiss,
48	24	Luke	22	48	And Jesus, knowing all the things that were about to come upon him, went out unto
48	25	Luke	22	48	them: and straightway the traitor Judas came to Jesus, and said. Hail, Master ; and
48	26	Luke	22	48	46> Jj is he : take him boldly, and lead him away.
48	27	Luke	22	48	this? And Jesus said unto them which were come unto him. Whom seek ye ?
48	28	Luke	22	48	They said unto him, Jesus of Nazareth. Jesus said unto them, I am he. And Judas also, the betrayer, was standing with them.
48	29	Luke	22	48	And when Jesus said unto them, I am Ae, they went backward, and fell upon the
48	30	Luke	22	48	ground. And again Jesus asked them. Whom seek ye ? They answered, Jesus of
48	31	Luke	22	48	Nazareth. Jesus said unto them, I told you that I am he, : if therefore ye seek me,
48	32	Luke	22	48	let these go their way: that the saying might be fulfilled which he spake. Of those whom thou hast give me I have not lost
48	33	Luke	22	48	one. Then they that were with Judas, came and laid hands on Jesus, and took him.
48	34	Luke	22	48	And when his disciples saw what happened, they said, Lord, shall we smite them with
48	36	Luke	22	48	Jesus said unto Cephas, The cup which my Father hath given me, shall I not drink it ?
48	37	Luke	22	48	Put up the sword into its sheath, for all they that shall attack with the sword, shall
48	38	Luke	22	48	"perish with the sword. Or thinkest thou Mk. 14 44 Jn. 18 4= Mt. 26 49 Lu. 22 48 Mt. 26 50 Lu.2 22 52 Jn. 18 4 Mt. 26 50""= Lu. 22 49 Jn. 18 10 Mt. 26 e * Perhaps "" carefully."" of this chapter.  "" Put ."
48	39	Matt	26	54	twelve legions 0! angels? How then shall the scriptures be fulfilled, which say, that
48	40	Matt	26	54	"thus it must come to pass? After this he Lu. 22 5 1*"" gently touched the ear which he had struck,"
48	41	Matt	26	55	and healed it. And in that hour said Jesus to the multitudes. Are ye come out against me, as an attack is made on a robber, with swords and staves to seize me ? I sat daUy with you in the temple teach
48	42	Matt	26	55	took me not : but this is your hour, and the Lu. 2253
48	43	Matt	26	56	power of darkness. And this came to pass, that the scriptures of the prophets might be fulfilled. Then all the disciples left him, and fled.
48	44	Matt	26	56	So the band and the captains and the Jn. 18 12 soldiers of the Jews took Jesus, and went
48	45	Mark	14	51	their way. And a certain yoimg man was following him, naked, wrapped in a Hnen
48	46	Mark	14	52	cloth; and they laid hold on him; but he let go the linen cloth, and fled away naked.
48	47	John	18	13	Then they seized Jesus, and bound him, and led him to Annas first ; for he was father-in-law to Caiaphas, which was high
48	48	John	18	14	priest that year. Now it was Caiaphas which had given counsel to the Jews, It is expedient that one man should die for the people.
48	49	John	18	15	And Simon Cephas followed Jesus, and so Aid, another disciple. Now that disciple was known unto the high priest, and entered in
48	50	John	1	6	with Jesus into the court; but Simon was standing at the door without. And that other disciple, which was known unto the high priest, went out and spake unto the * See three verses lower. with the den
48	51	John	18	17	portress, and she brought Simon in. And when the maid, the portress, saw Simon, she looked at him, and saith unto him. Art not thou also one of the disciples of this man,
48	52	Mark	14	68	that is to say, of Jesus of Nazareth? And he denied, saying, Woman, I know him not : nor do I even understand what thou sayest.
48	53	John	18	18	Now the servants and the soldiers rose up, and kindled a fire in the midst of the court
48	54	Luke	22	55	to warm themselves; for it was cold. And when they had kindled the fire, they sat
48	59	Matt	26	58	1 The high priest therefore asked Jesus of Jn. 1819
49	1	John	18	26	3 Galilaean, for his speech is similar. And he | jj jg | said unto Simon, Did not I see thee in the
49	2	Luke	22	66	devices ; and they took counsel against Jesus
49	3	Mark	14	60	"A mistake for Mark xiv. seiJ ; see ver. 26 below. Mt. i"" » 59 )) 60* Mk. Mt."
49	4	Luke	23	7	Is this man a Galilaean ? And when he knew that he was under. Herods jurisdiction, he sent him unto Herod, for he was at Jerusalem in those days.
49	5	John	18	34	1 the King of the Jews ? Jesus saith unto him, Sayest thou this of thyseK, or did
49	6	Luke	23	9	pected to see some sign from him. And he questioned httn in many words ; but Jesus
49	7	Luke	23	10	answered him nothing. And the scribes and the chief priests stood, accusing him violently.
49	8	Luke	23	11	And, Herod with his attendants set him at nought, and after he had mocked him, he arrayed him in a scarlet robe, and sent him
49	9	Luke	23	12	to Pilate. And Pilate and Herod became friends on that day : for before there was enmity between them.
49	10	Luke	23	13	And Pilate called together the chief
49	11	Luke	23	14	priests and the rulers of the people, and said imto them. Ye brought unto me this man, as one that perverteth your people : and I examined him before you, and found no fault in this man out of all the
49	12	John	18	26	cut off, saw him, and disputing, said, Of a Lu. 22 59 truth this man was with him ; he also is a
49	14	Mark	14	71	garden with him? Then Simon began to curse and to swear, I know not this man,
49	15	Luke	22	60	whom ye mention. And immediately, while
49	16	Luke	22	61	he yet spake, the cock crew twice. And in that hour Jesus, who was outside, turned, and looked upon Cephas. And Simon re- membered the word of our Lord, which he
49	17	Luke	22	61	had -said unto him. Before the cock crow Mk.*14 30
49	18	Luke	22	62	twice, thou wilt deny me thrice. And Simon went out, and wept with a bitter weeping.
49	19	Luke	22	66	And when the morning drew near, there came together all the guards of the temple, the chief priests and scribes, and elders of the people, and all the multitude, and framed
49	20	Matt	27	15	Now at every feast the governor was wont to release unto the people one prisoner,
49	21	Luke	22	66	to put him to death. And they sought false witnesses, who should bear witness against Jesus, that they might put him to
49	22	Luke	22	66	death; and they found them, not, and many
49	23	Luke	22	66	false witnesses came; and their witness was
49	24	Luke	22	66	not in agreement. But at last came two
49	25	Luke	22	66	"false witnesses, and said. We heard him say,/  57*"" I will destroy this temple of God, made "" with hands, and after three days I will build"
49	26	Mark	14	59	another made without hands. And not even
49	27	Mark	14	60	so was their witness in agreement. But Jesus held his peace. And the high priest rose up into the midst, and asked Jesus, saying,
49	28	Matt	26	62	Answerest thou nothing to what these wit-
49	29	Mark	14	61	ness against thee? But Jesus held his
49	30	Luke	22	66	peace, and answered him nothing. And they led him up into their temple, saying
49	31	Luke	22	67	unto him, If thou art the Messiah, tell us. He said unto them. If I tell you, ye will
49	33	Matt	26	63	not answer me a word, nor let me go. And the high priest answered, and said unto him, I adjure thee by the living G-od, that thou tell us whether thou be the Messiah, the
49	34	Matt	26	64	Son of the living God. Jesus said unto
49	35	Luke	22	70	him. Thou hast said ii, because I am. They all said unto him. Art thou then the Son of God ? Jesus saith, Ye say it, because I am ;
49	36	Matt	26	64	1 say unto you. Henceforth ye shall see the Son of man sitting at the right hand of power, and coming on the clouds of heaven.
49	37	Matt	26	64	Then the high priest rent his coat, saying, Mk. 1463*
49	38	Matt	26	64	"He hath spoken blasphemy. And they allju; 227?"" said, Why do we still seek for witness ? we have now heard the blasphemy from his"
49	40	Luke	22	63	and said. He is worthy of death. Then some of them came near, and spat into his face, and struck him, and mocked him.
49	41	Matt	26	68	And the soldiers, smiting his cheeks, said, Prophesy unto us, Messiah, who is he that
49	42	Luke	22	65	struck thee? And many other things spake they against him, blaspheming.
49	43	Mark	15	1	And the whole council of them rose up, and took Jesus, and brought him bound into the Praetorium;* and delivered him up
49	44	John	18	28	to Pilate the governor: and they themselves entered not into the Praetorium, that they
49	45	John	18	29	the passover. Now Jesus stood before the Mt. 27 1 1 governor: and Pilate went out unto them outside, and said imto them. What accusa-
49	46	John	18	30	tion have ye against this man ? They answered, and said unto him. If he had not done evil, we should not have delivered
49	47	Luke	23	2	him up unto thee. We found this man subverting our people, and forbidding to give tribute to Caesar, and saying that he him-
49	48	John	18	31	self is the king, the Messiah. Pilate said unto them. Take him yourselves then, and judge him according to your law. The Jews said unto him. We have no authority to put
49	49	John	18	32	any man to death: that the word might be fulfilled, which Jesus spake, when he signified by what manner of death he was about to die.
49	50	John	18	33	And Pilate entered into the Praetorium, and called Jesus, and said unto him. Art thou
49	52	John	18	35	others tell it thee concerning me? Pilate said unto him. Am I a Jew ? The sons of thine own nation and the chief priests de- livered thee unto me : what hast thou done ?
49	53	John	18	36	Jesus said unto him. My kingdom is not of this world : if my kingdom were of this world, my servants would certainly fight, that I should not be delivered to the Jews :
49	54	John	18	36	now is my kingdom not from hence. Pilate „ 2)1 said unto him. Then thou art a king ? Jesus saith unto him. Thou sayest it, because I am a king. And for this cause have I been born, and for this am I c
49	55	John	18	38	heareth my voice. Pilate said unto him, And what is truth ? And when he had said this, he went out THE DIATESSAROir. 241
49	60	Matt	27	13	17 Then saith Pilate unto him, Hearest thou not how many things they witness against
50	3	Mark	15	13	2 They all cried out, saying, Crucify him.
50	5	John	1	2	thee ? Jesus saith unto him. Thou wouldest have no power against me, except it were given thee from above : therefore he that delivered me unto thee hath a greater sin 1 than, thy sin. And because of 
50	31	Matt	27	22	unto you? They said, Barabbas. Pilate said unto them, What then shall I do con- cerning Jesus, which is called Messiah ?
50	33	Luke	23	20	And Pilate spake unto them again, for he
50	34	Luke	2	1	desired to release Jesus; but they cried out, saying, Crucify, crucify him, and release
50	35	Luke	2	22	unto us Barabbas. And Pilate said unto them the third time, What evil hath this man done ? I have found no cause deserv- ing of death in him : I will chastise him
50	36	Luke	2	23	and release him. But they were the more urgent with a loud voice, demanding that he should crucify him. And their voice, and the voice of the chief priests prevailed.
50	37	Luke	2	23	Then Pilate released unto them Barabbas, j- 23 2* who for insurrection and murder had been cast into prison, whom they asked for; but Jesus he scourged. Mt.
50	38	Luke	2	23	Then the soldiers of the governor took „ Jesus, and brought him into the Praetorium, and gathered unto him the whole band.
50	39	Luke	2	23	And they stripped him, and clothed him „
50	40	Luke	2	23	in a scarlet cloke, and arrayed him in a Jn. purple garment ; and plaited a crown of
50	41	Matt	27	29	thorns, and put it on his head, and a reed in his right hand; and, mocking and de- riding him, they kneeled down before him, and did obeisance, saying. Hail, King of
50	42	Matt	27	30	the Jews ! And they spat into his face, and took the reed from his hand, and smote
50	43	Matt	27	30	"his head, and they struck his cheeks. And ] ""  Pilate went out again, and said unto the Jews, I bring him out to you, that ye may know that I find no cause for his condemna-"
50	44	John	19	5	tion. Jesus therefore went out, wearing the crown of thorns and the purple garment. Pilate said unto them. Behold, the man ! * The last clause of this verse is omitted, and its equivalent is supplied 
50	45	John	19	6	And when the chief priesta and the officers saw him, they cried out, saying. Crucify him, crucify him. Pilate said unto them, Take him yourselves, and crucify him: for I find
50	46	John	19	8	no cause in him. The Jews said unto him, We ,have a law, and according to our law he is deserving of death, because he made him- ■ 47 self .the Son of God. And when Pilate heard this saying, he was th
50	48	John	19	9	and he entered into the judgment-hall  again, and said unto Jesus, Whence art thou ?
50	49	John	19	10	But, Jesus answered him not a word. Pilate said unto him, Speakest thou not unto me ? knowest thou not that I have power to release thee, and have power to crucify
51	1	John	1	13	And when Pilate had heard this saying, he, brought Jesus out, and sat down on the tribunal, at the place called The Pavement,
51	2	John	1	14	but in Hebrew it is called Gabbatha. Now that day was the Friday  of the passover : and ,it was about the sixth hour ; and he said unto the Jews, Behold your king !
51	3	John	1	15	But they cried out. Away with him, away with him, crucify him, crucify him. Pilate said unto them. Shall I crucify your king ? The chief priests said unto him, We have ■ 4 no king but Caesar. And when
51	5	Matt	27	25	see ye to it. And aU the people answered, and said, His blood he on us, and on our
51	6	John	19	16	children. Then Pilate commanded that consent should be given to their petition, and he delivered Jesus up to be crucified according to their wish.
51	7	Matt	27	3	Then Judas the betrayer, when he had seen Jesus condemned, went away, and gave back the thirty pieces of silver to the chief
51	8	Matt	27	3	priests and elders, saying, I have sinned in ., 4 that I betrayed innocent blood. They said unto him. What is that to us ? see thou to it.
51	9	Matt	27	5	And he cast down the, money in the temple, and departed ; and he went away, and
51	10	Matt	27	6	hanged himself. And the chief priests took the money, and said. We have no right to put it into the ark of offerings, for it is the
51	11	Matt	27	7	price of blood. And they took counsel, and bought with it a potters field for the burial
51	12	Matt	27	8	of strangers. TTierefore that field was called. The field of blood, unto this day.
51	13	Matt	27	9	Then was fulfilled that which was spoken through the prophet,® saying, I took the thirty pieces of silver for the price of the great one, which was fixed by the children of
51	14	Matt	27	9	Israel ; and I paid them for the potters „ lO field, as the Lord commanded me.
51	15	John	19	17	And the Jews took Jesus, and went away < - \y, to crucify biTn : and when he had taken iip
51	16	Matt	27	31	"his cross and gone out, they took off from  Or, "" assailed."" Judas could scarcely have had this interview with the chief priests before the condemnation by PHate. Tatians displacement here would seem "
51	17	Matt	27	32	And as they were going away with him, they found a man of Gyrene, coming from the country, Simon by name, the father of Alexander and Eufus; him they impressed,
51	18	Luke	23	26	that he might bear the cross of Jesus. And they took up the cross, and laid it on him, that he might bear it, and come after Jesus. And Jesus went on with his cross behind him.
51	19	Luke	23	27	And there followed him much people, and women who lamented and were excited
51	20	Luke	23	28	on,, account of Jesus. But Jesus turning unto them said. Daughters of Jerusalem, weep not over me, weep over yourselves, and
51	21	Luke	23	29	over your children. The days will come, in which they shall say. Blessed are the barren, and the wombs that bare not, and the
51	22	Luke	23	30	breasts that gave not suck. Then shall they begin to say to the mountains. Fall on us ;
51	23	Luke	23	31	and to the hills, Cover us. For if they do thus in the green tree, what shall be done in the dry ?
51	24	Luke	23	31	And they brought with Jesus two others
51	25	Luke	23	31	of the malefactors to be put to death. And when they were come unto the place which is called. The skull, and is called in Hebrew Golgotha : there they crticified him. With him they crucified those tw
51	26	Luke	23	31	And the scripture was fulfilled, which said,
51	27	Matt	27	34	He was reckoned with transgressors. And they gave him wine to drink and myrrh, and vinegar mingled with gall; and when
51	28	John	19	23	And the soldiers, when they had crucified Jesus, took his garments, and divided them into four parts, to each band of soldiers a part. Now his coat was without seam,
51	29	John	19	24	woven from the top throughout. They said therefore one to another, Let us not divide it, but cast lots for it, whose it shall be. And the scripture was fulfilled, which saith. They parted my garments 
51	30	Matt	27	36	This the soldiers did; and they sat, and
51	31	John	19	19	kept guard over him there. And Pilate wrote on a tablet the cause of his death, and put it on the wood of the cross above his head. And there was written thus in it: THIS IS JESUS OF NAZARETH, THE
51	32	John	19	20	KING OF THE JEWS. And this board read many of the Jews : for the place where Jesus was crucified was nigh to the city: and it was written in Hebrew, in Greek, and
51	34	John	19	22	Pilate said unto them, What is written, is
51	35	Matt	27	39	written. And the people stood beholding. And they that passed by railed on him,
51	37	Matt	27	41	the cross. In like manner also the chief priests, and scribes and elders, and the Pharisees mocked him, and laughed to each
51	38	Matt	27	41	other, saying. The saviour of others cannot
51	39	Matt	27	41	save himself: If he is the Messiah, the chosen of God, and the King of Israel ; let him now come down from the cross, that
51	40	Matt	27	43	we may see, and believe on him. Having )» 42- Lu. 35- Mt. 42 trusted in God, let him deliver him now, if he hath pleasure in him : for he said, I am
51	41	Luke	23	36	the Son of God. And the soldiers also mocked him, coming to him, and offering
51	42	Luke	23	37	him vinegar, saying unto him. If thou art
51	43	Matt	27	44	the King of the Jews, save thyself. In like manner the robbers also that were crucified with him reproached him.
51	44	Luke	23	39	And one of the two criminals which were crucified with him railed on him, saying, If thou art the Messiah, deliver thyself, and
51	45	Luke	23	40	deliver us also. But his companion rebuked him, sayiug unto him, Dost, not even thou fear God, seeing thou art in the same con-
51	46	Luke	23	41	demnation ? We indeed justly, and even as we have deserved, and according as we have done are we rewarded : but this man hath done nothing really deserving of blame.
51	47	Luke	23	41	And he said unto Jesus, Lord, remember me ., 42
51	48	Luke	23	43	when thou comest into thy kingdom. Jesus said unto him. Verily I say unto thee. To- day shalt thou be with me in Paradise.
51	49	John	19	25	Now there stood by the cross of Jesus his mother, and his mothers sister, Mary, who is named  after Cleophas, and Mary Magda-
51	50	John	19	26	"lene. And Jesus saw his mother, and the disciple, whom he loved, standing by, and said unto his mother, ""Woman, behold, thy"
51	51	John	19	27	son! And he saith to the disciple. Behold, thy mother ! And from that hour the dis- ciple took her unto himself.
51	54	Matt	27	47	me? And some of them that stood there, when they heard it, said, This man calleth Elijah.
52	1	John	19	28	After these things Jesus, knowing that scripture might be accomplished, said, I
52	2	Matt	27	48	thirst. Now there was set theTe a vessel full of vinegar: and in that hour one of them ran, and took a sponge, and filled it
52	3	Matt	27	48	with the vinegar, and fastening it to a reed, Mk. 36 held it near his mouth to give him to drink.
52	4	Matt	27	48	And when Jesus had received the vinegar,
52	5	Matt	27	48	he said. Everything is finished. But the rest said. Let hiin, be ; let us see whether
52	6	Matt	27	48	Elijah cometh to dehver him. And Jesus said, My Father, forgive them ; for they
52	7	John	19	30	know not what they do. And Jesus, crying again with a loud voice, said, My Father, into thy hands I commend my spirit. This he said; and he bowed his head, and gave up his spirit.
52	8	Matt	27	51	And straightway the face of the door of the temple was rent in twain from top to bottom ; and the earth did quake ; and the
52	9	Matt	27	52	rocks were rent ; and the tombs were opened ; and the bodies of many saints that slept
52	10	Matt	27	53	rose up, and went forth; and after his resurrection they entered into the holy city,
52	12	Matt	27	54	ingly, and glorified God, saying, This man Lu. 23 \f was righteous: and. Truly he was the Son
52	13	Luke	23	48	of God. And all the multitudes that were come together to the sight, when they beheld what had happened, returned smiting their breasts.
52	14	Luke	23	48	Now the Jews, because it was the Friday, Jn. 19 3 1 said, Let not these bodies remain on the wood, for it is the dawn of the sabbath : for that sabbath day was a great day. They asked therefore of Pil
52	15	Luke	23	32	crucified, and take them away. The soldiers therefore came, and brake the legs of the first, and of the other which was crucified
52	16	Luke	23	32	"with him: but when they came to Jesus, „ "">)■}) they saw that he was dead already; and"
52	18	Luke	23	35	And he that hath seen hath borne witness, and his witness is true : and he knoweth that he saith true, that ye also may beUeve.
52	19	Luke	23	36	These things came to pass that the scripture might be fulfilled, which saith, A bone shall
52	20	Luke	23	37	not be broken in him: and also the scrip- ture which saith. They shall look on him whom they pierced.
52	21	Luke	23	37	And all the acquaintance of Jesus stood La 23 49 afar off, and the women that had come with
52	22	Mark	15	40	following him, and ministering unto him : of whom one was Mary Magdalene, and Mary the mother of James the less and of Joses, and the mother of the sons of Zebedee, Mt. SV 56c
52	23	Luke	23	49	and Salome, and many other women which j  °\ had come up with him unto Jerusalem; and they saw these things.
52	24	Mark	15	42	And when the evening of the Friday was come, on account of the entrance of the
52	25	John	19	38	sabbath, there came a man named Joseph, rich avd a councillor, of Arimathaea, a city of Judaea, who was a good man and upright, and a disciple of Jesus, who concealed him-
52	26	Luke	23	51	self, being afraid of the Jews; but he had not consented to the counsel and deeds of the accusers, and was looking for the kingdom
52	27	Mark	15	43	of God. This man then came, and went in unto Pilate, and requested of him the body
52	28	Matt	28	7	7= Lu.
52	29	Matt	27	58	befpre the usual time. And when he had learned it, he commanded him to deliver up
52	30	John	19	38	his, body to Joseph. And Joseph bought a clean linen cloth, and took down the body of .Jesus, and wound him in it. They came
52	31	John	19	39	therefore, and took it away. And there came unto him also Mcodemus, who had before come to Jesus by night, bringing with him a mixture of myrrh and aloe, about a
52	32	John	19	40	hundred pounds. So they took the body of Jesus, and wrapped it in hnen cloths and spices, as the custom of the Jews is to bury. there was a garden ; and in the garden a new tomb hewn out in the rock, 
52	34	John	19	42	man had ever yet been laid. There then, because the sabbath had entered in, and because the tomb was nigh at hand, they
52	35	John	19	42	"left Jesus: and they rolled a great stone, Mt. 27 6d"" and thrust it to the door of the tomb, and ,"
52	36	Mark	15	47	departed. And Mary Magdalene and Mary named after Joses came after them unto 37the tomb, and sat down over against the Lu. . 23  tomb, and saw how they brought in and
52	38	Mark	16	1	placed the body there. And they returned, and bought spices and ointments, and turned back that they might come and anoint it.
52	39	Mark	16	1	"But on the day which was the day of the Lu. IZ t sabbath, they left oft"" because of the com- mandment."
52	40	Matt	27	62	Now the chief priests and the Pharisees
52	41	Matt	27	63	came together unto Pilate, and said unto him, Sir, we remember that that misleader said, while he was yet aUve, After three
52	42	Matt	27	64	days I will rise again. And now be before- hand in guarding the sepulchre until three days, lest haply his disciples come and steal him by night, and they will say unto the people, He is risen from th
52	43	Matt	27	64	He said unto them, Have ye not a guard ? „ 65 go your way, guard it as ye know how.
52	44	Matt	27	66	And they went, and made the sepulchre sure, and sealed the stone, together with the guards.
52	45	Luke	24	1	Now on the evening of the sabbath which „ 28 l* is the dawn of the first day, at very early
52	46	Luke	24	1	dawn, behind the rest came Mary Magdalene Mt. 28 and the other Mary and the other women to see the sepulchre, carrying with them the Lu. 24 l
52	47	Mark	16	3	spices which they had prepared. And they said among themselves, Who shall remove for us the stone from the door of the tomb ? b said so, a great earthquake took place ; and
52	48	Mark	16	3	for it was exceeding great. And when they <-y 28 2» * Tlie second leaf missing from the Vatican MS. seems to have extended from this verse to liii. 4 inclusive, this passage being obtained from the Bo
52	50	Matt	28	3	the stone. And his appearance was as • lightning, and his raiment white as snow :
52	52	Matt	28	2	49; And they came and found the stone removed from the tomb and the angel sitting upon
52	53	Luke	24	4	1 the place where our Lord was laid. And while they were ■ perplexed thereabout, be- hold, two men stood above them in dazzling
52	54	Matt	28	5	were amazed. And the angel answered, and said unto the women. Fear not ye : for I know that ye seek Jesus of Nazareth, which
52	55	Matt	28	6	hath,, been Crucified. He is not here; for he is risen, even as he said. Come and see
53	1	John	20	4	know not where they have laid him, Simon therefore went forth and that other disciple, 1 and they came to the tomb. And they ran both together : and that disciple hastened and got before Simon, and ca
53	2	John	20	17	5 And on the first day, the day whereon he Mk. 16:9 rose, he appeared first to Mary Magdalene, from whom he had cast out seven devils.
53	3	Luke	24	13	9 After these things he was manifested unto Mk. 1 6 1 2* two of them on that very day, and as they were going to a village named Emmaus, which was at a distance of threescore fur-
53	5	Luke	24	26	2 believe ! Was  it not in all the sayings of the prophets that the Messiah must suffer these things, and enter into his glory ?
53	6	Mark	16	1	1 hath appeared to Simon. But they rehearsed the things that had been done in the way, and how they recognised him, when he brake the bread; neither believed they these things.
53	8	Matt	28	8	"went their way running ; for perplexity and Mk. 16 S*"" quaking had come upon them : and they said nothing to any one ; for they were"
53	9	John	20	2	afraid. But Mary ran, and came to Simon Cephas, and to that other disciple, whom Jesus loved, and said unto them, They have taken away our Lord out of the tomb, and I
53	12	John	20	5	tomb; and looking in, he saw the linen
53	14	John	20	7	tomb ; and saw the linen cloths laid, and the napkin, that had been wrapped about his head, was not with the linen cloth, but rolled up and laid on the opposite side in a
53	15	John	20	8	certain place. Then entered in that disciple, which had come first to the tomb, and he
53	16	John	20	9	saw, and believed. For as yet they knew not from the scriptures, that the Messiah was going to rise again from the dead.
53	18	John	1	1	But Mary was standing near the tomb weeping : so, as she wept, she looked for-
53	20	John	1	13	And they said unto her. Woman, why weepest thou ? She said unto them. They have carried away my Lord, and I know not sary ; of. ver. 18.  No stooping, cf, ver. 12.
53	21	John	20	14	where they have laid him. While saying these words, she turned herself back, and saw Jesus standing, and knew not that it
53	22	John	20	15	was Jesus. Jesus said unto her, Woman, why weepest thou ? whom seekest thou ? And she, supposing him to be the gardener, said. Sir, if thou hast taken him, tell me where thou hast laid him, that I may
53	23	John	20	16	and take him away, Jesus said unto her, Mary. And she turned herself, and said unto him in Hebrew, Eabboni, which is
53	24	John	20	17	interpreted The Teacher. Jesus said unto her. Touch me not ; for I am not yet ascended to my Father : go unto my brethren, and say unto them, I ascend unto my Father and your Father, my God and your G
53	26	Matt	28	11	And some of the guards came into the city, and told unto the chief priests all the
53	28	Matt	1	13	unto the guards, saying unto them. Say ye, His disciples came by night, and stole him
53	29	Matt	1	14	away, while we slept. And if the governor hear , this, we will answer with him, and
53	30	Matt	1	15	make you safe from blame. And when they had taken the money, they did as they had taught them : and this saying was spread abroad among the Jews, and continueth until this day.
53	31	John	20	18	And then came Mary Magdalene, and told * The guards would naturally go to report at the same time as the women. It is therefore, historically, a matter of indiflFerence which fact is related first. Bu
53	32	John	20	18	"And as those women were going on the Mt. 28 S*"""
53	33	John	20	9	way,. to tell the disciples, Jesus met them, saying. All hail ! And they came, and took
53	34	John	20	10	hold of his feet, and worshipped him. Then said Jesus unto them. Fear not : but go, tell my brethren to go into GaHlee, and there
53	35	Luke	24	9	"shall they see me. And those women re- turned, and told all these things to the eleven, and to the rest of the disciples, and Mk. 16 lo*"" to them that had been with him; for they"
53	36	Mark	16	11	were sad and weeping. And they were Mary Magdalene, and Joanna, and Mary the mother of James, and the rest of those that were with them: and these were .they that : 37 spake unto the a,postles. And th
53	38	Mark	16	11	not. And these words were in their eyes as Lu. 24 1 1 the words of madness.
53	40	Luke	24	14	longs from Jerusalem, and were talking with each, other of aU these things which had
53	41	Luke	24	15	happened. For while they communed and questioned together, Jesus came, and arrived even unto them, and walked with them.
53	42	Luke	24	16	But their eyes were holden, that they should
53	43	Luke	24	17	not recognise him. And he said unto them, What communications are these that ye address one to another, as ye walk, and
53	44	Luke	24	18	are sad? One of them, whose name was Cleophas, answered, and said unto him. Art thou alone a stranger to Jerusalem, since thou hast not known the things which are
53	45	Luke	24	19	come to pass in it in these days ? He said unto them, What hath happened ? They said unto him, Concerning that Jesus who was from Nazareth, which was a prophet, and mighty in speech and deeds before G
53	46	Luke	24	20	and all the people, whom the chief priests and elders delivered up for condemnation to
53	47	Luke	24	21	death, and crucified him. But we thought that he was going to deliver Israel. And all these things came to pass three days ago.
53	48	Luke	24	22	Yet certain women also of our company told
53	49	Luke	24	23	us, that they had gone to the tomb; and when they found not his body, they came, and said, that they had seen angels there,
53	50	Luke	24	24	which said of him, that he was ahve. And certain also of our company went to the tomb, and found it even so, as the women said, except that they did not see him.
53	51	Luke	24	25	Then said Jesus unto them, destitute of understanding, and of a heavy heart to
53	53	Luke	24	27	And beginning from Moses and all the prophets, he interpreted concerniag himself
53	54	Luke	24	28	to them out of all the scriptures. And they drew nigh unto the village, whither they were going : and he made them suppose that he was about to go into a more distant
53	55	Luke	24	29	neighbourhood. And they constrained him, saying unto him. Abide with us : for the day hath already declined towards darkness.
53	56	Luke	24	30	And he went in to stay with them. And when he rechned with them to meat, he took bread, and blessed it, and brake, and gave to
53	57	Luke	24	31	them. And straightway their eyes were opened, and they recognised him; and he
53	58	Luke	24	32	vanished from them. And they said one to another, Was not our heart heavy within us, while he conversed with us in the way, and place.
53	59	Luke	24	32	interpreted to us the scriptures ? And they Lu. 24 l rose up the same hour, and returned to Jerusalem, and found the eleven gathered together, and them that were with them ;
53	60	Luke	24	34	and they said, the Lord is really risen, and
54	1	Mark	16	1	And whilst they were talking, and the |  20 % evening of that day was come, which was the first day, and the doors were shut where the disciples were, for fear of the Jews, Jesus came and stood in the
54	2	Mark	16	1	"said unto them. Peace be with you ; it is I, Lu. 24 36*"" be not afraid. And they were disquieted „ t,""] and affrighted, and supposed that they saw"
54	3	Mark	16	38	a spirit. Jesus said unto them. Why are ye troubled ? and why do reasonings arise into
54	4	Mark	16	39	your hearts ? See my hands and my feet, that it is I myself : feel me, and know that a spirit hath not flesh and bones, as ye see
54	5	Mark	16	40	me have. And when he had said this, he shewed them his hands and feet and side.
54	6	Mark	4	1	And while they still disbelieved for joy and astonishment, he said. Have ye here anything
54	7	Mark	4	42	to eat ? And they gave him a piece of a broiled fish and honey. And he took it, „* 43 and did eat before them.
54	8	Mark	4	44	And he said unto them, These are the words which I spake unto you, when I was with you, how that all things must needs be fulfilled, which are written in the law of Moses, and the prophets, and the ps
54	9	Mark	4	45	"concerning me. Then opened he their mind, that they might understand the scriptures ;  Tlie words, "" it is I, be not afraid,"" are a part of this verse in several MSS including the Peschito and the Har"
54	10	Luke	24	46	and he said unto them, Thus it is written,  and thus it behoved the Messiah to sufffer, and to rise again from the dead the third
54	11	Luke	24	47	day; and that repentance unto remission of sins should be preached in his name unto all the nations : but the beginning shall be
54	12	Luke	24	49	from Jerusalem; And ye shall be witnesses of this. And I will send forth the promise
54	13	John	20	20	of my Father unto you. The disciples, when
54	16	John	20	23	Holy Spirit: if ye forgive any ones sins, they shall be forgiven him ; if ye retain any ones sins, they shall be retained.
54	17	John	20	24	But Thauma, one of the twelve, who is called Thoma, was not there with the
54	18	John	20	25	disciples, when Jesus came. The disciples therelfore said unto him, We have seen our Lord. He said unto them, Except I see in his hands the prints of the nails, and put my fingers upon them, and thrus
54	19	John	20	26	And after eight days, on the next fir.st day, again the disciples were assembled within, and Thauma with them. And Jesus came, the doors being shut, and stood in the midst, and said unto them, Peace b
54	20	John	20	27	"And he said to Thauma, Eeach hither thy finger, and see my hands;* and put forth thy hand, and spread it upon my side : and  Or, "" are.""  Part of this verse is repeated in Iv. 5.  Cf. xxxvii. 61 n. fo"
54	21	John	20	28	be not faithless, but believing. Thanma answered, and said unto him. My Lord, and
54	22	John	20	29	my God. Jesus said unto him. Now because thou hast seen me, thou hast beHeved: blessed are they that have not seen, and yet have believed.
54	23	John	20	30	And many other signs did Jesus in the sight of his disciples, which are not written
54	24	John	20	31	ia this book: but these are both written, that ye may believe on Jesus, the Messiah, the Son of God ; and that believing ye may have eternal life in his name.
54	26	John	21	2	on this wise. There were together Simon Cephas, and Thauma, who is called Thoma, and Nathanael, who was of Cana of Galilee, and the sons of Zebedee, and two others of
54	27	John	21	3	his disciples. Simon Cephas said unto them, I go to catch fishes. They said unto him. We also come with thee. And they went forth, and went up iuto the boat ; and that
54	28	John	21	4	night they caught nothing. But when morning came, Jesus stood on the seashore : but, the disciples knew not that it was
54	29	John	21	5	Jesus. Jesus therefore said unto them, Children, have ye anything to eat ? They
54	30	John	21	6	said unto him, Wo. He said imto them, Cast your net on the right side of the ship, and ye shall find. They cast therefore; and they were unable to draw the net for the multitude of fishes, that were c
54	31	John	21	7	it. And that disciple, whom Jesus loved, said unto Cephas, This is our . Lord. And Simon, when he heard that it was our Lord, took up his coat, and girded it up to his loins (for he was naked), and ca
54	32	John	21	8	But the other disciples came in the ship (for they were not far from land, but about two hundred cubits off), dragging the net
54	36	John	1	12	rent Jesus said unto them, Come, awi sit down. And no one of the disciples dared to ask, who he was, knowing that it was our Lord : yet he did not appear unto them in
54	37	John	1	13	his own form. And Jesus came and took the bread and the fish, and gave unto them.
54	38	John	1	14	This is the third time that Jesus was mani- fested to his disciples, since he had risen from the dead,
54	39	John	1	15	So when they had broken their fast, Jesus said to Simon Cephas, Simon, son of Jonah, lovest * thou me more than these ? He said imto him. Yea, Lord ; thou knowest that I love thee. Jesus said tmto him
54	40	John	1	16	my lambs for me. He said to him also again, Simon, son of Jonah, lovest thou me ? He sjiid unto him. Yea, Lord ; thou knowest that I love thee. He said unto him, Feed
54	41	John	1	17	my rams for me. He said unto him also the third time, Simon, son of Jonah, lovest thou me ? And Cephas, being grieved be- cause he said three times, Lovest thou me ? said \mto him. Lord, thou knowest*
54	42	John	1	17	me. Verily, verily, I say unto thee. When Jn. 21 i8 thou wast young, thou girdedst thyself, and walkedst whither thou wouldest : but when thou art old, thou shalt stretch forth thy hands, and another 
54	43	John	1	9	bring thee whither thou wiliest not. This he said unto him to signify by what manner of death he was going to glorify God. And when he had spoken this, he saith unto him,
54	44	John	1	20	Come after me. But Simon Cephas, turning about, saw; the disciple whom Jesus loved following him — that one which leaned back on the breast of Jesus at the supper, and said, Lord, who is he that shall
54	45	John	1	21	When therefore Cephas had seen him, he said to Jesus, Lord, and this man, what
54	46	John	1	22	shall be concerning him? Jesus said unto him, If I will that he tarry till I come,
54	47	John	1	23	what is that to thee? follow thou me. And this saying was spread abroad among the brethren, That disciple will not die : and Jesus said not, that he should not die ; but, If I will that he tarry till 
54	48	John	1	24	This is that disciple which beareth witness of these things, and wrote them : and we know that his witness is true.
54	54	John	21	9	33/zt// of fishes. And when they went up unto the land, they saw live coals laid, and 34: a fish laid thereon, and bread. Jesus said „ lo unto them. Bring of these fish, which ye
55	1	Matt	28	16	But the eleven disciples went into Galilee, unto the mountain where Jesus had appointed
55	2	Matt	1	7	them. And when they saw him, they wor- shipped him : but some of them doubted.
55	3	Mark	16	14	And as they sat there, he appeared again unto them, and upbraided them with their lack of faith and hardness of heart, because they beheved not them, which had seen that
55	4	Matt	28	18	he was risen again. Then saith Jesus unto them. All authority hath been given unto
55	5	Matt	28	18	"me in heaven and on earth : for even as my Jn. 20 21 J Father sent me, so I also send you. Go ye Mk. 1 6 i s"""" therefore into all the world, and preach my"
55	6	Matt	28	19	gospel to every creature ; and teach all the nations, and baptize them in the name of the Father and of the Son and of the Holy
55	7	Matt	28	20	Spirit : teaching them to observe all things that I commanded you : and lo, I am with you all the days unto the end of the world.
55	8	Matt	28	20	For he that believeth and is baptized shall Mk. 1 6 1 6 be saved ; but he that disbelieveth shall be
55	9	Matt	28	17	condemned. And these signs shall follow them that have believed on me : in my name shall they cast out devils ; and they
55	11	Luke	24	49	But tarry ye in the city of Jerusalem, until ye be endued with power from on high.
55	14	Luke	24	49	sat down at the right hand of God. And they worshipped him, and returned to Jeru-
55	15	Luke	24	53	salem with great joy; and they were con- tinually in the temple, praising and blessing God. Amen.
55	16	Mark	16	20	And they went forth from thence, and preached everywhere, the Lord helping them, and confirming their sayings with the signs which they did.
55	17	John	21	25	And there are also many other things which Jesus did, the which if they should be written one by one, according to my opinion even the world itself would not contain the books that must be written.
