book	witness	ref	cal_text	syriac_text
Luke	Sinaiticus	00:01	)wnglywn dlwq)%	
Luke	Sinaiticus	01:01	mTl dsgy)) cbw lmktb wlm$t(yw (l cbw:t) )ylyn dbn m$m:lyn,	ܡܛܠ ܕܣܓܝܐܐ ܨܒܘ ܠܡܟܬܒ ܘܠܡܫܬܥܝܘ ܥܠ ܨܒܘ̈ܬܐ ܐܝܠܝܢ ܕܒܢ ܡܫܡ̈ܠܝܢ܂
Luke	Sinaiticus	01:02	)ykn) d)$lmw ln hnwn, dmn qdym hww x:zy) wm$m$n) dmlt)	ܘܗܘܐ ܒܝܘܡ̈ܬܐ ܗܢܘܢ ܦܩܕ ܗܘܐ ܐܓܘܣܛܘܣ ܩܣܪ ܕܢܬܟܬܒܘܢ ܟܘܠܗ ܐܪܥܐ܂
Luke	Sinaiticus	01:04	dtd( $rr) dm:l) d)tlmdt lhyn%	ܝܫܘܥ ܕܝܢ ܟܕ ܡܠܐ ܒܪܘܚܐ ܕܩܘܕܫܐ ܗܦܟ ܡܢ ܝܘܪܕܢܢ ܘܕܒܪܬܗ ܪܘܚܐ ܕܩܘܕܫܐ ܘܐܦܩܬܗ ܠܡܕܒܪܐ
Luke	Sinaiticus	01:05	hw) bywmth dhrwds mlk) dyhwd khn) xd d$mh hw) zkry) mn plgwt) dbyt )bym, w)ntth mn bnth hwt d)hrwn $mh hw) )yly$b(	ܘܒܗܘ ܟܢܫܐ ܕܐܕܫ ܗܘܐ ܕܢܫܡܥ ܡܢܗ ܡܠܬܗ ܕܐܠܗܐ ܘܗܘ ܩܐܡ ܗܘܐ ܥܠ ܝܕ ܝܡܬܐ ܕܓܢܣܪ
Luke	Sinaiticus	01:07	br) dyn lyt hw) lhwn, mTl d)ly$b( (qrt) hwt, wtr:yhwn sgy)y ywmt) hww%	ܘܟܕ ܐܬܡܠܝ ܡ̈ܠܐ ܟܘܠܗܝܢ ܠܡܫܡܥܬܗ ܕܥܡܐ܂ ܥܠ ܠܟܦܪ ܢܚܘܡ
Luke	Sinaiticus	01:08	hw) h.w) dyn kd m$m$ hw) bTks) dkh:n) qdm )lh)	ܘܡܢ ܒܬܪ ܗܠܝܢ ܡܬܟܪܟ ܗܘܐ ܒܩܘܪ̈ܝܐ ܘܒܡܕܝܢܬܐ ܘܬܪܥܣܪ̈ܬܗ ܥܡܗ ܘܡܣܒܪ ܡܠܟܘܬܗ ܕܐܠܗܐ
Luke	Sinaiticus	01:09	b(yd) dt$m$t) dkhn), mTyhy hw) lm(lw bs:m), wkd (l lhykl),	ܘܩܪܐ ܕܝܢ ܠܬܪܥܣܪܬܗ ܘܝܗܒ ܠܗܘܢ ܥܠܝܐ ܘܫܘܠܛܢܐ ܥܠ ܟܘܠܗܘܢ ܫܐܕܐ ܘܟܪ̈ܝܗܐ ܠܡܐܣܝܘ܂
Luke	Sinaiticus	01:10	swg)) d(m) q)m hw) wmcl) b(dn) dbs:m),	ܘܡܢ ܒܬܪ ܗܠܝܢ ܦܪܫ ܡܢ ܬܠܡܝܕܘܗܝ ܐܚܪ̈ܢܐ ܫܒܥܝܢ ܘܬܪܝܢ ܘܫܕܪ ܐܢܘܢ ܬܪܝܢ ܬܪܝܢ ܩܕܡ ܐܦܘܗܝ ܠܟܠ ܐܬܪ ܘܡܕܝܢܐ ܕܥܬܝܕ ܗܘܐ ܠܡܐܙܠ
Luke	Sinaiticus	01:11	w)txzy lh lzkry) ml)k) dmry) kd q)m mn ymyn) dmdbx) dbsm),	ܘܟܕ ܡܨܠܐ ܗܘܐ ܒܕܘܟܬܐ ܒܬܪ ܕܦܪܩ ܡܢ ܨܠܘܬܗ ܐܡܪ ܠܗ ܚܕ ܡܢ ܬܠܡܝܕܘܗܝ ܡܪܢ ܐܠܦܝܢ ܠܡܨܠܝܘ ܐܝܟܢܐ ܕܝܘܚܢܢ ܐܠܦ ܠܬܠܡܝܕܘܗܝ
Luke	Sinaiticus	01:12	w)$tg$ wz( kd xzyhy lml)k), wdxlt) nplt (lwhy	ܘܟܕ ܟܢܫ ܥܠܘܗܝ ܟܢܫܐ ܣܓܝܐܐ܂ ܐܝܟܢܐ ܕܢܕܫܘܢ ܚܕ ܠܚܕ ܫܪܝ ܗܘܐ ܠܡܐܡܪ ܠܬܠܡ̈ܝܕܘܗܝ܂ ܐܙܕܗܪܘ ܡܢ ܚܡܝܪܐ ܕܦܪܝܫ̈ܐ ܕܐܝܬܘܗܝ ܡܣܒ ܒܐ̈ܦܐ
Luke	Sinaiticus	01:13	)mr lh ml)k), l) tdxl zkry), h) gyr $m( )lh) bql clwtk, w)nttk )ly$b( t)ld lk br), wtqr) $mh ywxnn,	ܘܒܗ ܒܗܘ ܙܒܢܐ ܐܬܘ ܐܢܫܐ ܐܡܪܘ ܠܗ ܥܠ ܓܠܠܝܐ ܗܢܘܢ ܕܦܝܠܛܘܣ ܚܠܛ ܕܡܗܘܢ ܥܡ ܕܒܚܝܗܘܢ
Luke	Sinaiticus	01:14	wthw) lk xdwt) w$wbhr) ws:gy)) nxdwn bmwldh,	ܘܟܕ ܥܠ ܠܒܝܬܐ ܕܚܕ ܡܢ ܪ̈ܫܐ ܕܦܪ̈ܝܫܐ ܕܢܐܟܘܠ ܠܚܡܐ ܒܝܘܡܐ ܕܫܒܬܐ ܘܢܛܪܝܢ ܗܘܘ ܕܢܚܙܘܢ ܡܢܐ ܢܥܒܕ
Luke	Sinaiticus	01:15	mTl dnhw) rb qdm mry) wxmr) w$kr) l) n$t) wrwx) dqwd$) ntml) (d hw bkrsh d)mh	ܘܡܟܣܐ ܘܚܛܝܐ ܡܬܩܪܒܝܢ ܗܘܘ ܠܘܬܗ ܕܢܫܡܥܘܢܗ
Luke	Sinaiticus	01:16	wsgy)) mn	ܘܐܡܪ ܗܘܐ ܬܘܒ ܠܬܠܡ̈ܝܕܘܗܝ ܓܒܪܐ ܚܕ ܥܬܝܪܐ ܐܝܬ ܗܘܐ ܘܐܝܬ ܗܘܐ ܠܗ ܪܒ ܒܝܬܐ ܘܐܬܐܟܠܘ ܩܪܨܘܗܝ ܩܕܡܘܗܝ ܐܝܟܢܐ ܕܩܢܝܢܗ ܫܚܛ܂
Luke	Sinaiticus	01:38	ml)k) mn lwth	
Luke	Sinaiticus	01:39	wqmt mrym bhwn bywmt) hnwn wslqt bbTylwt) lTwr) lkrk) dyhwd	
Luke	Sinaiticus	01:40	w(lt lbyth dzkry) w$)lt b$lmh d)ly$b(	
Luke	Sinaiticus	01:42	wbql) rm) q(t w)mrt lmrym )nty hy brykt bn:$) wmbrk hw p)r) dbkrsky,	
Luke	Sinaiticus	01:43	mnw (bd ly hd) d)mh dmry t)t) lwty,	
Luke	Sinaiticus	01:44	h) gyr kd npl ql) d$lmky b)dny bxdwt) rbt) dc (wl) bkrsy	
Luke	Sinaiticus	01:45	wTwbyh l)yd) dthymn dhw) $wlm) l)ylyn d)tmll (mh mn lwt mry)	
Luke	Sinaiticus	01:46	w)mr) mrym mwrb) np$y lmry)	
Luke	Sinaiticus	01:49	d(bd lwty rwrbt), hw )yn) dm$bx wqdy$ $m)	
Luke	Sinaiticus	01:50	dxnnh (d dr) w(l $rbt) lddxlyn lh	
Luke	Sinaiticus	01:54	w)tbTl lh (l )ysr)yl brh, w)tdkr xnnh	
Luke	Sinaiticus	01:55	)ykn) dmll (m )bhyn (m )brhm w(m zr(h l(lm,	
Luke	Sinaiticus	01:56	qwyt dyn mrym lwt )ly$b(, )yk yrx) tlt:) whpkt lbyth	
Luke	Sinaiticus	01:57	wkd $lm zbn) dmwldh d)ly$b( yldt br)	
Luke	Sinaiticus	01:59	whw) ywm) dtm:ny) )tw lmgzrh dTly), wqryn hww lh b$m) d)bwhy zkry)	
Luke	Sinaiticus	01:60	w)mrt )mh dl) hkn) )l) ntqr) ywxnn,	
Luke	Sinaiticus	01:61	w)mr:yn lh lyt )n$ b$rbtky dmtqr) b$m) hn) ywxnn,	
Luke	Sinaiticus	01:62	w)mrw hww )p l)bwhy d)ykn) cb) dntqr),	
Luke	Sinaiticus	01:63	w$)l pnqyt) wktb bh dywxnn hw $mh	
Luke	Sinaiticus	01:64	wbh b$(t) )$try )swr) dl$nh, wbrk l)lh) wtmyhw kwlhwn,	
Luke	Sinaiticus	01:65	whwt dxlt) (l klhwn $bbyhwn wbklh Twr) dyhwd hlyn mtmlln hwy	
Luke	Sinaiticus	01:67	w)tmly zkry) )bwhy brwx) dqwd$) w)tnby w)mr	
Luke	Sinaiticus	01:68	mbrk hw )lhh d)ysr)yl ds(r l(mh, w(bd lh pwrqn),	
Luke	Sinaiticus	01:69	w)qym ln qrn) dxy:) bbyth ddwyd (bdh	
Luke	Sinaiticus	01:70	)ykn) dmll bpwm) dnby:why qdy$:) dmn (lm,	
Luke	Sinaiticus	01:72	dn(bd xnn) (m )bhyn w)tdkr ldytqwhy qdy$t)	
Luke	Sinaiticus	01:73	mwmt) dym) l)brhm )bwn dntl ln	
Luke	Sinaiticus	01:74	ddl) dxl) ntprq mn )yd) db(ldb:byn dnplx qdmwhy	
Luke	Sinaiticus	01:75	bk)nwt) wbzdyqwt) klhwn ywmt) dxy:yn,	
Luke	Sinaiticus	01:76	w)nt Tly) nbyh d(ly) ttqr) t)zl qdm prcwph dmry) lmTybw )wrxth	
Luke	Sinaiticus	01:78	mTl xnn) drxmwhy d)lhn dbhwn ns(rn mdnx) mn rwm),	
Luke	Sinaiticus	01:79	tnhr l)ylyn dbx$wk) wbT:llwhy dmwt) ytbyn dntrwc r:glyn b)wrx) d$lm),	
Luke	Sinaiticus	02:03	kwl )n$ dyn )zl hw) lmtktbw )p mn mdynth )zl hw) l)trh dtmn ntktb	ܒܪܒܘܬ ܟܗܢܘܬܐ ܕܚܢܢ ܘܕܩܝܦܐ܂ ܗܘܬ ܡܠܬܐ ܕܐܠܗܐ ܥܠ ܝܘܚܢܢ ܒܪ ܙܟܪܝܐ
Luke	Sinaiticus	02:04	w)p ywsp slq hw) mn ncrt mdynt) dglyl) lyhwd lmdynth ddwyd dmtqry) byt lxm mTl dtryhwn mn byth hww ddwyd	ܕܢܬܢܣܐ ܡܢ ܣܛܢܐ܂ ܘܗܘܐ ܬܡܢ ܝܘܡ̈ܬܐ ܐܪ̈ܒܥܝܢ ܘܡܢ ܒܬܪ ܐܪ̈ܒܥܝܢ ܝܘܡܬܐ ܕܨܐܡ ܗܘܐ ܟܦܢ
Luke	Sinaiticus	02:05	hw wmrym )ntth kd bTn) dtmn ntktbwn	ܘܚܙܐ ܬܪܬܝܢ ܣܦܝܢܐ ܕܩܝܡܢ ܥܠ ܓܢܒ ܝܡܬܐ ܘܨܝܕܝܗ ܕܣܠܩܘ ܡܢܗ̈ܝܢ ܘܡܫܝܓܝܢ ܗܘܘ ܡܨܝܕܬܗܘܢ
Luke	Sinaiticus	02:06	wkd tmn )nwn )tmlyw yw:mth lm)ld	
Luke	Sinaiticus	02:10	)mr lhwn ml)k) l) tdxlwn mTl dh) msbrn) lkwn xdwt) rbt) dthw) lklh (lm)	ܐܡܪ ܠܗܘܢ ܚܨܕܐ ܣܓܝ ܘܦܥܠܐ ܙܥܘܪܝܢ ܒܥܘ ܡܢ ‍{‍ܒ‍}‍‍<‍ܡ‍>‍ܪܗ ܕܚܨܕܐ ܐܝܟ ܕܢܦܩ ܦܥܠܐ ܠܚܨܕܗ
Luke	Sinaiticus	02:12	h) yhbn) lkwn )t) m$kxyn )ntwn Tly) kd kryk b(zr:wr) wsym b)wry)	ܠܝܬ ܓܝܪ ܡܕܡ ܕܟܣܐ ܕܠܐ ܢܬܓܠܐ ܘܠܐ ܕܡܛܫܝ ܕܠܐ ܢܬܝܕܥ܂
Luke	Sinaiticus	02:13	wmn $ly) )txzyw lwth xyl) wml)k) d$my) sgy)) m$bxyn l)lh) w)mr:yn,	ܥܢܐ ܝܫܘܥ ܘܐܡܪ ܠܗܘܢ ܣܒܪܝܢ ܐܢܬܘܢ ܕܗܠܝܢ ܓܠܠܝܐ ܚܛܝܝܢ ܗܘܘ ܝܬܝܪ ܡܢ ܟܘܠܗܘܢ ܓܠܠܝܐ ܕܗܟܢܐ ܗܘܐ ܐܢܘܢ
Luke	Sinaiticus	02:14	$wbx) l)lh) bmrwm) w$lm) b)r() w)r(wt) lbny )n$)%	ܘܓܒܪܐ ܗܕܪܘܦܝܩܘܣ ܐܝܬ ܗܘܐ ܩܕܡܘܗܝ
Luke	Sinaiticus	02:15	mn btr d)zlw mn lwthwn ml)k) hnwn l$my) )mryn hww r(wt) xd lxd tw ntxzq lbyt lxm wnxz) hn) m) dhw) )ykn) dml)k) xwyn	ܘܣܦܪ̈ܐ ܘܦܪ̈ܝܫܐ ܪܛܢܝܢ ܗܘܘ ܘܐܡܪ̈ܝܢ ܗܢܐ ܠܚܛܝܐ ܡܩܒܠ ܘܐܟܠ ܥܡܗܘܢ
Luke	Sinaiticus	02:17	w)$t(yw mdm d)tmll (mhwn (lwhy (l Tly)	ܦܩܚ ܗܘܐ ܠܗ ܐܠܘ ܪܚܝܐ ܕܚܡܪܐ ܬܠܝܐ ܒܨܘܪܗ ܘܫܕܐ ܒܝܡܐ ܐܘ ܢܟܫܠ ܠܚܕ ܡܢ ܗܠܝܢ ܙܥܘܪ̈ܐ
Luke	Sinaiticus	02:18	kl )n$ dyn d$m( hw) mn r:(wt) kd m$t(yn hww (l )ylyn dxzw w$m(w tmyhyn hww wmtdmryn	ܕܝܢܐ ܚܕ ܐܝܬ ܗܘܐ ܒܡܕܝܢܬܐ܂ ܕܡܢ ܐܠܗܐ ܠܐ ܕܚܠ ܗܘܐ ܘܡܢ ܒܪ ܐܢܫܐ ܠܐ ܡܬܟܚܕ ܗܘܐ
Luke	Sinaiticus	02:19	mrym dyn kl mdm sym) hwt blbh wmpxm) hwt br(ynh	ܘܓܒܪܐ ܚܕ ܕܫܡܗ ܗܘܐ ܙܟܝ ܘܪܒ ܡܟܣܐ ܗܘܐ ܘܥܬܝܪ ܗܘܐ
Luke	Sinaiticus	02:20	whpkw r:(wt) hnwn kd m$bxyn l)lh) wmmllyn (l )ylyn dxzw w$m(w )ykn) d)t)mr lhwn%	ܘܐܡܪ̈ܝܢ ܠܗ ܒܐܝܢܐ ܫܘܠܛܢܐ ܗܠܝܢ ܥܒܕ ܐܢܬ ܐܘ ܡܢܘ ܝܗܒ ܠܟ ܗܢܐ ܫܘܠܛܢܐ
Luke	Sinaiticus	02:21	wkd mlw tmn:y) ywm:yn )tgzr Tly) w)tqry $mh y$w( )ykn) d)t)mr mn ml)k) mn qdm dntbTn bkrs)	ܘܚܙܐ ܐܦ ܐܢܬܬܐ ܚܕܐ ܡܣܟܢܬܐ ܘܐܪܡܝܬ ܫܡܘܢܐ ܬܪܝܢ
Luke	Sinaiticus	02:23	)ykn) dktyb bnmws) dmry) dkl bwkr) ptx mrb() qdy$h dmry) ntqr)	ܘܫܪܝܘ ܐܟܠܝܢ ܩܪܨܘܗܝ܂ ܘܐܡܪܝܢ ܐܫܟܚܢ ܠܗܢܐ ܕܡܗܦܟ ܥܡܢ ܘܟܠܐ ܠܢ ܕܟܣܦ ܪܫܐ ܠܩܣܪ ܠܐ ܢܬܠ܂ ܘܐܡܪ ܥܠ ܢܦܫܗ ܕܗܘܝܘ ܡܠܟܐ ܡܫܝܚܐ܂
Luke	Sinaiticus	02:24	wdntl dbxt) )ykn) dktyb bnmws) dmry) zwg) d$w:pnyn) )w tr:yn pr:wg) dywn)%	ܘܐܫܟܚ ܠܟܐܦܐ ܕܡܥܓܠܐ ܡܢ ܒܝܬ ܩܒܘܪܐ܂
Luke	Sinaiticus	02:26	w)myr hw) lh mn hy rwx) qdy$t) dmwt) l) nxz) (dm) dnxz) lm$yxh dmry)	
Luke	Sinaiticus	02:27	w)t) brwx) lhykl) wkd m(lyn lh )bhwhy ly$w( Tly) dn(bdwn lh )ykn) dpqyd b)wryt)	
Luke	Sinaiticus	02:28	hw $m(wn qblh (l dr(why wbrk l)lh) w)mr	
Luke	Sinaiticus	02:29	mkyl $r) )nt lh mry b$lm) l(bdk )ykn) d)mrt	
Luke	Sinaiticus	02:30	dh) xzy (y:ny xnnk	
Luke	Sinaiticus	02:31	hw dTybt qdm prcwp) dklhwn (mm)	
Luke	Sinaiticus	02:32	nwhr) lglyn) d(m:m), w$bx) d(mk )ysr)yl,	
Luke	Sinaiticus	02:33	)bwhy dyn w)mh tmyhyn hww (l )ylyn dmtmlln (lwhy,	
Luke	Sinaiticus	02:34	wbrk )nwn $m(wn w)mr lmrym )mh, h) hn) sym b)ysr)yl lmpwlt) wlqym) ds:gy)) wl)t) dxyryn) dmmll),	
Luke	Sinaiticus	02:35	wlnp$ky dylky t(brynh rwmx) dntglyn mx$b:t) mn lbwt:) dsg:y))	
Luke	Sinaiticus	02:38	w)p hy qmt bh b$(t) w)wdyt lmry), wmmll) hwt (lwhy (l kwl )n$ dmsbr hw) pwrqnh d)wr$lm,	
Luke	Sinaiticus	02:39	ywsp dyn wmrym kd $lmw bhykl) (l bwkr) kwl mdm dktyb b)wryt) hpkw lglyl) lncrt mdynthwn%	
Luke	Sinaiticus	02:40	Tly) dyn rb) hw) wmtxyl wmtml) xkmt) wTybwt) d)lh) )yt hwt (lwhy	
Luke	Sinaiticus	02:41	w)n$why bkl $n) )zlyn hww l)wr$lm b(d(d) dpTyr:) dpsk	
Luke	Sinaiticus	02:42	wkd hw) br $nyn trt(sr) slqw )ykn) dm(dyn hww l(d(d)	
Luke	Sinaiticus	02:43	wkd $lmw ywmt) d(d(d) hpkw lhwn wy$w( Tly) p$ lh mnhwn b)wr$lm w)n$:why l) yd(w	
Luke	Sinaiticus	02:45	wkd l) )$kxwhy hpkw lhwn l)wr$lm wtmn b(yn hww lh,	
Luke	Sinaiticus	02:46	wmn btr tlt) ywmyn )$kxwhy bhykl) kd ytb mc(t mlpn:) w$m( hw) lhwn wm$)l hw) lhwn	
Luke	Sinaiticus	02:47	wtmyhyn hww klhwn )ylyn d$m(yn hww lh, wmtdmryn hww bxkmth wbptgmwhy	
Luke	Sinaiticus	02:48	wkd )$kxwhy )n$why tmhw, w)mr) lh )mh bry lmn) (bdt ln hkn) dh) )bwk w)n) bTwrp) sgy)) b(yn hwyn lk	
Luke	Sinaiticus	02:49	)mr lhwn mn) b(yn hwytwn ly l) yd(yn hwytwn dbyt )by wl) hw) ly d)hw)	
Luke	Sinaiticus	02:50	hnwn dyn l) )$twd(wh lmlt) d)mr lhwn	
Luke	Sinaiticus	02:51	wnxt (mhwn w)t) lncrt wm$t(bd hw) lhwn )mh dyn kwlhyn ml) nTr) hwt	
Luke	Sinaiticus	02:52	y$w( dyn rb) hw) bqwmth wsg) hw) bxkmth wbTybwth lwt )lh) wlwt bn:y )n$)%	
Luke	Sinaiticus	03:02	brbwt khnwt) dxnn wdqyp), hwt mlt) d)lh) (l ywxnn br zkry)	ܟܘܠ ܐܢܫ ܕܝܢ ܐܙܠ ܗܘܐ ܠܡܬܟܬܒܘ ܐܦ ܡܢ ܡܕܝܢܬܗ ܐܙܠ ܗܘܐ ܠܐܬܪܗ ܕܬܡܢ ܢܬܟܬܒ
Luke	Sinaiticus	03:03	wmkrz hw) bmdbr) wbklh )tr) dxdry ywrdnn m(mwdyt) dtybwt) l$wbqn) dxTh)	ܘܡܟܪܙ ܗܘܐ ܒܡܕܒܪܐ ܘܒܟܠܗ ܐܬܪܐ ܕܚܕܪܝ ܝܘܪܕܢܢ ܡܥܡܘܕܝܬܐ ܕܬܝܒܘܬܐ ܠܫܘܒܩܢܐ ܕܚܛܗܐ
Luke	Sinaiticus	03:04	)ykn) dktyb bnbywt) d)$(y) nby) ql) dqr) bmdbr) Tybw )wrx) lmry) wtrwcw bpq(t) $byl) l)lhn,	ܘܐܡܪ ܠܗ ܐܟܠ ܩܪܨܐ ܐܢ ܒܪܗ ܐܢܬ ܕܐܠܗܐ܂ ܐܡܪ ܠܗܕܐ ܟܐܦܐ ܕܬܗܘܐ ܠܚܡܐ܂
Luke	Sinaiticus	03:05	klhwn nx:l) ntmlwn, Twr) wrmt) ntmkkwn wnhw) (rm) l$py) w)tr) (sq) lpq(t)	ܘܚܕܐ ܡܢܗܝܢ ܕܫܡܥܘܢ ܗܘܬ ܘܣܠܩ ܝܫܘܥ ܝܬܒ ܒܗ ܘܐܡܪ ܕܢܕܒܪܘܢܗ ܡܢ ܝܒܫܐ ܩܠܝܠ ܠܡ̈ܝܐ ܘܝܬܒ ܗܘܐ ܘܡܠܦ ܡܢ ܣܦܝܢܬܐ ܠܟܢܫܐ
Luke	Sinaiticus	03:06	wntgl) )yqrh dmry) wnxzwnyhy )kxd) kwl bsr%	
Luke	Sinaiticus	03:07	w)mr hw) lkn$) )ylyn d)tyn hww lh lm(md yld) d)kdn) mnw xwykwn lm(rq mn rwgz) d(tyd	ܘܫܡܥ ܥܠ ܝܫܘܥ ܘܫܕܪ ܠܘܬܗ ܩܫ̈ܝܫܐ ܕܝܗܘܕܝܐ ܘܒܥܐ ܗܘܐ ܡܢܗ ܕܢܐܬܐ ܢܚܝܐ ܠܥܒܕܗ
Luke	Sinaiticus	03:09	wh) mTy lh nrg) lwt (qrhwn d)yln) wkl )yln) hkyl dl) (bd p)r:) Tb:) mtpsq wbnwr) npl,	ܘܐܡܪ ܠܗܘܢ ܡܕܡ ܠܐ ܬܫܩܠܘܢ ܠܟܘܢ ܠܐܘܪܚܐ܂ ܠܐ ܚܘܛܪܐ ܘܠܐ ܬܪܡܠܐ܂ ܘܠܐ ܠܚܡܐ ܘܠܐ ܟܣܦܐ܂ ܘܐܦܠܐ ܬܪܬܝܢ ܟܘܬܝܢܝܢ ܢܗ̈ܘܝܢ ܠܟܘܢ܂
Luke	Sinaiticus	03:10	wm$)lyn hww lh kn$) mn) n(bd,	ܐܙܠܘ ܗܐ ܐܢܐ ܡܫܕܪܢܐ ܠܟܘܢ ܐܝܟ ܐܡܪ̈ܐ ܒܝܢܝ ܕܐܒܐ
Luke	Sinaiticus	03:11	)mr lhwn, mn d)yt lh tr:tyn kwtynyn ntl xd) lmn dlyt lh wmn d)yt lh sybrt) hkn) n(bd,	ܘܗܒ ܠܢ ܠܚܡܐ ܐܡܝܢܐ ܕܟܠܝܘܡ
Luke	Sinaiticus	03:12	w)tw )p mks) lm(md, w)mr:yn lh mn) n(bd,	ܐܝܠܝܢ ܓܝܪ ܕܒܚܫܘܟܐ ܐܡܪܬܘܢ ܒܢܗܝܪܐ ܢܫܬܡܥܢ܂ ܘܡܕܡ ܕܒܬܘܢܐ ܒܐܕܢܐ ܠܚܫܬܘܢ ܥܠ ܐܓܪܐ ܢܬܟܪܙܢ܂
Luke	Sinaiticus	03:13	)mr lhwn l) tgnbwn mdm ytyr (l mdm dpsyq lkwn	ܐܡܪܢܐ ܠܟܘܢ ܕܠܐ ܐܠܐ ܐܦ ܐܢܬܘܢ ܐܠܐ ܬܬܒܘܢ ܐܢܬܘܢ ܗܟܢܐ ܬܐܒܕܘܢ ܟܠܟܘܢ
Luke	Sinaiticus	03:15	w)n$) d$m(yn hww lh mtr(yn hww bnp$hwn (l ywxnn w)mr:yn dlm) hwyw ky m$yx),	ܐܡܪ ܠܗܘܢ ܡܬܠܐ ܗܢܐ
Luke	Sinaiticus	03:16	(n) lkl )n$ w)mr lhwn )n) h) m(mdn) lkwn bm:y), )t) dyn btry dmny xyltn hw dl) $wn) d)$r) (r:q) dms:nwhy, hw n(mdkwn bnwr) wbrwx) dqwd$)	ܐܡܪ ܗܘ ܪܒ ܒܝܬܐ ܒܢܦܫܗ ܡܢܐ ܐܥܒܕ ܕܡܪܝ ܫܩܠ ܠܗ ܡܢܝ ܪܒܬ ܒܝܬܘܬܐ ܘܕܐܚܦܪ ܠܐ ܡܫܟܚ ܐܢܐ ܘܠܡܚܕܪ ܒܗܬ ܐܢܐ
Luke	Sinaiticus	03:17	hw d)xyd rp$) b)ydh wmdk) )drh wkn$ xT) l)wcrh, wtbn) mwqd bnwr) dl) d(k)	ܐܙܕܗܪܘ ܒܢܦܫܟܘܢ ܐܢ ܢܚܛܐ ܐܚܘܟ ܟܐܐ ܒܗ ܐܢ ܬܒ ܫܒܘܩ ܠܗ
Luke	Sinaiticus	03:18	)p )xr:nyt) sgy):t), kd mtk$p hw) msbr l(m)	ܘܐܪܡܠܬܐ ܐܝܬ ܗܘܐ ܒܗ ܒܗܝ ܡܕܝܢܬܐ܂ ܘܐܬܝܐ ܗܘܬ ܠܘܬܗ ܘܐܡܪܐ ܠܗ ܬܒܥܝܢܝ ܡܢ ܒܥܠܕܝܢܝ
Luke	Sinaiticus	03:19	hrwds dyn TyTrk) mTl dmks hw) lh ywxnn mTwl hrwdy) )ntth d)xwhy dhrwds, w(l kw:lhyn by$:t) )ylyn d(bd hw)	ܘܨܒܐ ܗܘܐ ܠܡܚܙܝܗ ܠܝܫܘܥ ܡܢܘ ܘܠܐ ܡܫܟܚ ܗܘܐ ܡܛܠ ܟܢܫܐ ܡܛܠ ܕܒܩܘܡܬܗ ܙܥܘܪ ܗܘܐ
Luke	Sinaiticus	03:20	)wsp hw) hrwds )p hd) (l kwlhyn, wxb$h lywxnn byt )syr:)%	ܥܢܐ ܘܐܡܪ ܠܗܘܢ ܐܦ ܐܢܐ ܐܫܐܠܟܘܢ ܡܠܬܐ܂ ܐܡܪܘ ܠܝ
Luke	Sinaiticus	03:21	wkd (md hw) klh (m) )p y$w( (md wkd mcl) hw) )tptxw $my)	ܐܡܪ ܒܩܘܫܬܐ ܐܡܪܢܐ ܠܟܘܢ ܕܗܕܐ ܐܪܡܠܬܐ ܡܣܟܢܬܐ ܐܪܡܝܬ ܝܬܝܪ ܡܢ ܟܘܠܗܘܢ
Luke	Sinaiticus	03:23	y$w( dyn kd hw )yk br $nyn tltyn hw) mstbr brh hw dywsp br hly	ܐܡܪ ܠܗ ܦܝܠܛܘܣ ܐܢܬ ܗܘ ܥܘܕ ܡܠܟܐ ܕܝܗܘܕܝܐ ܥܢܐ ܘܐܡܪ ܠܗ ܐܢܬ ܐܡܪܬ ܕܐܢܐ ܐܢܐ
Luke	Sinaiticus	03:24	br mTtt br ,,, ,,, ,,, br yn) br ,,,	ܘܥܠ ܘܠܐ ܐܫܟܚܝܗܝ ܠܦܓܪܐ ܕܝܫܘܥ
Luke	Sinaiticus	03:25	br mtt) br (mwc br nxwm br xsly br n&,,,	
Luke	Sinaiticus	03:26	br ,,, ,,, mTT br $m(y br ywsp br yhwd)	
Luke	Sinaiticus	03:27	br ywxnn br k$) br zwrbbl br $)lt)yl br nry	
Luke	Sinaiticus	03:28	br mlky br )dy br qwsm br (ldwm br (yr	
Luke	Sinaiticus	03:29	br y$w( br )ly(zr br ywrm br mtyt br lwy	
Luke	Sinaiticus	03:30	br $m(wn br yhwd) br ywsp br ywnm br )lyqym	
Luke	Sinaiticus	03:31	br mly) br mnn br mTt) br ntn br dwyd	
Luke	Sinaiticus	03:32	br )y$y br ywbl br bw$ br $l) br nx$wn	
Luke	Sinaiticus	03:33	br )dm br )rm br xcrwn br prc br yhwd)	
Luke	Sinaiticus	03:34	br y(qwb br )ysxq br )brhm br trx br nxwr	
Luke	Sinaiticus	03:35	br srwg br )r(w br plg br (br br $lx	
Luke	Sinaiticus	03:36	br (ylm br )rpk$d br $ym br nwx br lmk	
Luke	Sinaiticus	03:37	br mtw$lx br xnwk br yryd br mhll)yl br qynn	
Luke	Sinaiticus	03:38	br )nw$ br $yt br )dm br )lh)%	
Luke	Sinaiticus	04:01	y$w( dyn kd ml) brwx) dqwd$) hpk mn ywrdnn wdbrth rwx) dqwd$) w)pqth lmdbr)	ܕܬܕܥ ܫܪܪܐ ܕܡ̈ܠܐ ܕܐܬܠܡܕܬ ܠܗܝܢ܀
Luke	Sinaiticus	04:02	dntns) mn sTn), whw) tmn ywm:t) )r:b(yn wmn btr )r:b(yn ywmt) dc)m hw) kpn	ܘܐܦ ܝܘܣܦ ܣܠܩ ܗܘܐ ܡܢ ܢܨܪܬ ܡܕܝܢܬܐ ܕܓܠܝܠܐ ܠܝܗܘܕ ܠܡܕܝܢܬܗ ܕܕܘܝܕ ܕܡܬܩܪܝܐ ܒܝܬ ܠܚܡ ܡܛܠ ܕܬܪܝܗܘܢ ܡܢ ܒܝܬܗ ܗܘܘ ܕܕܘܝܕ
Luke	Sinaiticus	04:03	w)mr lh )kl qrc) )n brh )nt d)lh), )mr lhd) k)p) dthw) lxm),	ܐܝܟܢܐ ܕܟܬܝܒ ܒܢܒܝܘܬܐ ܕܐܫܥܝܐ ܢܒܝܐ ܩܠܐ ܕܩܪܐ ܒܡܕܒܪܐ ܛܝܒܘ ܐܘܪܚܐ ܠܡܪܝܐ ܘܬܪܘܨܘ ܒܦܩܥܬܐ ܫܒܝܠܐ ܠܐܠܗܢ܂
Luke	Sinaiticus	04:04	)mr lh y$w( ktyb hw dl) blxm) blxwd xy) br )n$),	ܐܡܪ ܠܗ ܝܫܘܥ ܟܬܝܒ ܗܘ ܕܠܐ ܒܠܚܡܐ ܒܠܚܘܕ ܚܝܐ ܒܪ ܐܢܫܐ܂
Luke	Sinaiticus	04:05	wdbr )sqh sTn), wxwyh klh:yn mlkwt) d)r() dqlyl zbn),	ܘܟܕ ܫܠܐ ܡܢ ܡܠܠܗ ܥܢܐ ܘܐܡܪ ܠܫܡܥܘܢ ܕܒܪܘ ܠܥܘܡܩܐ ܘܐܪܡܘ ܡܨܝܕܬܟܘܢ ܠܨܝܕܐ܂
Luke	Sinaiticus	04:06	w)mr lh hlyn kwlhyn mlkwt) w$wbxhyn dly m$lmn lk yhb )n) $wlTn) hn) kwlh w$wbx) mTl dly yhb wlmn dcbn) yhb )n) lh,	
Luke	Sinaiticus	04:07	)nt )n tsgd qdmy lk nhw) kwlh,	ܘܐܬܘ ܠܘܬ ܝܫܘܥ ܘܒܥܝܢ ܗܘܘ ܡܢܗ ܒܛܝܠܐܝܬ܂ ܘܐܡܪ̈ܝܢ ܫܘܐ ܗܘ ܕܬܥܒܕ ܠܗ ܗܕܐ܂
Luke	Sinaiticus	04:08	(n) y$w( w)mr lh ktyb lmsgd lmry) )lhk wlh blxwdwhy tplx,	ܘܟܕ ܡܬܟܢܫ ܟܢܫܐ ܣܓܝܐܐ܂ ܘܐܝܠܝܢ ܕܡܢ ܡܕܝܢܬܐ ܐܬܝܢ ܗܘܘ ܠܘܬܗ ܫܪܝ ܠܡܐܡܪ ܠܗܘܢ ܒܡܬܠܐ
Luke	Sinaiticus	04:10	ktyb hw gyr dlm:l)kwhy npqd (lyk dnnTrwnk	ܠܐ ܬܫܩܠܘܢ ܠܟܘܢ ܟܝܣ̈ܐ ܘܠܐ ܬܪܡܠܐ ܘܠܐ ܡܣܢܐ ܘܒܫܠܡܐ ܕܒܢܝ ܐܢܫܐ ܒܐܘܪܚܐ ܠܐ ܬܫܐܠܘܢ
Luke	Sinaiticus	04:11	w(l )ydyhwn n$qlwnk dl) ttql bk)p),	ܘܫܒܩ ܠܢ ܚܛܗܝܢ ܘܐܦ ܐܢܚܢܢ ܫܒܩܝܢ ܐܢܚܢܢ ܠܟܠ ܕܚܝܒ ܠܢ ܘܠܐ ܬܥܠܢ ܠܢܣܝܘܢܐ
Luke	Sinaiticus	04:12	(n) y$w( w)mr lh l) tns) lmry) )lhk,	ܐܡܪ ܐܢܐ ܠܟܘܢ ܕܝܢ ܪܚܡܝ ܠܐ ܬܕܚܠܘܢ ܡܢ ܐܝܠܝܢ ܕܩܛܠܝܢ ܦܓܪܐ܂ ܘܡܢ ܒܬܪܟܢ ܡܕܡ ܠܐ ܡܫܟܚܝܢ ܠܡܥܒܕ
Luke	Sinaiticus	04:13	wkd $lm sTn) nsywnwhy, prq mn lwth (d zbn)	ܘܗܢܘܢ ܬܡܢܬܥܣܪ ܕܢܦܠ ܥܠܝܗܘܢ ܡܓܕܠܐ ܒܫܝܠܘܚܐ ܘܩܛܠ ܐܢܘܢ ܣܒܪܝܢ ܐܢܬܘܢ ܕܚ̈ܛܝܝܢ ܗܘܘ ܝܬܝܪ ܡܢ ܟܘܠܗܘܢ ܒܢܝ ܐܢܫܐ܂ ܕܥܡܪܝܢ ܒܐܘܪܫܠܡ܂
Luke	Sinaiticus	04:14	whpk y$w( bxyl) drwx) lglyl) wnpq (lwhy Tb) bkwlh hw )tr),	ܘܗܢܘܢ ܫܬܝܩܝܢ ܗܘܘ ܘܗܘ ܐܚܕܗ ܘܐܣܝܗ ܘܫܪܝܗܝ
Luke	Sinaiticus	04:15	whw mlp hw) lhwn bknw$:thwn wm$tbx hw) mn kwl )n$,	ܡܢܘ ܡܢܟܘܢ ܕܐܝܬ ܠܗ ܡܐܐ ܥܪ̈ܒܝܢ ܘܢܐܒܕ ܚܕ ܡܢܗܘܢ ܠܐ ܫܒܩ ܬܫ̈ܥܝܢ ܘܬܫܥܐ ܒܡܕܒܪܐ ܘܐܙܠ ܒܥܐ ܠܗܘ ܕܐܒܝܕ ܥܕܡܐ ܕܢܫܟܚܝܘܗܝ
Luke	Sinaiticus	04:16	w)t) lncrt )tr d)trby hw) w(l lknw$t) bywm) d$bt) )ykn) dm(d hw)	ܝܕܥܬ ܡܢܐ ܐܥܒܕ ܕܡܐ ܕܢܦܩܬ ܡܢ ܪܒܬ ܒܝܬܘܬܐ ܢܩܒܠܘܢܢܝ ܒܒܬܝܗܘܢ
Luke	Sinaiticus	04:17	wyhb lh ktb) d)$(y) nby) wqm lmqr) kd ptx ktb) )$kx dwkt) dktyb	ܘܐܢ ܫܒܥ ܙܒܢܝܢ ܒܝܘܡܐ ܢܚܛܐ ܘܗܠܝܢ ܫܒܥ ܙܒܢܝܢ ܢܬܦܢܐ ܠܘܬܟ ܘܢܐܡܪ ܕܬܐܒܢܐ ܫܒܘܩ ܠܗ܀
Luke	Sinaiticus	04:18	rwx) dmry) (lyk dmTlth m$xk lmsbrw lms:kn) w$lxny lmkrzw l$:by) $wbqn) wl(wyr:) xzy) w)$rr ltbyr:) b$wbqn)	ܘܠܐ ܨܒܐ ܗܘܐ ܒܬܪܟܢ ܐܡܪ ܒܢܦܫܗ܂ ܐܢ ܡܢ ܐܠܗܐ ܠܐ ܕܚܠ ܐܢܐ ܘܡܢ ܒܪ ܐܢܫܐ ܠܐ ܡܬܟܚܕ ܐܢܐ
Luke	Sinaiticus	04:19	wlmkrzw $nt) dmry) mqblt),	ܘܪܗܛ ܠܩܕܡܘܗܝ ܘܣܠܩ ܠܬܬܐ ܦܟܝܗܬܐ ܕܢܚܙܝܘܗܝ ܡܛܘܠ ܕܗܟܘܬ ܥܒܪ ܗܘܐ ܝܫܘܥ
Luke	Sinaiticus	04:20	wkrk spr) wyhbh lm$m$n) wytb wklhwn bh xyryn hww	ܡܥܡܘܕܝܬܗ ܕܝܘܚܢܢ ܡܢ ܫܡܝܐ ܗܝ ܐܘ ܡܢ ܒܢܝ ܐܢܫܐ
Luke	Sinaiticus	04:21	w$ry lm)mr lhwn, ywmn) )$tlm ktb) hn) b)dny:kwn	ܗܠܝܢ ܓܝܪ ܡܢ ܡܐ ܕܝܬܝܪ ܠܗܘܢ ܐܪܡܝܘ ܒܝܬ ܩܘܪܒܢܐ܂ ܗܕܐ ܕܝܢ ܡܢ ܡܐ ܕܚܣܝܪ ܠܗ ܟܠ ܕܩܢܝܐ ܗܘܬ ܐܪܡܝܬܗ܀
Luke	Sinaiticus	04:22	wshdyn hww lh klhwn wmtdmryn hww bml) p)y:t) dnpqn hwy mn pwmh, w)mryn hww hn) l) hw) brh dywsp	ܘܐܙܠ ܡܠܠ ܥܡ ܪܒܝ ܟܗܢܐ ܘܣܦܪܐ ܐܝܟ ܕܢܫܠܡܝܘܗܝ ܠܗܘܢ
Luke	Sinaiticus	04:23	)mr lhwn kbr t)mrwn ly mtl) hn) )sy) )s) np$k w)ylyn d$m(twn d(bdt bkprnxm t)mrwn ly (bd )p hrk) bmdyntk	ܐܡܪ ܦܝܠܛܘܣ ܠܪ̈ܒܝ ܟܗܢ̈ܐ ܘܠܟܢܫܐ ܗܘ ܐܢܐ ܡܕܡ ܥܠܬܐ ܠܐ ܡܫܟܚܢܐ ܥܠ ܓܒܪܐ ܗܢܐ܂
Luke	Sinaiticus	04:24	)mr lhwn )myn )mrn) lkwn dlyt nby) dmtqbl bmdynth,	ܘܟܕ ܟܪܝܐ ܗܘܬ ܠܗܝܢ ܥܠ ܗܕܐ܂ ܐܬܚܙܝܘ ܬܪܝܢ ܐܢܫܝܢ ܕܩܝܡܝܢ ܠܥܠ ܡܢܗܝܢ ܘܡܒܪܩ ܗܘܐ ܠܒܘܫܗܘܢ
Luke	Sinaiticus	04:25	$rr) )mrn) lkwn dsgy )r:mlt) )yt hwy byt )ysr)yl bywmy )ly) nby) kd )txdw $my) $nyn t:lt wyrx) $t) kd hw) kpn) rb) bklh )r()	
Luke	Sinaiticus	04:26	wlwt xd) mnhyn l) )$tdr )yly) )l) lcrpt dcydn lwt )ntt) )rmlt)	
Luke	Sinaiticus	04:27	wsgy grb) )yt hww byt )ysryl bywmwhy d)ly$( nby) wxd mnhwn l) )tdky )l) )rmy)	
Luke	Sinaiticus	04:28	wkd $m(w hlyn dbknw$t) )tmlyw xmt)	
Luke	Sinaiticus	04:30	whw )p bynthwn (br hw)	
Luke	Sinaiticus	04:32	wtmyhyn hww bywlpnh, dm$lT) hwt mlth	
Luke	Sinaiticus	04:33	w)yt hw) bh bknw$thwn gbr) d)yt bh rwx) d$)d) Tnp) wz(q bql) rm)	
Luke	Sinaiticus	04:34	m) ln wlk y$w( ncry) )tyt lmwbdwtn yd( )n) lk mn )nt qdy$h d)lh)	
Luke	Sinaiticus	04:35	wk)) bh y$w( w)mr lh skwr pwmk wpwq mnh w$dyhy $)d) lmc(t) wnpq mnh kd mdm l) )hrh	
Luke	Sinaiticus	04:36	wtmh) )xd hw) lkwlhwn wmmllyn hww xd (m xd w)mryn )yd) hy ky mlt) hd) db$lTn) wbxyl) pqd) lrwx) hlyn Tnpt) wnpqn	
Luke	Sinaiticus	04:37	wnpq hw) (lwhy Tb) bkwlh )tr) dxdryhwn,	
Luke	Sinaiticus	04:38	wkd qm mn knw$t) (l lbyt) d$m(wn wlxmth d$m(wn )xyd) hwt lh )$t) rbt)	
Luke	Sinaiticus	04:39	wk)) b)$th w$bqth wbr $(th qmt wm$m$) hwt lhwn	
Luke	Sinaiticus	04:40	m(rb) $m$) dyn kwlhwn )ylyn d)yt hww lhwn dkryhyn kwr:hn) (:Tl) )ytyw )nwn lwth w(l xd xd mnhwn )ydh s)m hw) wlklhwn m)s) hw),	
Luke	Sinaiticus	04:41	wnpqyn hww $):d) mn sgy)) kd mz(qyn w)mryn )nt hw brh d)lh) wk)) hw) bhwn wl) $bq hw) lhwn dn)mrwn mTl dyd(yn hww lh dhwyw m$yx)%	
Luke	Sinaiticus	04:42	wlcprh dywm) npq hw) w)zl lh l)tr) xwrb) wkn$) sgy)) b(yn hww lh w)tw lwth w)xdw lh dl) n)zl lh mn lwthwn	
Luke	Sinaiticus	04:43	hw dyn )mr lhwn d)p lmdynt) )xrnyt) wl) ly d)sbr mlkwth d)lh)	
Luke	Sinaiticus	04:44	wmkrz hw) bknw$t) dyhwd	
Luke	Sinaiticus	05:01	wbhw kn$) d)d$ hw) dn$m( mnh mlth d)lh) whw q)m hw) (l yd ymt) dgnsr	ܗܘܐ ܒܝܘܡܬܗ ܕܗܪܘܕܣ ܡܠܟܐ ܕܝܗܘܕ ܟܗܢܐ ܚܕ ܕܫܡܗ ܗܘܐ ܙܟܪܝܐ ܡܢ ܦܠܓܘܬܐ ܕܒܝܬ ܐܒܝܡ܂ ܘܐܢܬܬܗ ܡܢ ܒܢܬܗ ܗܘܬ ܕܐܗܪܘܢ ܫܡܗ ܗܘܐ ܐܝܠܝܫܒܥ
Luke	Sinaiticus	05:02	wxz) trtyn spyn) dqymn (l gnb ymt) wcydyh dslqw mnh:yn wm$ygyn hww mcydthwn	ܗܘ ܘܡܪܝܡ ܐܢܬܬܗ ܟܕ ܒܛܢܐ ܕܬܡܢ ܢܬܟܬܒܘܢ
Luke	Sinaiticus	05:03	wxd) mnhyn d$m(wn hwt wslq y$w( ytb bh w)mr dndbrwnh mn yb$) qlyl lm:y) wytb hw) wmlp mn spynt) lkn$)	ܟܠܗܘܢ ܢܚ̈ܠܐ ܢܬܡܠܘܢ܂ ܛܘܪܐ ܘܪܡܬܐ ܢܬܡܟܟܘܢ ܘܢܗܘܐ ܥܪܡܐ ܠܫܦܝܐ ܘܐܬܪܐ ܥܣܩܐ ܠܦܩܥܬܐ
Luke	Sinaiticus	05:04	wkd $l) mn mllh (n) w)mr l$m(wn dbrw l(wmq) w)rmw mcydtkwn lcyd),	ܘܕܒܪ ܐܣܩܗ ܣܛܢܐ܂ ܘܚܘܝܗ ܟܠܗ̈ܝܢ ܡܠܟܘܬܐ ܕܐܪܥܐ ܕܩܠܝܠ ܙܒܢܐ܂
Luke	Sinaiticus	05:05	(n) $m(wn w)mr lh rby lly) klh l)yn wmdm l) )$kxn, h$) dyn (l mltk ndbr mcydt)	ܥܢܐ ܫܡܥܘܢ ܘܐܡܪ ܠܗ ܪܒܝ ܠܠܝܐ ܟܠܗ ܠܐܝܢ ܘܡܕܡ ܠܐ ܐܫܟܚܢ܂ ܗܫܐ ܕܝܢ ܥܠ ܡܠܬܟ ܢܕܒܪ ܡܨܝܕܬܐ
Luke	Sinaiticus	05:08	wkd xz) $m(wn npl (l )pw:hy qdm r:glwhy dy$w( w)mr lh mry prwq lk mny mTl dgbr) )n) xTy)	ܗܐ ܢܦܩ ܙܪܘܥܐ ܠܡܙܪܥ ܘܟܕ ܙܪܥ ܗܘܐ܂ ܐܝܬ ܕܢܦܠ ܥܠ ܝܕ ܐܘܪܚܐ ܘܐܬܕܝܫ܂ ܘܐܟܠܬܗ ܦܪܚܬܐ
Luke	Sinaiticus	05:09	tmh) gyr )xdh wlklhwn d(mh bcyd) hw dnw:n) d)xdw	ܘܐܝܠܝܢ ܕܠܐ ܡܩܒܠܝܢ ܠܟܘܢ܂ ܡܐ ܕܢܦܩܝܢ ܐܢܬܘܢ ܡܢ ܡܕܝܢܬܐ ܗܝ ܐܦ ܚܠܐ ܕܪ̈ܓܠܝܟܘܢ ܐܢܬܘܢ ܗܘܘ ܢܦܨ̈ܝܢ ܕܬܗܘܐ ܠܟܘܢ ܣܗܕܘܬܐ܂
Luke	Sinaiticus	05:10	whkn) )p y(qwb wywxnn b:ny zbdy mTl d$wtpwhy hww d$m(wn, w)mr y$w( l$m(wn l) tdxl mn h$) b:ny )n$) thw) c)d lx:y),	ܘܠܐܝܢܐ ܒܝܬܐ ܩܕܡܝܐ ܕܥܠܝܢ ܐܢܬܘܢ ܠܗ ܗܘܝܬܘܢ ܐܡܪܝܢ ܫܠܡܐ ܒܒܝܬܐ
Luke	Sinaiticus	05:11	wqrbw )nyn spy:n) l)r() w$bqw kwl mdm w)tw btrh%	ܘܐܡܪ ܠܗܘܢ ܝܫܘܥ ܡܢܘ ܡܢܟܘܢ ܕܐܝܬ ܠܗ ܪܚܡܐ ܘܢܐܙܠ ܠܘܬܗ ܒܦܠܓܘܬ ܠܠܝܐ ܘܢܐܡܪ ܠܗ ܪܚܡܝ ܐܫܐܠܝܢܝ ܬܠܬ ܓܪܝܨܢ܂
Luke	Sinaiticus	05:12	wkd hw) bxd) mn mdy:nt) )t) gbr) xd dml) grb) xz) ly$w( wnpl (l )p:why wb() hw) mnh w)mr lh mry )n cb) )nt m$kx )nt lmdkywtny,	ܐܚܘܟܘܢ ܕܝܢ ܡܢ ܡܢ ܬܕܚܠܘܢ܂ ܕܚܠܘ ܡܢ ܗܘ ܕܡܢ ܒܬܪ ܕܩܛܠ ܫܠܝܛ ܠܗ ܠܡܪܡܝܘ ܒܓܗܢܐ܂ ܐܢ ܐܡܪܢܐ ܠܟܘܢ ܕܡܢ ܗܢܐ ܠܡܕܚܠ
Luke	Sinaiticus	05:13	w)w$T )ydh qrb lh w)mr lh, cbn) )tdk), wbr $(th prq mnh grbh,	ܐܡܪܢܐ ܠܟܘܢ ܕܠܐ ܐܠܐ ܐܦ ܐܢܬܘܢ ܐܠܐ ܬܬܘܒܘܢ ܐܢܬܘܢ ܗܟܢܐ ܬܐܒܕܘܢ
Luke	Sinaiticus	05:14	wzhrh y$w( dl)n$ l) n)mr )l) zl xw) np$k lkh:n) wqrb xlp dtdkytk )ykn) dpqd mw$) dthw) lhwn lshdwt),	ܘܐܡܪ ܠܗܘܢ ܡܢܘ ܡܢܟܘܢ ܕܢܦܠ ܬܘܪܗ ܐܘ ܚܡܪܗ ܒܒܪܐ܂ ܒܝܘܡܐ ܕܫܒܬܐ ܘܠܐ ܢܓܕ ܡܣܩ ܠܗ
Luke	Sinaiticus	05:15	wnpq hw) (lwhy Tb) ytyr)yt wmtkn$ hw) kn$) sgy)) lm$m( mnh wlmt)syw mn kwr:hnyhwn,	ܘܡܐ ܕܐܫܟܚܗ ܫܩܠ ܠܗ ܥܠ ܟܬܦܬܗ ܘܚܕܐ
Luke	Sinaiticus	05:16	whw m$n) hw) ldbr) wmcl) hw)%	ܘܩܪܐ ܠܚܕ ܡܢ ܚܝܒܐ ܕܡܪܗ ܘܐܡܪ ܠܩܕܡܝܐ ܟܡܐ ܚܝܒ ܐܢܬ ܠܡܪܝ
Luke	Sinaiticus	05:18	wh) )n$) )ytyw gbr) xd b(rs) m$ry) wb(yn hww d)ykn) n(lwnh dnsymwnh qdmwhy	ܘܗܕܐ ܐܪܡܠܬܐ ܕܗܟܢܐ ܡܠܐܝܐ ܠܝ ܐܬܒܥܝܗ ܕܠܐ ܒܚܪܬܐ ܬܐܬܐ ܬܐܚܕܢܝ
Luke	Sinaiticus	05:20	wkd xz) hymnwthwn )mr lm$ry) gbr) $byqyn lk xThyk	ܘܗܢܘܢ ܡܬܚܫܒܝܢ ܗܘܘ ܘܐܡܪܝܢ ܕܐܢ ܢܐܡܪ ܕܡܢ ܫܡܝܐ ܗܝ ܢܐܡܪ ܠܢ ܐܝܟܘ ܠܐ ܗܝܡܢܬܘܢܝܗܝ
Luke	Sinaiticus	05:21	wspr) wpry$) mtx$byn hww w)mryn mnw hn) dmmll gwdp) mnw m$kx lm$bq xTh) )l) )n )lh) blxwd	ܘܟܕ ܐܡܪܘ ܐܢܫܝܢ ܥܠ ܗܝܟܠܐ ܕܒܟܐ̈ܦܐ ܫܦܝܪ̈ܬܐ ܘܒܩܘܪ̈ܒܢܐ ܡܨܒܬ܂ ܐܡܪ ܠܗܘܢ
Luke	Sinaiticus	05:22	y$w( dyn yd( mx$bthwn (n) w)mr lhwn mn) mtx$byn )ntwn blbwtkwn	ܘܚܕܝܘ ܘܐܫܬܘܕܝܘ ܕܢܬܠܘܢ ܠܗ ܟܣܦܐ
Luke	Sinaiticus	05:23	)yn) p$yq) lm)mr d$byqyn lk xThyk )w lm)mr dqwm hlk	ܗܢܘܢ ܕܝܢ ܩܥܝܢ ܗܘܘ ܘܐܡܪ̈ܝܢ ܐܙܝܥܗ ܥܡܐ ܟܕ ܡܠܦ ܒܟܠܗ ܝܗܘܕ ܘܫܪܝ ܡܢ ܓܠܝܠܝܐ ܥܕܡܐ ܠܗܪܟܐ܂
Luke	Sinaiticus	05:24	dtd(wn dyn )ntwn d$lyT hw brh d)n$) dn$bwq xTh) (l )r() )mr lm$ry) lk )mr )n) qwm $qwl (rsk wzl lbytk	ܘܕܚܠ ܘܟܦܝ ܪ̈ܫܝܗܝܢ ܘܚܝܪܢ ܗܘܝ ܒܐܪܥܐ܂ ܡܢ ܕܚܠܬܗܝܢ ܐܡܪܝܢ ܠܗ̈ܝܢ ܗܢܘܢ ܓܒܪܐ ܡܢܐ ܒܥܝܢ ܐܢܬܝܢ ܚܝܐ ܒܝܬ ܡܝܬ̈ܐ
Luke	Sinaiticus	05:25	wbh b$(t) qm qdmyhwn w$ql mdm drm) hw) (lwhy w)zl lbyth kd m$bx l)lh)	
Luke	Sinaiticus	05:26	wtmh) )xd )nwn wm$bxyn hww klhwn l)lh) w)mryn dxzyn t$bxt) rwrbt) ywmn) hw	
Luke	Sinaiticus	05:27	btr hlyn npq y$w( wxz) mks) dytb byt mks) d$mh lwy w)mr lh t) btry	
Luke	Sinaiticus	05:28	w$bq kwl mdm w)zl	
Luke	Sinaiticus	06:12	wbhwn bhnwn ywmt) npq hw) lTwr) lmclyw wtmn mgh hw) lly) kwlh bclwth d)lh)	ܚܡܫ ܓܝܪ ܨܦܪܝܢ ܡܙܕܒܢܢ ܒܬܪܝܢ ܐܣܪܝܢ ܘܚܕܐ ܡܢܗܝܢ ܠܐ ܛܥܝܐ ܩܕܡ ܐܠܗܐ
Luke	Sinaiticus	06:13	wkd nght qr) ltlmydwhy wgb) mnhwn tr(sr hnwn d$lyx) $my )nwn	ܘܐܡܪ ܗܘܐ ܡܬܠܐ ܗܢܐ ܓܒܪܐ ܚܕ ܐܝܬ ܗܘܬ ܠܗ ܬܬܐ ܕܢܨܝܒܐ ܒܟܪܡܗ ܘܐܬܐ ܒܥܐ ܒܗ ܦܐܪܐ ܘܠܐ ܐܫܟܚ
Luke	Sinaiticus	06:14	$m(wn hw dk)p) $my lh w)ndr)ws )xwhy wy(qwb wywxnn bny zbdy wpylypws wbr twlmy	ܘܠܐ ܐܫܟܚܘ ܠܡܬܠ ܠܗ ܦܬܓܡܐ ܥܠ ܗܠܝܢ܂
Luke	Sinaiticus	06:16	wyhwd) br y(qwb wyhwd) skrywT) hw dhw hw) m$lmn)	ܐܡܪ ܠܗ ܡܐܐ ܡܬܪܝܢ ܡܫܚܐ ܘܝܬܒ ܥܓܠ ܘܟܬܒ ܐܢܝܢ ܚܡܫܝܢ
Luke	Sinaiticus	06:17	wnxt (mhwn lpq(t) wqm hw wkn$) dtlmydwhy wswg)) dkn$) d(m) d)tw mn kwlh yhwd wmn )wr$lm wmn prhly wmn cwr wmn cydwn	ܥܢܐ ܘܐܡܪ ܠܗܘܢ ܐܠܘ ܐܝܬ ܒܟܘܢ ܗܝܡܢܘܬܐ ܐܝܟ ܦܪܕܬܐ ܕܚܪܕܠܐ ܐܡܪܬܘܢ ܗܘܝܬܘܢ ܠܬܘܬܐ ܗܢܐ ܕܐܬܥܩܪ ܡܢ ܣܡܟܐ ܘܐܬܢܨܒ ܒܝܡܐ܂ ܡܫܬܡܥ ܗܘܐ ܠܟܘܢ܂
Luke	Sinaiticus	06:18	d)tw dn$m(wnh wnt)swn mn klhwn kr:hnyhwn wmt)lcyn hww mn rwx) Tnpt:) dnt)swn	ܐܡܪ ܝܫܘܥ ܫܡܥܘ ܡܢܐ ܐܡܪ ܕܝܢܐ ܕܥܘܠܐ܂
Luke	Sinaiticus	06:19	kwlh cb) hw) lmtqrbw lh xyl) gyr npq hw) mnh wlklhwn m)s) hw)	ܘܐܣܬܪܗܒ ܢܚܬ ܙܟܝ ܘܩܒܠܗ ܚܕܝܐܝܬ܂
Luke	Sinaiticus	06:20	whw )rym (yn:why (l tlm:ydwhy w)mr% Twbyhwn lmskn) ddylhwn hy mlkwt) d$my)%	ܘܐܢ ܢܐܡܪ ܕܡܢ ܒܢܝ ܐܢܫܐ ܗܝ ܪܓܡܝܢ ܠܢ ܟܠܗ ܓܝܪ ܥܡܐ ܡܦܣܝܢ ܗܘܘ ܥܠ ܝܘܚܢܢ ܕܢܒܝܐ ܗܘ
Luke	Sinaiticus	06:21	Twby:hwn ldkpnyn h$) dnsb(wn% Twbyhwn ldbkyn h$) dngxkwn%	ܚܙܝܢ ܐܢܬܘܢ ܗܠܝܢ ܟ̈ܐܦܐ ܢܐܬܘܢ ܝܘܡ̈ܬܐ ܕܠܐ ܬܫܬܒܩ ܒܗ ܟܐܦ ܥܠ ܟܐܦ ܕܠܐ ܬܣܬܬܪ܂
Luke	Sinaiticus	06:22	Twbykwn m) dsnyn lkwn bny )n$), wmpr$yn lkwn, wmxsdyn wmpqyn (lykwn $m) dby$ mTl brh d)n$)	ܘܒܥܝܢ ܗܘܘ ܠܗ ܦܠܥܐ ܐܝܟܢܐ ܕܢܫܠܡܝܘܗܝ ܠܗܘܢ ܒܠܥܕܝ ܟܢܫܐ܀
Luke	Sinaiticus	06:23	)ntwn dyn xdw bhy $(t) rwzw wdwcw d)grkwn sgy b$my) hkn) gyr (bdyn hww )bhthwn lnby)%	ܦܝܠܛܘܣ ܕܝܢ ܟܕ ܫܡܥ ܕܐܡܪ̈ܝܢ ܕܡܢ ܓܠܝܠܝܐ ܗܘ܂
Luke	Sinaiticus	06:24	brm wy lkwn (tyr) dqbltwn b(wtkwn	ܠܐ ܗܘܐ ܗܪܟܐ ܐܠܐ ܩܡ ܠܗ ܥܗܕܝܢ ܡܕܡ ܕܡܠܠ ܥܡ̈ܟܝܢ ܥܕ ܗܘ ܒܓܠܝܠܐ
Luke	Sinaiticus	06:26	wy lkwn kd nhwwn )mryn (lykwn bny )n$) d$pyr, hkn) gyr (bdyn hww lnby) ddglwt)	
Luke	Sinaiticus	06:27	lkwn dyn )mrn) d$m(yn )xbw lb(ldbbykwn w(bdw d$pyr l)ylyn dsnyn lkwn	
Luke	Sinaiticus	06:28	brkw l)ylyn dly:Tyn lkwn, wclw (l )ylyn d($qyn lkwn	
Luke	Sinaiticus	06:29	wlmn dmxk lk (l pkk qrb lh )xrn) wmn d$ql mrTwTk )w kwtynk l) tklyhy	
Luke	Sinaiticus	06:30	wlmn d$)l lk hb lh wlmn dcb) dn$qwl dylk l) ttb(h	
Luke	Sinaiticus	06:31	w)ykn) dcbyn )ntwn dn(bdwn lkwn b:ny )n$) d$pyr hkn) (bdw lhwn	
Luke	Sinaiticus	06:32	w)n mxbyn )ntwn l)ylyn dmxbyn lkwn mn) hy Tybwtkwn	
Luke	Sinaiticus	06:38	hbw wmtyhb lkwn bkylt) Tbt) wm$p(t) nrmwn b(wbykwn bhy bkylt) dmkylyn )ntwn mtkyl lkwn	
Luke	Sinaiticus	06:39	w)mr hw) lhwn mtl) hn) lm) m$kx smy) lsmy) lmdbrw wl) tryhwn bgwmc) nplyn,	
Luke	Sinaiticus	06:40	lyt tlmyd) dgmyr )yk rbh bmlpnwt)	
Luke	Sinaiticus	06:41	mn) dyn gl) db(ynh d)xwk xz) )nt wqryt) db(ynk l) mtxzy) lk	
Luke	Sinaiticus	06:43	l) gyr )yt )yln) Tb) d(bd p):r) by$) )pl) )yln) by$) d(bd p):r) Tb)	
Luke	Sinaiticus	06:44	kwl )yln mn p)rwhy mtyd( l) lqTyn mn kwb:) tn) w)pl) mn sny) qTpyn (nb)	
Luke	Sinaiticus	06:46	mn) dyn qryn )ntwn ly mry mry wmdm d)mrn) lkwn l) (bdyn )ntwn,	
Luke	Sinaiticus	06:47	kwl )n$ gyr d)t) lwty w$m( mly w(bd lhyn )xwkwn lmn) dm),	
Luke	Sinaiticus	06:49	whw d$m( wl) (bd dm) lgbr) dbn) byth (l )r() dl) $t)st) w)tTry bh nhr) wbr$(th )rmyh whwt mpwlt) dbyt) hw rb)%	
Luke	Sinaiticus	07:01	wkd )tmly m:l) kwlhyn lm$m(th d(m), (l lkpr nxwm	ܒܪܐ ܕܝܢ ܠܝܬ ܗܘܐ ܠܗܘܢ܂ ܡܛܠ ܕܐܠܝܫܒܥ ܥܩܪܬܐ ܗܘܬ܂ ܘܬܪ̈ܝܗܘܢ ܣܓܝܐܝ ܝܘܡܬܐ ܗܘܘ܀
Luke	Sinaiticus	07:02	w(bdh dqnTrwn) xd (byd hw) by$ by$, wyqyr hw) (l mrh, wqryb hw) lmmt	ܘܝܠܕܬܗ ܠܒܪܗ ܒܘܟܪܐ܂ ܘܟܪܟܬܗ ܒܥܙܪܘܪܐ ܘܐܪܡܝܬܗ ܒܐܘܪܝܐ ܡܛܠ ܕܠܝܬ ܗܘܬ ܠܗܘܢ ܕܘܟܬܐ
Luke	Sinaiticus	07:03	w$m( (l y$w( w$dr lwth q$:y$) dyhwdy) wb() hw) mnh dn)t) nxy) l(bdh	ܘܐܡܪ ܗܘܐ ܠܟܢܫܐ ܐܝܠܝܢ ܕܐܬܝܢ ܗܘܘ ܠܗ ܠܡܥܡܕ ܝܠܕܐ ܕܐܟܕܢܐ ܡܢܘ ܚܘܝܟܘܢ ܠܡܥܪܩ ܡܢ ܪܘܓܙܐ ܕܥܬܝܕ
Luke	Sinaiticus	07:04	w)tw lwt y$w( wb(yn hww mnh bTyl)yt, w)mr:yn $w) hw dt(bd lh hd),	ܐܢܬ ܐܢ ܬܣܓܕ ܩܕܡܝ ܠܟ ܢܗܘܐ ܟܘܠܗ܂
Luke	Sinaiticus	07:05	rxm hw gyr (mn w)p byt knw$t) hw bn) ln,	ܘܐܪܡܙܘ ܠܚܒܪ̈ܝܗܘܢ ܕܒܣܦܝܢܐ ܐܚܪ̈ܢܝܬܐ ܕܢܐܬܘܢ ܢܥܕܪܘܢ ܐܢܘܢ܂ ܘܟܕ ܐܬܘ ܐܣܩܘ ܢܘܢܐ ܘܡܠܘ ܣܦ̈ܝܢܐ ܬܪ̈ܬܝܗܝܢ ܘܩܪ̈ܝܒܢ ܗܘܝ ܡܢ ܝܘܩܪܗܝܢ ܠܡܛܒܥ
Luke	Sinaiticus	07:07	)l) )mr bmlt) wnt)s) Tlyy,	ܐܠܐ ܐܡܪ ܒܡܠܬܐ ܘܢܬܐܣܐ ܛܠܝܝ܂
Luke	Sinaiticus	07:08	)p )n) gyr gbr) )n) dm$(bdn) txwt $wlTn) w)yt txyt )ydy sTrTywT) w)mr )n) lhn) dzl w)zl, wl)xrn) dt) w)t), wl(bdy d(bd hd) w(bd	ܘܐܚܪܢܐ ܢܦܠ ܒܝܬ ܟܘܒܐ ܘܚܢܩܘܗܝ܂
Luke	Sinaiticus	07:09	wkd $m( y$w( )tdmr bh w)tpny w)mr lkn$) hw d)t) btrh )mr )n) lkwn d)pl) byt )ysr)yl )$kxt )yk hd) hymnwt)	ܘܫܡܥ ܗܪܘܕܣ ܛܝܛܪܟܐ ܟܘܠܗܝܢ ܗܠܝܢ ܕܗܘܝ ܘܡܬܕܡܪ ܗܘܐ ܡܛܠ ܕܐܡܪܝܢ ܗܘܘ ܕܝܘܚܢܢ ܩܡ ܡܢ ܒܝܬ ܡ̈ܝܬܐ
Luke	Sinaiticus	07:10	whpkw hnwn d)$tdrw w)$kxw l(bd) hw kd xlym	ܘܒܗ ܒܒܝܬܐ ܗܘܝܬܘܢ ܠܥܣܝܢ ܘܫܬܝܢ ܡܢ ܕܝܠܗܘܢ ܫܘܐ ܗܘ ܓܝܕ ܦܥܠܐ ܐܓܪܗ ܘܠܐ ܬܫܢܘܢ ܡܢ ܒܝܬܐ ܠܚܒܪܗ
Luke	Sinaiticus	07:11	wmn btrkn )zlw lmdynt) d$mh n)yn wtlmydwhy )zlyn hww (mh wkn$) sgy))	ܘܗܘ ܢܥܢܐ ܡܢ ܠܓܘ ܘܢܐܡܪ ܠܗ ܠܐ ܬܗܪܢܝ ܡܛܘܠ ܕܬܪܥܐ ܐܚܝܕ ܗܘ ܘܛܠܝ̈ܐ ܥܡܝ ܒܥܪܣܐ ܠܐ ܡܫܟܚ ܐܢܐ ܕܐܩܘܡ ܐܬܠ ܠܟ
Luke	Sinaiticus	07:12	qrb ltr() dmdynt) wxz) kd mlwyn myt) dyxydy) hw) l)mh, why )rmlt) hwt, w)yt hw) (mh kn$) sgy)) mn b:ny mdynt)	ܐܦ ܡܢܐ ܓܝܪ ܕܣܥܪܐ ܕܪܫܟܘܢ ܡܢܝܢ ܐܢܝܢ ܠܐ ܗܟܝܠ ܬܕܚܠܘܢ ܡܛܠ ܕܡܢ ܨܦܪܐ ܣܘܓܐ ܛܒܝܢ ܐܢܬܘܢ
Luke	Sinaiticus	07:13	xzh y$w( w)trxm (lyh w)mr lh l) tbkyn	ܐܡܪ ܠܦܠܚܐ ܗܐ ܬܠܬ ܫܢܝܢ ܐܬܐ ܒܥܢܐ ܦܐܪ̈ܐ ܒܬܬܐ ܗܕܐ ܘܠܐ ܡܫܟܚܢܐ ܐܠܐ ܦܣܘܩܝܗ ܠܡܢܐ ܡܒܛܠܐ ܐܪܥܐ
Luke	Sinaiticus	07:15	w)ttrym hw myt) wytb w$ry lmmllw wyhbh l)mh	ܐܡܪܢܐ ܠܟܘܢ ܕܗܟܢܐ ܬܗܘܐ ܚܕܘܬܐ ܒܫܡܝܐ ܥܠ ܚܕ ܚܛܝܐ ܕܬܐܒ ܐܘ ܥܠ ܬܫ̈ܥܝܢ ܘܬܫ̈ܥܐ ܙܕܝܩܝܢ ܕܠܐ ܣܢܝܩܝܢ ܥܠ ܬܝܒܘܬܐ
Luke	Sinaiticus	07:16	w)xdt )nwn dxlt) lkwlhwn w$bxw l)lh) w)mryn dnby) rb) qm bn ws(r )lh) l(mh	ܘܒܬܪܟܢ ܐܡܪ ܠܐܚܪܢܐ ܘܐܢܬ ܟܡܐ ܚܝܒ ܐܢܬ ܠܗ ܐܡܪ ܠܗ ܡܐܐ ܟܘܪܝܢ ܚܛܐ ܘܝܬܒ ܡܚܕܐ ܟܬܒ ܐܢܘܢ ܬܡܢܐܝܢ
Luke	Sinaiticus	07:17	wnpqt (lwhy hd) bklh )r() dyhwd wbkwlh )tr) dxdryhwn%	ܘܡܢܘ ܡܢܟܘܢ ܕܐܝܬ ܠܗ ܥܒܕܐ ܕܕܒܪ ܦܕܢܐ ܐܘ ܕܪܥܐ ܥܢܐ܂ ܘܡܐ ܕܥܐܠ ܡܢ ܚܩܠܐ ܠܡܐ ܐܡܪ ܠܗ ܡܚܕܐ ܥܒܪ ܐܣܬܡܟ
Luke	Sinaiticus	07:18	w)$t(yw lywxnn tlmydwhy hlyn klhyn	ܐܠܗܐ ܗܟܝܠ ܠܐ ܝܬܝܪܐܝܬ ܢܥܒܕ ܬܒܥܬܐ ܠܓܒ̈ܘܗܝ ܕܩܪܝܢ ܠܗ ܒܐܝܡܡܐ ܘܒܠܠܝܐ ܘܡܓܪ ܪܘܚܗ ܥܡܗܘܢ
Luke	Sinaiticus	07:19	wqr) ywxnn ltryn mn tlm:ydwhy w$dr lwt y$w( w)mr )nt hw d)t) )w l)xrn hw mskyn )nxnn,	ܘܟܕ ܚܙܘ ܗܘܘ ܪܛܢܝܢ ܗܘܘ ܘܐܡܪܝܢ ܕܠܘܬ ܓܒܪܐ ܚܛܝܐ ܥܠ ܕܢܫܪܐ
Luke	Sinaiticus	07:20	w)tw lwth w)mryn lh ywxnn m(mdn) $drn lwtk w)mr )nt hw d)t) )w l)xryn mskyn xnn	ܐܡܪܝܢ ܠܗ ܠܐ ܝܕܥܝܢ ܐܢܚܢܢ ܡܢ ܐܝܡܟܐ ܗܝ
Luke	Sinaiticus	07:21	wbh b$(t) sgy)) )sy mn kwrhn) wmn mxwt) wmn rwx) by$t) wls:gy)) sm:y) yhb hw) dnxzwn	ܘܫܐܠܘܗܝ ܘܐܡܪ̈ܝܢ ܠܗ ܡܠܦܢܐ ܐܡܬܝ ܗܠܝܢ ܢܗܘܝܢ ܘܡܢܐ ܐܬܐ ܡܐ ܕܡܫܪܝܢ ܗܠܝܢ ܕܢܗܘܝܢ
Luke	Sinaiticus	07:22	w(n) w)mr lhwn )zlw w)mrw lywxnn klmdm dxzytwn wmdm d$m(twn dsmy) xzyn wx:gyr) mhlkyn wgr:b) mtdkyn wxr:$) $m(yn wmskn) mstbryn wmy:t) qymyn	ܘܟܕ ܡܛܝ ܝܘܡܐ ܕܦܨܚܐ ܕܒܗ ܐܝܬ ܗܘܐ ܥܝܕܐ ܕܢܬܢܟܣ ܦܨܚܐ܂
Luke	Sinaiticus	07:23	wTwbwhy lmn dl) ntk$l by	ܘܟܕ ܫܡܥ ܕܡܢ ܬܚܝܬ ܫܘܠܛܢܐ ܗܘ ܕܗܪܘܕܣ ܫܕܪܗ ܠܘܬ ܗܪܘܕܣ ܡܛܠ ܕܐܦ ܗܘ ܗܪܘܕܣ ܒܐܘܪܫܠܡ ܗܘܐ ܒܗܢܘܢ ܝܘܡ̈ܬܐ܂
Luke	Sinaiticus	07:24	wkd )zlw tlmydwhy dywxnn $ry lm)mr lkn$) (l ywxnn mn) npqtwn lmxz) qny) dmn rwx) mtzy(	ܘܐܡܪ ܗܘܐ ܠܟܝܢ ܕܥܬܝܕ ܗܘ ܒܪܗ ܕܐܢܫܐ ܕܢܫܬܠܡ ܒܐܝ̈ܕܝ ܒܢܝ ܐܢܫܐ ܚܛܝܐ ܘܢܨܛܠܒ ܘܠܬܠܬܐ ܝܘܡܝܢ ܢܩܘܡ
Luke	Sinaiticus	07:25	w)l) mn) npqtwn lmxz) gbr) dnx:t) rkyk) lby$ h) hnwn dblbw:$) m$bx) wmpnq:) )ytyhwn byt m:lk) )nwn,	
Luke	Sinaiticus	07:26	w)l) mn) npqtwn lmxz) nby) )yn, )mrn) lkwn dytyr hw mn nby)	
Luke	Sinaiticus	07:27	hnw d(lwhy ktyb dh) m$drn) ml)ky qdm prcwpk wntqn )wrx) qdmyk	
Luke	Sinaiticus	07:29	wklh (m) wmks) d$m(w zdqw np$hwn l)lh) d(mdw bm(mdyth dywxnn	
Luke	Sinaiticus	07:30	spr:) dyn wpr:y$) glzw bnp$hwn cbyn) d)lh) dl) )t(mdw mnh	
Luke	Sinaiticus	07:31	lmn hkyl )dm) )nwn )n$) d$rbt) hd) wlmn) dmyn	
Luke	Sinaiticus	07:32	dmyn lTly) dytbyn b$wq) w$lxyn lxbryhwn zmrn lkwn wl) rqdtwn w)lyn lkwn wl) bkytwn	
Luke	Sinaiticus	07:33	)t) gyr lwtkwn, ywxnn m(mdn) l) )kl wl) $t), )mryn )ntwn $)d) )yt bh	
Luke	Sinaiticus	07:34	w)t) brh dgbr) )kl w$t) )mryn )ntwn h) gbr) )kwl) wrwy) wrxm) dmks) wdxTy)	
Luke	Sinaiticus	07:35	w)zddqt xkmt) mn klhwn bnyh%	
Luke	Sinaiticus	07:36	w)t) pry$) xd b() mnh dnl(s (mh w(l lbyth dpry$) hw kd )stmk	
Luke	Sinaiticus	07:37	)ntt) xd) xTyt), )yt hwt bhy mdynt) wkd yd(t dbbyth dhw pry$) smyk nsbt $Typt) dm$x) dbsym)	
Luke	Sinaiticus	07:38	wqmt mn bstrh lwt r:glwhy wbky) hwt wbdm(yh r:glwhy cb(t wbs(r:) dry$h. m$wy) hwt lhyn wmn$q) hwt r:glwhy wm$x) hwt mn hw m$x)	
Luke	Sinaiticus	07:39	kd xz) dyn hw pry$) dqryhy )tx$b bnp$h w)mr hn) )lw nby) hw) yd( hw) mny wm) Tbh d)ntt) hy xTyt) dqrbt lh	
Luke	Sinaiticus	07:40	)mr lh y$w( $m(wn )yt ly mdm d)mr lk )mr lh )mr rbn )mr lh y$w(	
Luke	Sinaiticus	07:42	wkd lyt hw) lhwn lmpr( ltr:yhwn $bq, )yn) mnhwn nxbywhy ytyr)yt	
Luke	Sinaiticus	07:43	)mr lh $m(wn sbr )n) dhw d)$tbq lh sgy, )mr lh y$w( $pyr dnt,	
Luke	Sinaiticus	07:44	w)tpny lwt )ntt) w)mr l$m(wn xzt )ntt) hd), lbytk (lt my:) lrgly l) yhbt ly hd) dyn bdm(yh cb(t )nyn wbs(r:) dry$h $wyt )n:yn	
Luke	Sinaiticus	07:45	)nt l) n$qtny hy dyn mn d(lt l) $lyt rgly lmn$qw,	
Luke	Sinaiticus	07:47	mTl hn) )mrn) $byqyn lh xThyh sgy)) mTl dsgy )xbt, mn dqlyl gyr m$tbq lh qlyl mxb	
Luke	Sinaiticus	07:48	w)mr lh d$byqyn lky x:Thyky,	
Luke	Sinaiticus	07:49	w$ryw hnwn dsmykyn )mryn bnp$hwn mnw hn) d)p xTh) $bq,	
Luke	Sinaiticus	07:50	w)mr l)ntt) hy hymnwtky )xytky zly b$lm)%	
Luke	Sinaiticus	08:01	wmn btr hlyn mtkrk hw) bqwr:y) wbmdynt) wtr(sr:th (mh wmsbr mlkwth d)lh)	ܗܘܐ ܗܿܘܐ ܕܝܢ ܟܕ ܡܫܡܫ ܗܘܐ ܒܛܟܣܐ ܕܟܗ̈ܢܐ ܩܕܡ ܐܠܗܐ
Luke	Sinaiticus	08:02	wn:$) hlyn d)t)sy hwy mn r:wx) by$t) wmn kwr:hn), mrym dmtqry) mgdlyt) hy d$b() $)dyn npqw hww mnh,	ܪܥܘܬܐ ܕܝܢ ܐܝܬ ܗܘܘ ܬܡܢ ܒܗ ܒܐܬܪܐ ܘܥܝܪ̈ܝܢ ܗܘܘ ܘܢܛܪܝܢ ܡܛܪܬܐ ܥܠ ܢܩܘܬܗܘܢ
Luke	Sinaiticus	08:04	wkd mtkn$ kn$) sgy)), w)ylyn dmn mdynt) )tyn hww lwth $ry lm)mr lhwn bmtl)	ܥܢܐ ܝܫܘܥ ܘܐܡܪ ܠܗ ܟܬܝܒ ܠܡܣܓܕ ܠܡܪܝܐ ܐܠܗܟ ܘܠܗ ܒܠܚܘܕܘܗܝ ܬܦܠܚ܂
Luke	Sinaiticus	08:05	h) npq zrw() lmzr( wkd zr( hw), )yt dnpl (l yd )wrx) w)tdy$, w)klth prxt)	ܘܟܕ ܚܙܐ ܫܡܥܘܢ ܢܦܠ ܥܠ ܐܦܘ̈ܗܝ ܩܕܡ ܪ̈ܓܠܘܗܝ ܕܝܫܘܥ ܘܐܡܪ ܠܗ ܡܪܝ ܦܪܘܩ ܠܟ ܡܢܝ ܡܛܠ ܕܓܒܪܐ ܐܢܐ ܚܛܝܐ
Luke	Sinaiticus	08:06	w)xrn) npl (l $w() wmTl dlyt hwt Tlt) bc wyb$	
Luke	Sinaiticus	08:07	w)xrn) npl byt kwb) wxnqwhy,	ܐܦ ܐܢܐ ܓܝܪ ܓܒܪܐ ܐܢܐ ܕܡܫܥܒܕܢܐ ܬܚܘܬ ܫܘܠܛܢܐ ܘܐܝܬ ܬܚܝܬ ܐܝܕܝ ܣܛܪܛܝܘܛܐ ܘܐܡܪ ܐܢܐ ܠܗܢܐ ܕܙܠ ܘܐܙܠ܂ ܘܠܐܚܪܢܐ ܕܬܐ ܘܐܬܐ܂ ܘܠܥܒܕܝ ܕܥܒܕ ܗܕܐ ܘܥܒܕ
Luke	Sinaiticus	08:08	w)xrn) npl b)r() Tbt), wy() wyhb p)r) xd bm)) wkd )mr hlyn bql) rm) )mr hw) dmn d)yt lh )dn) dn$m( n$m(	ܘܐܚܪܢܐ ܢܦܠ ܒܐܪܥܐ ܛܒܬܐ܂ ܘܝܥܐ ܘܝܗܒ ܦܐܪܐ ܚܕ ܒܡܐܐ ܘܟܕ ܐܡܪ ܗܠܝܢ ܒܩܠܐ ܪܡܐ ܐܡܪ ܗܘܐ ܕܡܢ ܕܐܝܬ ܠܗ ܐܕܢܐ ܕܢܫܡܥ ܢܫܡܥ
Luke	Sinaiticus	08:09	w$)lwhy hww tlmydwhy mnw mtl) hn)	ܐܚܪܢܐ ܕܝܢ ܐܡܪܝܢ ܕܐܠܝܐ ܐܬܚܙܝ ܘܐܚܪܢܐ ܐܡܪܝܢ ܕܚܕ ܡܢ ܢܒ̈ܝܐ ܩܕܡܝܐ ܩܡ
Luke	Sinaiticus	08:10	)mr lhwn lkwn hw yhyb lmd( )rz) dmlkwth d)lh) lhnwn dyn bry) l) yhyb lhwn l,,, lmd(, mTl hn) bpl):t) mt)mr lhwn dkd xzyn l) nxzwn wkd $m(yn l) nstklwn	ܘܠܐܝܕܐ ܡܕܝܢܬܐ ܕܥܠܝܢ ܐܢܬܘܢ ܘܡܩܒܠܝܢ ܠܟܘܢ ܠܥܣܘ ܟܘܠ ܡܕܡ ܕܡܬܣܝܡ ܩܕܡܝܟܘܢ
Luke	Sinaiticus	08:11	hn) dyn mtl) )ytwhy zr() mlth d)lh)	ܐܡܪܢܐ ܠܟܘܢ ܕܐܢ ܡܛܠ ܪܚܡܘܬܐ ܠܐ ܢܬܠ ܠܗ ܡܛܠ ܚܨܝܦܬܐ ܢܩܘܡ ܘܢܬܠ ܠܗ܂ ܟܡܐ ܕܡܬܒܥܐ ܠܗ
Luke	Sinaiticus	08:12	whnwn d(l yd )wrx) hlyn )nwn d$m(yn mlt) w)t) b(ldbb) $ql lh mlt) mn lbhwn dl) nhymnwn wnxwn	ܐܡܪܢܐ ܠܟܘܢ ܓܝܪ ܕܟܠ ܕܢܘܕܐ ܒܝ ܩܕܡ ܒ̈ܢܝ ܐܢܫܐ܂ ܐܦ ܒܪܗ ܕܐܢܫܐ ܢܘܕܐ ܒܗ ܩܕܡ ܡܠܐܟ̈ܘܗܝ ܕܐܠܗܐ
Luke	Sinaiticus	08:13	whw d(l $w() hlwk )nwn, dm) d$m(yn mlt) (gl bxdwt) mqblyn lh w(qr) lyt lhwn bh. wbzbn mhymnyn wbzbn nsywn) mtk$lyn	ܥܢܐ ܘܐܡܪ ܠܗ ܗܘ ܦܠܚܐ ܡܪܝ ܫܒܘܩܝܗ ܐܦ ܗܕܐ ܫܢܬܐ ܥܕ ܐܦܠܚܝܗ ܐܙܒܠܝܗ
Luke	Sinaiticus	08:14	whw dnpl byt kw:b) h:lyn d$m(yn wbcpt) wb(wtr) wbbsymwt) d(wmr) mtx$xyn wmtxnqyn wp)r) l) yhbyn	ܐܡܪ ܠܗܘܢ ܐܡܬܝ ܕܡܙܡܢ ܐܢܬ ܠܡܫܬܘܬܐ ܠܐ ܬܣܬܡܟ ܠܟ ܒܕܘܟܬܐ ܡܝܩܪܬܐ ܕܠܡܐ ܢܗܘܐ ܡܙܡܢ ܬܡܢ ܡܢ ܕܡܝܩܪ ܡܢܟ܂
Luke	Sinaiticus	08:15	hw dyn b)r() Tbt) hnwn )nwn dblb) $py) wTb) $m(w mlt) w)xdw wyhbyn p)r:) bmsybrnwt)	ܐܘ ܐܝܕܐ ܗܝ ܐܢܬܬܐ ܕܐܝܬ ܠܗ ܥܣܪܐ ܙܘܙܝܢ ܘܬܐܒܕ ܚܕ ܡܢܗܘܢ ܠܐ ܡܢܗܪܐ ܫܪܓܐ ܘܚܡܐ ܒܝܬܐ ܘܒܥܝܐ ܠܗ ܚܦܝܛܐܝܬ ܥܕܡܐ ܕܬܫܟܚܝܘܗܝ
Luke	Sinaiticus	08:16	l) )n$ mnhr $rg) wmxp) lh bm)n) )w s)m lh txyt (rs) )l) s)m lh l(l mn mnrt) dkwl mn d()l nxz) nwhrh,	ܘܫܒܚ ܡܪܐ ܠܪܒ ܒܝܬܐ ܕܥܘܠܐ ܕܚܟܝܡܐܝܬ ܥܒܕ ܘܚܟܝܡܝܢ ܐܢܘܢ ܒܢܘܗܝ ܕܥܠܡܐ ܗܢܐ ܒܫܪܒܬܗܘܢ ܗܕܐ ܡܢ ܒܢܘܗܝ ܕܢܘܗܪܐ
Luke	Sinaiticus	08:17	lyt gyr mdm dks) dl) ntgl) wl) dmT$y dl) ntyd( wn)t) lgly),	ܐܠܐ ܐܡܪ ܠܗ ܛܝܒ ܠܝ ܡܕܡ ܕܐܚܫܡ ܘܐܣܘܪ ܚܨ̈ܝܟ ܫܡܫܝܢܝ ܥܕܡܐ ܕܐܠܥܣ ܘܐܫܬܐ܂ ܘܒܬܪܟܢ ܐܦ ܐܢܬ ܬܠܥܣ ܘܬܫܬܐ
Luke	Sinaiticus	08:18	xzw mn) $m(twn, mn d)yt lh gyr ntyhb lh wmn dlyt lh )p hw mdm dsbr d)yt lh n$tql mnh%	ܐܡܪ ܐܢܐ ܠܟܘܢ ܕܢܥܒܕ ܬܒܥܬܗܘܢ ܒܥܓܠ ܒܪܡ ܢܐܬܐ ܟܝ ܒܪܗ ܕܐܢܫܐ ܢܫܟܚ ܗܝܡܢܘܬܐ ܥܠ ܐܪܥܐ܂
Luke	Sinaiticus	08:19	w)tw lwth )mh w)xw:hy wl) m$kxyn hww dnxzwn wqwyn mTl kn$)	ܘܩܡ ܙܟܝ ܘܐܡܪ ܠܝܫܘܥ ܗܐ ܡܪܝ ܦܠܓܘܬ ܢܟܣ̈ܝ ܝܗܒܢܐ ܠܡܣܟܢܐ܂ ܘܟܠ ܕܓܠܙܬ ܚܕ ܒܐܪܒܥܐ ܦܪܥܢܐ܂
Luke	Sinaiticus	08:20	w)mrw lh )mk w)x:yk qymyn lbr wcbyn lmxzyk	ܐܡܪ ܠܗܘܢ ܝܫܘܥ ܐܦܠܐ ܐܢܐ ܐܡܪ ܐܢܐ ܠܟܘܢ ܒܐܝܢܐ ܫܘܠܛܢܐ ܥܒܕ ܐܢܐ ܗܠܝܢ܀
Luke	Sinaiticus	08:21	hw dyn (n) w)mr lhwn )my w)x:y hlyn )nwn )ylyn d$m(yn mlt) d)lh) w(bdyn,	ܗܘ ܕܝܢ ܐܡܪ ܠܗܘܢ ܚܙܘ ܕܠܡܐ ܬܛܥܘܢ ܣܓܝܐܐ ܓܝܪ ܢܐܬܘܢ ܒܫܡܝ ܘܢܐܡܪܘܢ ܕܐܢܐ ܐܢܐ܂ ܘܙܒܢܐ ܩܪܒ ܠܐ ܬܐܙܠܘܢ ܒܬܪܗܘܢ܂
Luke	Sinaiticus	08:23	wkd rdyn dmk whwt (l(l) drwx) bymt) w)tmlyt spynthwn wqrybyn hww lmTb(	ܗܪܘܕܣ ܕܝܢ ܟܕ ܚܙܐ ܠܝܫܘܥ ܣܓܝ ܚܕܝ ܛܒ ܨܒܐ ܗܘܐ ܓܝܪ ܠܡܚܙܝܗܝ ܡܢ ܙܒܢܐ ܣܓܝܐܐ܂ ܡܛܠ ܕܫܡܥ ܗܘܐ ܥܠܘܗܝ܂ ܘܣܒܪ ܗܘܐ ܕܡܕܡ ܐܬܐ ܢܚܙܐ ܡܢܗ ܕܗܘܝܐ
Luke	Sinaiticus	08:25	w)mr lhwn )yk) hy hymnwtkwn, hnwn dyn kd dxylyn mtdmryn hww w)mryn xd lxd mnw ky hn) d)p lrwx) pqd wlym) wm$tm(yn lh%	
Luke	Sinaiticus	08:26	wrdw l)tr) dgdry) hw d)ytwhy lwqbl (br) dglyl),	
Luke	Sinaiticus	08:27	kd slq dyn l)r() pg( bh gbr) xd mn mdynt) d)yt hw) (lwhy $)d) mn zbn) sgy)), wnxt): l) lb$ hw) wbbyt) l) (mr hw), )l) byt qbwr:),	
Luke	Sinaiticus	08:28	kd xz) ly$w( q() wnpl sgd lh wbql) rm) )mr m) ly wlk y$w( brh d)lh) rm) b(n) mnk l) t$nqny,	
Luke	Sinaiticus	08:29	pqd hw) lh lhw rwx) Tnp) lmpq mn br )n$) sgy gyr zbn) nqyp hw) lh, wmt)sr hw) b$y$:lt) wbkbl) dntnTr wmtbr hw) )swr:why wmpsq wmtdbr hw) mnh mn $)d) lxwrb)	
Luke	Sinaiticus	08:30	$)lh dyn y$w( w)mr mn $mk, )mr lh lgywn mTl dsgy)) )nxnn bh,	
Luke	Sinaiticus	08:31	wb(yn hww mnh dl) npqwd lhwn, lm)zl lthwm),	
Luke	Sinaiticus	08:32	)yt hwt dyn tmn bTwr) bqr) dxzyr:) sgy:)) dr(yn hww wb(yn hww hnwn $):d) dnps lhwn dn(lwn bxzyr:) w)ps lhwn,	
Luke	Sinaiticus	08:33	wnpqw $):d) mn gbr) hw w(lw bxzyr:), wtrct bqr) kwlh l$qyp) wnplw bym) w)txnqw	
Luke	Sinaiticus	08:34	kd xzw dyn hnwn r:(wt) mdm dhw) (rqw w)$t(yw bmdynt) wbqwr:y)	
Luke	Sinaiticus	08:35	wnpqw )n$) wxzw mdm dhw) w)tw lwt y$w( w)$kxw lhw gbr) dnpqw mnh hnwn $):d) kd mlb$ wmnkp wytb lwt r:glwhy dy$w( wdxlw	
Luke	Sinaiticus	08:36	w)$t(yw lhwn )ykn) xy) gbr) hw	
Luke	Sinaiticus	08:37	wb(yn hww mnh kwlh kn$) dgdry) dn)zl lh mn lwthwn, mTl ddxlt) )xdt hwt )nwn hw dyn slq lspynt) w)zl mn lwthwn	
Luke	Sinaiticus	08:38	hw dyn dnpqw mnh $):d) b() hw) mnh dlwth nhw) w$ryhy y$w( w)mr	
Luke	Sinaiticus	08:39	hpwk lbytk w)$t() )ylyn d(bd lk )lh) w)zl hw) wmkrz bkwlh mdynt) mdm d(bd lh y$w(,	
Luke	Sinaiticus	08:40	wkd hpk mrn qblh kn$) sgy)) lh gyr xyr:yn hww%	
Luke	Sinaiticus	08:41	w)t) gbr) xd ywry$ $mh wry$ knw$t) hw) wnpl (l r:glwhy dy$w( wb() hw) dn(wl lbyth	
Luke	Sinaiticus	08:42	brt) gyr yxydyt) )yt hwt lh, w)ytyh hwt )yk brt $n:yn tr:t(sr) wqryb) hwt lmmt wkd )zl kn$) xbc hw) lh	
Luke	Sinaiticus	08:43	w)ntt) xd) drd) hw) dmh $n:yn trt(sr:) wl) )$kxt dtt)s) mn )n$	
Luke	Sinaiticus	08:44	wqrbt mn bstrh w)xdt bknp) dlbw$h, wqmt m(yn) dmrdyt) ddmh	
Luke	Sinaiticus	08:45	w)mr y$w( mnw qrb ly, wkd klhwn kpryn hww )mr lh k)p) rbn kn$) )lcy:n wx:bcyn lk, w)mr )nt mnw qrb ly	
Luke	Sinaiticus	08:46	(n) y$w( w)mr lh )n$ qrb ly )n) gyr yd( )n) dxyl) npq mny,	
Luke	Sinaiticus	08:47	kd xzt dyn hy )ntt) d)p hy hd) l) T(th, )tt kd rtyt) nplt sgdt lh, w)mrt l(yn (m) hw kwlh mTl )yd) cbwt) qrbt w)ykn) br $(th )t)syt,	
Luke	Sinaiticus	08:48	hw dyn (n) w)mr lh brty hymnwtky )xytky zly b$lm)%	
Luke	Sinaiticus	08:49	wkd mmll )tw mn byth drb knw$t) d)mryn lh mytt lh brtk l) t(ml lmlpn)	
Luke	Sinaiticus	08:50	kd $m( dyn y$w( (n) w)mr lh l) tdxl blxwd hymn wxy),	
Luke	Sinaiticus	08:51	wkd )t) lbyth dhw gbr), l) $bq l)n$ dn(wl )l) lkp) wly(qwb wlywxnn wl)bwh wl)mh dTlyt),	
Luke	Sinaiticus	08:52	wkwlhwn )n$) bk:yn hww wmrqdyn (lyh, whw )mr lhwn l) tbkwn, l) gyr mytt dmk) hy,	
Luke	Sinaiticus	08:53	hnwn dyn gxkyn hww (lwhy, dyd(yn hww dmytt lh,	
Luke	Sinaiticus	08:54	whw )xdh b)ydh wqrh w)mr Tlyt) qwmy	
Luke	Sinaiticus	08:55	whpkt rwxh, wbr$(th qmt, wpqd dntlwn lh lm)kl	
Luke	Sinaiticus	08:56	wtmhw hww )bh:yh, whw pqd )nwn dl)n$ l) n)mr:wn m) dhw)%	
Luke	Sinaiticus	09:01	wqr) dyn ltr(srth wyhb lhwn (ly) w$wlTn) (l kwlhwn $)d) wkr:yh) lm)syw,	ܒܥܝܕܐ ܕܬܫܡܫܬܐ ܕܟܗܢܐ܂ ܡܛܝܗܝ ܗܘܐ ܠܡܥܠܘ ܒܣ̈ܡܐ܂ ܘܟܕ ܥܠ ܠܗܝܟܠܐ܂
Luke	Sinaiticus	09:02	w$dr )nwn lmkrzw mlkwth d)lh) wlm)syw	ܐܬܚܙܝ ܠܗܘܢ ܡܠܐܟܐ ܕܡܪܝܐ ܟܕ ܩܐܡ ܘܬܫܒܘܚܬܗ ܕܡܪܝܐ ܢܗܪܐ ܗܘܬ ܥܠܝܗܘܢ ܘܗܢܘܢ ܕܚܠܘ ܕܚܠܬܐ ܪܒܬܐ
Luke	Sinaiticus	09:03	w)mr lhwn mdm l) t$qlwn lkwn l)wrx), l) xwTr) wl) trml), wl) lxm) wl) ksp), w)pl) trtyn kwtynyn nh:wyn lkwn,	ܘܗܐ ܡܛܝ ܠܗ ܢܪܓܐ ܠܘܬ ܥܩܪܗܘܢ ܕܐܝܠܢܐ ܘܟܠ ܐܝܠܢܐ ܗܟܝܠ ܕܠܐ ܥܒܕ ܦܐܪ̈ܐ ܛܒ̈ܐ ܡܬܦܣܩ ܘܒܢܘܪܐ ܢܦܠ܂
Luke	Sinaiticus	09:04	wlbyt) )yn) d(lyn )ntwn lh tmn hww, wmn tmn pwqw	ܘܐܝܬܝܗܝ ܠܐܘܪܫܠܡ ܘܐܩܝܡܗ ܥܠ ܩܪܢܐ ܕܗܝܟܠܐ ܘܐܡܪ ܠܗ ܐܢ ܒܪܗ ܐܢܬ ܕܐܠܗܐ ܐܪܡܐ ܢܦܫܟ ܡܢ ܗܡܟܐ
Luke	Sinaiticus	09:05	w)ylyn dl) mqblyn lkwn, m) dnpqyn )ntwn mn mdynt) hy )p xl) dr:glykwn )ntwn hww npc:yn dthw) lkwn shdwt),	ܬܡܗܐ ܓܝܪ ܐܚܕܗ ܘܠܟܠܗܘܢ ܕܥܡܗ ܒܨܝܕܐ ܗܘ ܕܢܘ̈ܢܐ ܕܐܚܕܘ
Luke	Sinaiticus	09:06	wkd npqw hww $lyx:why mtkrkyn hww bqwry) wbmdynt) wmsbryn hww wm)syn bkwl dwk)%	
Luke	Sinaiticus	09:07	w$m( hrwds TyTrk) kwlhyn hlyn dhwy wmtdmr hw) mTl d)mryn hww dywxnn qm mn byt m:yt)	ܘܟܕ ܫܡܥ ܝܫܘܥ ܐܬܕܡܪ ܒܗ ܘܐܬܦܢܝ ܘܐܡܪ ܠܟܢܫܐ ܗܘ ܕܐܬܐ ܒܬܪܗ ܐܡܪ ܐܢܐ ܠܟܘܢ ܕܐܦܠܐ ܒܝܬ ܐܝܣܪܐܝܠ ܐܫܟܚܬ ܐܝܟ ܗܕܐ ܗܝܡܢܘܬܐ
Luke	Sinaiticus	09:08	)xrn) dyn )mryn d)ly) )txzy w)xrn) )mryn dxd mn nb:y) qdmy) qm	ܘܫܐܠܘܗܝ ܗܘܘ ܬܠܡܝܕܘܗܝ ܡܢܘ ܡܬܠܐ ܗܢܐ
Luke	Sinaiticus	09:09	w)mr hrwds r$h dywxnn )n) psqt mnw hn) dhlyn $m(n) (lwhy wcb) hw) dnxzywhy	ܘܐܡܪ ܗܪܘܕܣ ܪܫܗ ܕܝܘܚܢܢ ܐܢܐ ܦܣܩܬ ܡܢܘ ܗܢܐ ܕܗܠܝܢ ܫܡܥܢܐ ܥܠܘܗܝ ܘܨܒܐ ܗܘܐ ܕܢܚܙܝܘܗܝ
Luke	Sinaiticus	09:10	whpkw hnwn $lyx:) w)$t(yw lh kwl mdm d(bdw wdbr )nwn blxwdyhwn w)zl ltr() dmdynt) dmtqry) byt cyd)	ܘܐܣܘ ܡܪܥܐ ܕܐܝܬ ܒܗ ܘܗܘܝܬܘܢ ܐܡܪܝܢ ܕܩܪܒܬ ܥܠܝܟܘܢ ܡܠܟܘܬܗ ܕܐܠܗܐ
Luke	Sinaiticus	09:11	wkd yd(w kn$) )zlw btrh wqbl )nwn wmmll hw) (l mlkwt) d)lh) wl)ylyn dsnyqyn hww )sywt) m)s) hw) lhwn	ܘܐܦ ܐܢܐ ܐܡܪܢܐ ܠܟܘܢ ܫܐܠܘ ܘܢܬܝܗܒ ܠܟܘܢ ܒܥܘ ܘܬܫܟܚܘܢ ܩܘܫܘ ܘܢܬܦܬܚ ܠܟܘܢ
Luke	Sinaiticus	09:12	wqryb hw) ywm) lm(rb qrbw tr(srth w)mryn lh bmdbr) )nxnn $ry kn$) hlyn dn)zlwn lqwr:y) hlyn dxdryn wlkpr:wn) dn$rwn )w dn$kxwn lhwn sybrt)	
Luke	Sinaiticus	09:13	)mr lhwn hw hbw lhwn )ntwn lml(s )mryn lh lyt ln ytyr mn xm$) lxmyn wtr:yn nw:nyn )l) )n dn)zl nzbn )nxnn sybrt) lhn) kn$) kwlh	ܘܐܢ ܥܒܕܬ ܦܐܪܐ ܘܐܠܐ ܠܡܢܚܝ ܬܦܣܩܝܗ܀
Luke	Sinaiticus	09:14	hwyn gyr xm$) )lpyn gbryn )mr ltlmydwhy )smkw )ntwn )nwn xm$yn xm$yn )n$ bsmk)	ܘܢܐܬܐ ܗܘ ܡܢ ܕܠܟ ܘܠܗ ܙܡܢ ܘܢܐܡܪ ܠܟ ܗܒ ܐܬܪܐ ܠܗܢܐ ܘܗܝܕܝܢ ܟܕ ܒܗܝܬ ܐܢܬ ܬܣܬܡܟ ܒܕܘܟܬܐ ܐܚܪܝܬܐ
Luke	Sinaiticus	09:15	w(bdw hkwt w)smkw kwlhwn	ܘܡܐ ܕܐܫܟܚܬܗ ܩܪܝܐ ܠܪܚܡܬܗ ܘܠܫܒܒܬܗ ܘܐܡܪܐ ܠܗܝܢ ܚܕܝܝܢ ܥܡܝ ܕܐܫܟܚܬ ܙܘܙܝ ܕܐܒܝܕ ܗܘܐ
Luke	Sinaiticus	09:16	wnsb hw lhnwn xm$) lxmyn whnwn nwnyn wxr b$my) wbrk (lwhy wqc) wyhb ltlmydwhy dnsymwn lkn$)	ܘܐܦ ܐܢܐ ܐܡܪܢܐ ܠܟܘܢ ܥܒܕܘ ܠܟܘܢ ܪܚܡܐ ܡܢ ܡܡܘܢܐ ܕܥܘܠܐ ܕܡܐ ܕܓܡܪ ܢܩܒܠܘܢܟܘܢ ܒܡ̈ܛܠܝܗܘܢ ܕܠܥܠܡ
Luke	Sinaiticus	09:17	w)klw klhwn w$qlw mn mdm d)wtrw q:cy) ml) tr(sr qwpynyn	ܠܡܐ ܛܝܒܘܬܐ ܕܢܦܫܗ ܐܚܝܕ ܥܒܕܐ ܗܘ ܕܥܒܕ ܐܝܠܝܢ ܕܦܩܝܕ ܠܗ܂
Luke	Sinaiticus	09:18	wkd mcl) hw) blxwdwhy wtlmydwhy (mh $)l )nwn w)mr mn) )mryn kn$) (ly d)yty	ܘܐܡܪ ܗܘܐ ܡܬܠܐ ܗܢܐ ܠܩܒܠ ܐܢܫܐ ܕܬܟܝܠܝܢ ܥܠ ܢܦܫܗܘܢ܂ ܕܙܕܝܩܝܢ ܐܢܘܢ ܘܒܣܝܢ ܗܘܘ ܥܠ ܣܓܝܐܐ
Luke	Sinaiticus	09:19	w)mryn lh )yt d)mryn dywxnn hw {b}<m>(mdn) )xrn) )mryn d)ly) hw	ܐܡܪ ܠܗ ܝܫܘܥ ܝܘܡܢܐ ܗܘܘ ܚܝܐ ܒܒܝܬܐ ܗܢܐ ܡܛܠ ܕܐܦ ܗܢܐ ܒܪܗ ܗܘ ܕܐܒܪܗܡ
Luke	Sinaiticus	09:20	)mr lhwn mn) )ntwn )mryn d)yty (n) $m(wn k)p) w)mr lh )nt hw m$yx)	ܘܫܪܝ ܕܢܐܡܪ ܠܗܘܢ ܡܬܠܐ ܗܢܐ ܓܒܪܐ ܚܕ ܢܨܒ ܟܪܡܐ ܘܐܚܕܪܗ ܣܝܓܐ ܘܐܘܚܕܗ ܠܦܠܚܐ ܘܥܢܕ ܙܒܢܐ ܣܓܝܐܐ
Luke	Sinaiticus	09:21	wk)) bhwn wpqd )nwn dhd) l)n$ l) n)mrwn	ܘܡܐ ܕܫܡܥܝܢ ܐܢܬܘܢ ܩܪܒܐ ܘܫܓܘܫܝܐ ܠܐ ܬܕܚܠܘܢ ܥܬܝܕܢ ܐܢܝܢ ܓܝܪ ܠܘܩܕܡ ܗܠܝܢ ܠܡܗܘܐ ܐܠܐ ܠܐ ܥܕܟܝܠ ܡܛܬ ܚܪܬܐ܂
Luke	Sinaiticus	09:22	w)mr d(tyd hw lh lbrh d)n$) dsgy nx$ wnstl) mn q$y$) wkhn) wspr) wdntqTl wbtlt) ywmyn nqwm	ܐܡܪ̈ܝܢ ܠܗ ܐܝܠܟܐ ܨܒܐ ܐܢܬ ܕܢܛܝܒ܂
Luke	Sinaiticus	09:23	w)mr hw) kl mn dcb) dn)t) b)try nkpwr bnp$h wn$ql zqyph wn)t) btry	ܘܒܡ̈ܠܐ ܚܟܝܡ̈ܬܐ ܡܫܐܠ ܗܘܐ ܠܗ܂ ܝܫܘܥ ܕܝܢ ܡܕܡ ܦܬܓܡܐ ܠܐ ܐܬܝܒܗ
Luke	Sinaiticus	09:24	mn dcb) gyr dnx) np$h nwbdyh wmn dnwbd np$h mTlty nxyh	ܘܗܦܟ ܡܢ ܒܝܬ ܩܒܘܪܐ ܘܐܡܪ ܐܢܝܢ ܡ̈ܠܐ ܗܠܝܢ ܠܚܕܥܣܪ ܘܫܪܟܐ ܕܬܠܡ̈ܝܕܐ܂
Luke	Sinaiticus	09:25	mn) gyr n)tr br )n$) )n (lm) klh nqn) wnp$h nxsr wnwbd	
Luke	Sinaiticus	09:26	dmn dnbht by wbmly qdm bny n$) nbht bh brh dgbr) m) d)t) bt$bwxt) (m ml)k) qdy$)	
Luke	Sinaiticus	09:27	)mrn) lkwn dyn $ryr)yt d)yt )n$) dqymyn hrk) dl) nT(mwn mwt) (dm) dnxzwn mlkwth d)lh)%	
Luke	Sinaiticus	09:28	whw) btr ml) hlyn )yk tmny) ywmyn wdbr lk)p) wly(qwb wlywxnn wslq lTwr) lmclyw	
Luke	Sinaiticus	09:29	wkd mcl) )$txlp xzw) d)pw:hy wnx:twhy xwr:yn wmbrqyn hww,	
Luke	Sinaiticus	09:30	wh) tr:yn gbr:yn mmllyn (mh mw$) w)ly)	
Luke	Sinaiticus	09:32	wk)p) whnwn d(mh, yqyrw hww lhwn b$nt) wkd )t(yrw xzw t$bwxth wlhnwn tryn )n$:yn dqymyn hww lwth	
Luke	Sinaiticus	09:33	wkd $ryw lmpr$ mnh )mr k)p), ly$w( rbn $pyr dnhw) hrk) wn(bd t:lt m:Tlyn lk xd), wlmw$) xd), wl)ly) xd) wl) yd( hw) mn) )mr hw)	
Luke	Sinaiticus	09:34	wkd )mr hlyn hwt (nn) wTllt (lyhwn wkd xzw lhlyn d(lyn b(nn) dxlw	
Luke	Sinaiticus	09:35	wql) )$tm( mn (nn), dhnw bry gby) lh $m(w	
Luke	Sinaiticus	09:36	wkd hw) ql) )$tkx y$w( blxwdwhy whnwn $tqw wl(yn )n$ l) )mrw mdm dxzw bhnwn ywmt)%	
Luke	Sinaiticus	09:37	wbhw ywm) kd nxtyn mn Twr) pg( bhwn kn$) sgy)),	
Luke	Sinaiticus	09:38	wgbr) xd mn kn$) hw, q() w)mr mlpn), b(n) mnk )tpn) (ly bry dyxydy) hw ly,	
Luke	Sinaiticus	09:39	wrwx) hwy) lh mn txyt $ly) wrmy) lh wm(s) lh wmr(t wlmxsn prq) mnh m) d$xqth	
Luke	Sinaiticus	09:40	wb(yt mn tlmydyk dnpqwnh wl) )$kxw lm(drwth	
Luke	Sinaiticus	09:41	(n) y$w( w)mr )wn $rbt) m(qlt) dl) mhymn) (dm) l)mty )hw) lwtkwn w)sybrkwn qrbyhy lk) lbrk	
Luke	Sinaiticus	09:42	wkd mqrb lh )rmyh $)d) hw wm(s hw) lh wk)) bh y$w( brwx) hy Tnpt) w)syh lTly) w)$lmh l)bwhy	
Luke	Sinaiticus	09:43	w)tdmrw klhwn (l rbwth d)lh) wkd kwl )n$ mtdmr hw) (l kwl d(bd hw) )mr ltlmydwhy	
Luke	Sinaiticus	09:44	smw )ntwn ml) hlyn b)d:nykwn, brh gyr d)n$) (tyd hw dn$tlm b)ydy bny )n$)	
Luke	Sinaiticus	09:45	whnwn l) m$twd(yn hww lh lmlt) hd) mTl dks) hwt mnhwn dl) n$twd(wnh whnwn dxlyn hww dn$)lwnh (lyh (l mlt) hd)	
Luke	Sinaiticus	09:46	w(lt hwt bhwn mx$bt) dmnw nhw) rb bhwn,	
Luke	Sinaiticus	09:47	y$w( dyn kd yd( mx$bt) dlbhwn )xd Tly) w)qymh lwthwn	
Luke	Sinaiticus	09:48	w)mr mn dmqbl Tly) hn) b$my ly hw mqbl wmn dly mqbl lmn d$drny mqbl, )yn) gyr dz(wr wTly) lkwn hn) rb hw	
Luke	Sinaiticus	09:49	(n) ywxnn w)mr lh rbn xzyn xd dmpq $):d) b$mk wklynyhy mTl dl) )t) (mn	
Luke	Sinaiticus	09:50	)mr lhwn y$w( l) tklwn mn dl) hw) gyr lqblkwn xlpykwn hw%	
Luke	Sinaiticus	09:52	w$dr hw) ml)k) qdm )pwhy w)zlw w(lw lqryt) d$mr:y) dntqnwn lh,	
Luke	Sinaiticus	09:53	wl) qblwhy mTl dprcwph l)wr$lm sym hw) lm)zl	
Luke	Sinaiticus	09:54	wkd dyn xzw tlmydwhy y(qwb wywxnn )mrw lh mrn cb) )nt dn)mr dtxwt nwr) mn $my) wtsyp )nwn	
Luke	Sinaiticus	09:55	wk)) bhwn	
Luke	Sinaiticus	09:56	w)zlw lhwn lqryt) )xrt)	
Luke	Sinaiticus	09:57	wkd )zlyn b)wrx) )mr lh )n$ )t) btrk l)tr d)zl )nt	
Luke	Sinaiticus	09:58	)mr lh y$w( d)n lt(l) nq() )yt lhwn wlprxt) d$my) qn) wlbrh d)n$) lyt lh )tr dnsmwk r$h	
Luke	Sinaiticus	09:59	w)mr l)xrn) )t) btry, )mr lh )ps ly lwqdm )zl )qbwr l)by	
Luke	Sinaiticus	09:60	)mr lh $bwq my:t) qbr:yn myty:hwn w)nt zl sbr mlkwth d)lh)	
Luke	Sinaiticus	09:61	)mr lh )xrn) )t) btrk mry, lwqdm dyn )ps ly )zl )xw) lb:ny byty w)t)	
Luke	Sinaiticus	10:01	wmn btr hlyn pr$ mn tlmydwhy )xr:n) $b(yn wtryn w$dr )nwn tryn tryn qdm )pwhy lkl )tr wmdyn) d(tyd hw) lm)zl	ܣܘܓܐܐ ܕܥܡܐ ܩܐܡ ܗܘܐ ܘܡܨܠܐ ܒܥܕܢܐ ܕܒܣ̈ܡܐ܂
Luke	Sinaiticus	10:02	)mr lhwn xcd) sgy wp(l) z(wryn b(w mn {b}<m>rh dxcd) )yk dnpq p(l) lxcdh	ܐܡܪ ܠܗܘܢ ܡܠܐܟܐ ܠܐ ܬܕܚܠܘܢ ܡܛܠ ܕܗܐ ܡܣܒܪܢܐ ܠܟܘܢ ܚܕܘܬܐ ܪܒܬܐ ܕܬܗܘܐ ܠܟܠܗ ܥܠܡܐ
Luke	Sinaiticus	10:03	)zlw h) )n) m$drn) lkwn )yk )mr:) byny d)b)	ܘܡܫܐܠܝܢ ܗܘܘ ܠܗ ܟܢܫܐ ܡܢܐ ܢܥܒܕ܂
Luke	Sinaiticus	10:04	l) t$qlwn lkwn kys:) wl) trml) wl) msn) wb$lm) dbny )n$) b)wrx) l) t$)lwn	ܟܬܝܒ ܗܘ ܓܝܪ ܕܠܡ̈ܠܐܟܘܗܝ ܢܦܩܕ ܥܠܝܟ ܕܢܢܛܪܘܢܟ
Luke	Sinaiticus	10:05	wl)yn) byt) qdmy) d(lyn )ntwn lh hwytwn )mryn $lm) bbyt)	ܘܗܟܢܐ ܐܦ ܝܥܩܘܒ ܘܝܘܚܢܢ ܒ̈ܢܝ ܙܒܕܝ ܡܛܠ ܕܫܘܬܦܘܗܝ ܗܘܘ ܕܫܡܥܘܢ܂ ܘܐܡܪ ܝܫܘܥ ܠܫܡܥܘܢ ܠܐ ܬܕܚܠ ܡܢ ܗܫܐ ܒ̈ܢܝ ܐܢܫܐ ܬܗܘܐ ܨܐܕ ܠܚ̈ܝܐ܂
Luke	Sinaiticus	10:06	)n )yt tmn br $lm) ntnyx (lwhy $lmkwn )n dl) )yt (lykwn nhpwk	
Luke	Sinaiticus	10:08	wl)yd) mdynt) d(lyn )ntwn wmqblyn lkwn l(sw kwl mdm dmtsym qdmykwn	ܐܡܪ ܠܗܘܢ ܠܟܘܢ ܗܘ ܝܗܝܒ ܠܡܕܥ ܐܪܙܐ ܕܡܠܟܘܬܗ ܕܐܠܗܐ ܠܗܢܘܢ ܕܝܢ ܒܪܝܐ ܠܐ ܝܗܝܒ ܠܗܘܢ ܠ܂܂܂ ܠܡܕܥ܂ ܡܛܠ ܗܢܐ ܒܦܠܐ̈ܬܐ ܡܬܐܡܪ ܠܗܘܢ ܕܟܕ ܚܙܝܢ ܠܐ ܢܚܙܘܢ ܘܟܕ ܫܡܥܝܢ ܠܐ ܢܣܬܟܠܘܢ
Luke	Sinaiticus	10:09	w)sw mr() d)yt bh whwytwn )mryn dqrbt (lykwn mlkwth d)lh)	ܘܗܦܟܘ ܗܢܘܢ ܫܠܝܚ̈ܐ ܘܐܫܬܥܝܘ ܠܗ ܟܘܠ ܡܕܡ ܕܥܒܕܘ ܘܕܒܪ ܐܢܘܢ ܒܠܚܘܕܝܗܘܢ ܘܐܙܠ ܠܬܪܥܐ ܕܡܕܝܢܬܐ ܕܡܬܩܪܝܐ ܒܝܬ ܨܝܕܐ
Luke	Sinaiticus	10:10	l)yd) mdynt) d(lyn )ntwn lh wl) nqblwnkwn bh pwqw b$wqyhwn w)mrw	ܠܐܝܕܐ ܡܕܝܢܬܐ ܕܥܠܝܢ ܐܢܬܘܢ ܠܗ ܘܠܐ ܢܩܒܠܘܢܟܘܢ ܒܗ ܦܘܩܘ ܒܫܘܩܝܗܘܢ ܘܐܡܪܘ
Luke	Sinaiticus	10:11	dh) )p xl) ddbq br:glyn npcyn )nxnn lh brm dyn hd) d(w dqrbt lh mlkwt) d)lh)	ܟܘܠ ܐܢܫ ܓܝܪ ܕܫܐܠ ܢܣܒ ܘܟܘܠ ܕܒܥܐ ܡܫܟܚ ܘܟܠ ܕܡܩܫ ܡܬܦܬܚ ܠܗ܂
Luke	Sinaiticus	10:12	)mrn) lkwn dlsdwm nhw) p$yx bywm) ddyn) Tb mn dlmdynt) hy,	ܘܟܠ ܕܢܐܡܪ ܡܠܬܐ ܥܠ ܒܪܗ ܕܐܢܫܐ ܢܫܬܒܩ ܠܗ ܡܢ ܕܥܠ ܪܘܚܐ ܕܝܢ ܕܩܘܕܫܐ ܢܓܕܦ ܠܐ ܢܫܬܒܩ ܠܗ
Luke	Sinaiticus	10:13	wy lky kwrzyn wy lky byt cyd) d)lw bcwr wbcydn hww xy:l) dbkyn hww kbr dyn bs:q) wbqTm) tbw	ܘܟܕ ܡܠܦ ܒܫܒܐ ܒܚܕܐ ܡܢ ܟܢܘܫ̈ܬܐ
Luke	Sinaiticus	10:14	brm lcwr wlcydn nhw) p$yx bywm) hw ytyr mn dlkyn	ܐܠܐ ܡܐ ܕܐܙܕܡܢܬ ܙܠ ܐܣܬܡܟ ܠܟ ܒܕܘܟܬܐ ܐܚܪܬܐ ܕܡܐ ܕܐܬܐ ܗܘ ܕܙܡܢܟ ܢܐܡܪ ܠܟ ܪܚܡܝ ܐܬܥܠܐ ܠܥܠ ܘܬܗܘܐ ܠܟ ܬܫܒܚܬܐ ܒܥܝ̈ܢܝ ܣܡ̈ܝܟܐ܂
Luke	Sinaiticus	10:15	w)nty kprnxm l) (dm) l$my) ttrymyn (dm) l$ywl txtyn	ܐܡܪܢܐ ܕܗܟܢܐ ܬܗܘܐ ܚܕܘܬܐ ܩܕܡ ܟܠܗܘܢ ܡܠܐ̈ܟܐ ܕܐܠܗܐ ܥܠ ܚܕ ܚܛܝܐ ܕܬܐܒ
Luke	Sinaiticus	10:16	mn d$m( lkwn ly hw $m( wmn dlkwn glz lmn d$drny glz wmn dly $m( lmn d$drny $m(	ܡܢ ܕܒܩܠܝܠ ܓܝܪ ܡܗܝܡܢ ܐܦ ܒܣܓܝ ܡܗܝܡܢ ܘܡܢ ܕܒܩܠܝܠ ܥܘܠ ܐܦ ܒܣܓܝ ܥܘܠ ܗܘ܂
Luke	Sinaiticus	10:17	whpkw hww hnwn $wb(yn wtryn d$dr bxdwt) )mryn mrn )p $)d) m$t(bdyn ln b$mk	ܗܟܢܐ ܐܦ ܐܢܬܘܢ ܡܐ ܕܥܒܕܬܘܢ ܐܝܠܝܢ ܕܦܩܝܕܢ ܠܟܘܢ ܐܡܪ̈ܝܢ ܐܢܬܘܢ ܐܢܚܢܢ ܥܒ̈ܕܐ ܡܕܡ ܕܚܝܒܝܢ ܗܘܝܢ ܠܡܥܒܕ ܥܒܕܢ܀
Luke	Sinaiticus	10:18	)mr lhwn xz) hwyt lsTn) dnpl )yk brq) mn $my)	ܬܪܝܢ ܐܢܫܝܢ ܣܠܩܘ ܠܗܝܟܠܐ ܠܡܨܠܝܘ ܚܕ ܦܪܝܫܐ ܘܐܚܪܢܐ ܡܟܣܐ
Luke	Sinaiticus	10:19	h) yhbn) lkwn $wlTn) dthwwn dy$yn xww:t) w(qr:b) w)p xylh db(ldbb) wmdm l) nhrkwn	ܘܕܐܬܐ ܒܪܗ ܕܐܢܫܐ ܕܢܒܥܐ ܘܢܚܐ ܡܕܡ ܕܐܒܕ܀
Luke	Sinaiticus	10:20	brm dyn bhd) l) txdwn d$)d) m$t(bdyn lkwn )l) xdw b$mhykwn d)tktbw b$my)	ܘܒܚܕ ܡܢ ܙܒܢܐ ܫܕܪ ܥܒܕܗ ܠܘܬ ܦܠܚܐ ܕܢܬܠܘܢ ܠܗ ܡܢ ܦܐܪܐ ܕܟܪܡܐ ܘܡܚܘܘܗܝ ܘܫܕܪܘܗܝ ܟܕ ܣܪܝܩ
Luke	Sinaiticus	10:21	wbh b$(t) )rwz brwx) dqwd$) w)mr mwd) )n) lk )b) mrh d$my) wd)r() dksyt hlyn mn xkym) wmn skwltn) wglyt )nyn lTly) )yn )by dhkn) hw) cbyn) qdmyk	ܢܩܘܡ ܓܝܪ ܥܡܐ ܥܠ ܥܡܐ ܘܡܠܟܘ ܥܠ ܡܠܟܘ܂
Luke	Sinaiticus	10:22	kwl mdm )$tlm ly mn )b) wmnw yd( lbr) )l) )b) wmnw yd( l)b) )l) )n br) wlmn dncb) br) dngl) lh,	ܐܡܪ ܠܗܘܢ ܗܐ ܡܐ ܕܥܠܝܢ ܐܢܬܘܢ ܠܡܕܝܢܬܐ ܦܓܥ ܒܟܘܢ ܓܒܪܐ ܕܫܩܝܠ ܓܪܒܐ ܕܡܝܐ܂ ܐܙܠܘ ܒܬܪܗ
Luke	Sinaiticus	10:23	w)tpny lwt tlm:ydwhy w)mr lhwn Twbyh:yn l(y:n) dxzyn m) dxzyn )ntwn	
Luke	Sinaiticus	10:24	)mrn) lkwn gyr ds:gy)) nb:y) wm:lk) cbw dnxzwn mdm dxzyn )ntwn wl) xzw wlm$m( mdm d)ntwn $m(yn wl) $m(w,	ܡܪܝܡ ܡܓܕܠܝܬܐ ܘܝܘܚܢ ܘܡܪܝܡ ܒܪܬ ܝܥܩܘܒ ܘܫܪܟܐ ܕܥܡܗܝܢ ܗܠܝܢ ܐܡܪ̈ܢ ܗܘܝ ܠܫܠܝܚ̈ܐ
Luke	Sinaiticus	10:25	kd )mr hlyn, qrb mlp nmws) xd dq)m hw) dnnsywhy )mr lh mlpn) mn) )(bd d)rt xy) dl(lm	
Luke	Sinaiticus	10:27	hw dyn (n) w)mr lh dtrxm lmry) )lhk mn kwlh lbk wmn kwlh np$k wmn klh xylk wmn klh r(ynk wlqrybk )yk np$k	
Luke	Sinaiticus	10:28	)mr lh y$w( tryc)yt )mrt hlyn (bd wxy) )nt	
Luke	Sinaiticus	10:29	hw dyn cb) hw) lmzdqw np$h )mr ly$w( wmnw qryby	
Luke	Sinaiticus	10:30	)mr lh gbr) xd nxt hw) mn )wr$lm l)yryxw wnplw gys) w)$lxwhy wmxwwhy w$bqwhy byt myt lxy w)zlw lhwn	
Luke	Sinaiticus	10:31	wgd$ khn) xd nxt b)wrx) hy wxzyhy w(brh	
Luke	Sinaiticus	10:32	whkn) )p lwy) kd mT) hy dwkt) xzyhy w(brh	
Luke	Sinaiticus	10:33	$mry) dyn xd kd rd) hw) b)wrxh mTy lwth xzyhy w)trxm (lwhy	
Luke	Sinaiticus	10:34	wqrb (cb mx)w:th, w)rmy (lyhyn m$x) wxmr) w)rkbh (l xmrh w)ytyh lpwtq), wtrsyh	
Luke	Sinaiticus	10:35	wlcprh dywm) )pq tr:yn dynr:yn wyhb lpwtqy) w)mr trsyhy wm) dhpkt twb mdm dnpq lk (lwhy pr( )n) lk	
Luke	Sinaiticus	10:36	mnw mn hlyn tlt) mtxz) lk dhw) qrybh dhw dnpl b)ydy gys),	
Luke	Sinaiticus	10:37	)mr lh hw d)trxm (lwhy )mr lh y$w( zl w)p )nt hkn) hwyt (bd%	
Luke	Sinaiticus	10:38	wkd )zlyn hww b)wrx) (l lqryt) xd) w)ntt) xd) d$mh mrt) qblth bbyth	
Luke	Sinaiticus	10:39	w)yt hwt lh xt) d$mh mrym w)tt ytbt lwt rglwhy dy$w( w$m() hwt mlth	
Luke	Sinaiticus	10:40	mrt) dyn (ny) hwt bt$m$t) w)tt )mr) lh mry l) bTyl lk (ly dxty $bqtny blxwdy lm$m$w )mr lh m(dr) ly	
Luke	Sinaiticus	10:41	(n) y$w(, w)mr lh mrt) mrt)	
Luke	Sinaiticus	10:42	mrym mnt) Tbt) gbt lh dl) t$tql mnh	
Luke	Sinaiticus	11:01	wkd mcl) hw) bdwkt) btr dprq mn clwth )mr lh xd mn tlmydwhy mrn )lpyn lmclyw )ykn) dywxnn )lp ltlmydwhy	ܘܐܬܚܙܝ ܠܗ ܠܙܟܪܝܐ ܡܠܐܟܐ ܕܡܪܝܐ ܟܕ ܩܐܡ ܡܢ ܝܡܝܢܐ ܕܡܕܒܚܐ ܕܒܣܡܐ܂
Luke	Sinaiticus	11:02	w)mr lhwn )mty dmc:lyn )ntwn hwytwn )mryn )b) ntqd$ $mk wt)t) mlkwtk	ܕܐܬܝܠܕ ܠܟܘܢ ܝܘܡܢܐ ܡܚܝܢܐ ܕܐܝܬܘܗܝ ܡܪܝܐ ܡܫܝܚܐ ܒܡܕܝܢܬܗ ܕܕܘܝܕ
Luke	Sinaiticus	11:03	whb ln lxm) )myn) dklywm	ܐܡܪ ܠܗܘܢ܂ ܡܢ ܕܐܝܬ ܠܗ ܬܪ̈ܬܝܢ ܟܘܬܝܢܝܢ ܢܬܠ ܚܕܐ ܠܡܢ ܕܠܝܬ ܠܗ ܘܡܢ ܕܐܝܬ ܠܗ ܣܝܒܪܬܐ ܗܟܢܐ ܢܥܒܕ܂
Luke	Sinaiticus	11:04	w$bq ln xThyn w)p )nxnn $bqyn )nxnn lkl dxyb ln wl) t(ln lnsywn)	ܘܥܠ ܐܝܕܝܗܘܢ ܢܫܩܠܘܢܟ ܕܠܐ ܬܬܩܠ ܒܟܐܦܐ܂
Luke	Sinaiticus	11:05	w)mr lhwn y$w( mnw mnkwn d)yt lh rxm) wn)zl lwth bplgwt lly) wn)mr lh rxmy )$)lyny tlt grycn,	ܘܩܪܒܘ ܐܢܝܢ ܣܦܝ̈ܢܐ ܠܐܪܥܐ ܘܫܒܩܘ ܟܘܠ ܡܕܡ ܘܐܬܘ ܒܬܪܗ܀
Luke	Sinaiticus	11:06	mTl drxm) (dy ly mn )wrx) wlyt ly mdm d)sym qdmwhy	
Luke	Sinaiticus	11:07	whw n(n) mn lgw wn)mr lh l) thrny mTwl dtr() )xyd hw wTly:) (my b(rs) l) m$kx )n) d)qwm )tl lk	ܘܡܢ ܒܬܪܟܢ ܐܙܠܘ ܠܡܕܝܢܬܐ ܕܫܡܗ ܢܐܝܢ ܘܬܠܡܝܕܘܗܝ ܐܙܠܝܢ ܗܘܘ ܥܡܗ ܘܟܢܫܐ ܣܓܝܐܐ
Luke	Sinaiticus	11:08	)mrn) lkwn d)n mTl rxmwt) l) ntl lh mTl xcypt) nqwm wntl lh, km) dmtb() lh	ܗܢܐ ܕܝܢ ܡܬܠܐ ܐܝܬܘܗܝ ܙܪܥܐ ܡܠܬܗ ܕܐܠܗܐ
Luke	Sinaiticus	11:09	w)p )n) )mrn) lkwn $)lw wntyhb lkwn b(w wt$kxwn qw$w wntptx lkwn	ܘܟܕ ܝܕܥܘ ܟܢܫܐ ܐܙܠܘ ܒܬܪܗ ܘܩܒܠ ܐܢܘܢ ܘܡܡܠܠ ܗܘܐ ܥܠ ܡܠܟܘܬܐ ܕܐܠܗܐ ܘܠܐܝܠܝܢ ܕܣܢܝܩܝܢ ܗܘܘ ܐܣܝܘܬܐ ܡܐܣܐ ܗܘܐ ܠܗܘܢ
Luke	Sinaiticus	11:11	)yn) dyn mnkwn dn$)lywhy brh nwn) dlm) xlp nwn) xwy) yhb	ܐܝܢܐ ܕܝܢ ܡܢܟܘܢ ܕܢܫܐܠܝܘܗܝ ܒܪܗ ܢܘܢܐ ܕܠܡܐ ܚܠܦ ܢܘܢܐ ܚܘܝܐ ܝܗܒ
Luke	Sinaiticus	11:12	)n brt) n$)lywhy dlm) (qrb) mw$T lh	ܡܐ ܕܡܩܪܒܝܢ ܠܟܘܢ ܕܝܢ ܠܟܢܘܫܬܐ ܩܕܡ ܐܪ̈ܟܣ ܘܫ̈ܠܝܛܐ ܠܐ ܬܐܨܦܘܢ ܡܢܐ ܬܦܩܘܢ ܪܘܚܐ܂ ܐܘ ܡܢܐ ܬܐܡܪܘܢ
Luke	Sinaiticus	11:13	w)n )ntwn dby$) )ntwn yd(yn )ntwn mwhb:t) Tbt) lmtl lbnykwn km) ytyr )b) db$my) dntl Tbt) l)ylyn d$)lyn lh%	ܘܐܝܬ ܗܘܬ ܐܢܬܬܐ ܚܕܐ ܕܐܝܬ ܗܘܬ ܠܗ ܪܘܚܐ ܫܢܝܢ ܬܡܢܥܣܪܐ ܘܟܦܝܦܐ ܗܘܬ ܘܠܐ ܡܫܟܚܐ ܗܘܬ ܕܬܬܦܫܛ ܠܓܡܪ
Luke	Sinaiticus	11:14	whw) kd mpq hw) $)d) mn xr$) wkd npq $)d) mll hw xr$) w)tdmrw hww kn$)	ܟܠ ܕܢܪܝܡ ܓܝܪ ܢܦܫܗ ܢܬܡܟܟ ܘܟܠ ܕܢܡܟ ܢܦܫܗ ܢܬܪܝܡ܂
Luke	Sinaiticus	11:15	w)n$yn mn pry$) )mrw bb(lzbwb r$) ddyw) $)d) mpq	ܐܡܪ ܠܗܘܢ ܓܒܪܐ ܚܕ ܐܝܬ ܗܘܘ ܠܗ ܬܪ̈ܝܢ ܒܢܝܢ
Luke	Sinaiticus	11:16	)xrn) dyn kd mnsyn hww lh $)lyn hww lh )t) mn $my)	ܐܢ ܥܘܕ ܒܡܡܘܢܐ ܕܥܘܠܐ ܠܐ ܗܘܝܬܘܢ ܡܗܝܡܢܝܢ ܠܫܪܪܐ ܡܢܘ ܡܗܝܡܢ ܠܟܘܢ
Luke	Sinaiticus	11:17	hw dyn kd yd( tr(ythwn )mr lhwn kwl mlkw dttplg (l np$h txrb wkwl byt) d(l byt) mtplg npl lh	ܘܟܕ ܐܙܠ ܗܘܐ ܠܐܘܪܫܠܡ ܘܥܒܪ ܒܝܬ ܫܡܪܝܐ ܠܓܠܠܝ̈ܐ
Luke	Sinaiticus	11:18	w)n sTn) (l np$h ntplg )ykn) tqwm mlkwth d)mryn )ntwn dbb(lzbwb mpq )n) $)d)	ܗܘ ܦܪܝܫܐ ܩܐܡ ܒܝܢܘܗܝ ܠܢܦܫܗ ܡܨܠܐ ܡܘܕܢܐ ܠܟ ܐܠܗܐ ܕܠܐ ܗܘܝܬ ܐܝܟ ܫܪܟܐ ܕܐܢܫܐ ܚ̈ܛܘܦܐ ܐܘ ܥܠܘ̈ܒܐ ܐܘ ܓܝܪܐ ܘܠܐ ܐܝܟ ܗܢܐ ܡܟܣܐ
Luke	Sinaiticus	11:19	w)n bb(lzbwb mpq )n) r:wx) Tnpt) mn bn:ykwn bn:ykwn bmn) mpqyn lhwn mTl hn) hnwn nhwwn lkwn dyn)	ܘܟܕ ܫܡܥܝܢ ܗܘܘ ܗܠܝܢ ܐܘܣܦ ܠܡܐܡܪ ܡܬܠܐ܂ ܡܛܠ ܕܩܪܝܒ ܗܘܐ ܠܐܘܪܫܠܡ ܘܣܒܪܝܢ ܗܘܘ ܕܒܫܥܬܐ ܗܝ ܥܬܝܕܐ ܗܘܬ ܕܬܬܓܠܐ ܡܠܟܘܬܗ ܕܐܠܗܐ
Luke	Sinaiticus	11:20	)n dyn bcb() d)lh) mpq )n) $)d) mkyl qrbt (lykwn mlkwt) d)lh)	ܘܐܘܣܦ ܘܫܕܪ ܠܥܒܕܗ ܐܚܪܢܐ ܘܐܦ ܠܗܘ ܨܠܦܘܗܝ
Luke	Sinaiticus	11:21	)mty dyn dxsyn) kd mzyn nTr drth b$yn) hw qnynh	ܘܙܘܥ̈ܐ ܪܘܪ̈ܒܐ ܒܕܘܟܐ ܕܘܟܐ ܘܡܘܬܢܐ ܒܕܘܟܐ ܕܘܟܐ ܘܟܦ̈ܢܐ ܘܢܗܘܝܢ ܕܚ̈ܠܬܐ ܡܢ ܫܡܝܐ ܘܢܬܚܙܝܢ ܐܬܘ̈ܬܐ ܪܘܪܒܬܐ
Luke	Sinaiticus	11:22	)n dyn n)t) mn dxsyn mnh wnzkywhy wn$qwl zynh hw dtkyl hw) (lwhy w)p txlwch mplg lh	ܠܒܝܬܐ ܐܝܢܐ ܕܥܐܠ܂ ܘܐܡܪܘ ܠܡܪܗ ܕܒܝܬܐ ܪܒܢ ܐܡܪ ܐܝܠܟܐ ܗܘ ܒܝܬ ܡܫܪܝܐ ܐܝܟܐ ܕܐܟܘܠ ܦܨܚܐ ܐܢܐ ܘܬܠܡ̈ܝܕܝ
Luke	Sinaiticus	11:23	mn dl) hw) (my lwqbly hw wmn dl) kn$ (my mbdrw mbdr ly	
Luke	Sinaiticus	11:24	rwx) Tnpt) m) dnpqt mn br )n$) )zl) mtkrk) mn $ly) b)trwt) dmy) lyt bhyn dt$kx lh nyx) wm) dl) )$kxt )mr) )hpwk )zl lbyty )ymk) dnpqt	ܘܡܬܚܙܝܢ ܗܘܝ ܒܥܝܢܝܗܘܢ ܐܝܟ ܕܡܢ ܬܘܝܪܘܬܗܝܢ ܐܡܪܢ ܡ̈ܠܐ ܗ̈ܠܝܢ܂ ܘܠܐ ܡܗܝܡ̈ܢܝܢ ܗܘܘ ܠܗ̈ܝܢ܂
Luke	Sinaiticus	11:25	m) d)tt )$kxt dxmym wmcbt	
Luke	Sinaiticus	11:26	hydyn )zl) dbr) $b( )xrnyn dby$n mnh w(ln w(mrn bh whwy) )xryth dhw br )n$) by$) mn qdmyth	
Luke	Sinaiticus	11:27	wkd )mr hlyn )ntt) xd) mn gw kn$) bql) rm) )mrt lh Twbyh lkrs) d$qltk wltdy) d)ynqwk	
Luke	Sinaiticus	11:28	)mr lh y$w( Twbyhwn l)ylyn d$m(w mlth d)lh) wnTryn lh	
Luke	Sinaiticus	11:29	wkd mtkn$yn hww kn:$) $ry lm)mr $rbt) hd) $rbt) hy by$t) )t) b(y), )t) l) ttyhb lhwn d$my) )l) )t) dywnn nby)	
Luke	Sinaiticus	11:30	)ykn) gyr dhw) ywnn )t) lny:nwy) hkn) w)p brh d)n$) l$rbt) hd)	
Luke	Sinaiticus	11:31	mlkt) dtymn) tqwm bdyn) (m $rbt) hd) wtxyb )nwn d)tt mn (bryh d)r() dt$m( xkmth d$lymwn wh) drb mn $lymwn hrk)	
Luke	Sinaiticus	11:32	gbr) bny nynwy nqwmwn bdyn) (m $rbt) hd) wnxybwnh dhnwn tbw bkrwzwth dywnn wh) drb mn ywnn hrk)%	
Luke	Sinaiticus	11:34	$rgh gyr dpgr) (yn) hy )mty d(ynk hkyl thw) p$yT) )p pgrk kwlh nhyr hw )n dyn (ynk thw) by$) )p pgrk x$wk hw	
Luke	Sinaiticus	11:35	thw) hkyl zhyr dlm) nwhr) dbk x$wk hw	
Luke	Sinaiticus	11:36	)p pgrk hkyl m) dlyt bh $rg) dmnhr hw) x$wk, hkn) m) d$rgk hw) nhyr mnhr lk%	
Luke	Sinaiticus	11:37	wb() hw) mnh pry$) xd dn$tr) lwth w(l )stmk	
Luke	Sinaiticus	11:38	)tdmrw dlmn) l) (md qdm $rwth	
Luke	Sinaiticus	11:39	)mr lh y$w( )ntwn pry$) brh hw gyr dks) wdpynk) mdkyn )ntwn wgwkwn ml) xTwpy) wby$t)	
Luke	Sinaiticus	11:40	xsyr:y r(yn) l) hw) mn d(bd dlbr, )p dlgw hw (bd	
Luke	Sinaiticus	11:41	)l) mdm d)yt lgw mnkwn hbwhy bzdqt) wh) kwl mdm dk) hw lkwn,	
Luke	Sinaiticus	11:42	)l) wylkwn pr:y$) dm(sr:yn )ntwn nn() wpgn) wklhwn yr:qwn), w(br:yn )ntwn (l dyn) w(l xwb) d)lh) hlyn wl) hw) dnt(bdwn w)p hlyn l) n$tbqn%	
Luke	Sinaiticus	11:43	wy lkwn pry$) drxmyn )ntwn mwtb) myqr) bknw$t) w$lm) b$wq)	
Luke	Sinaiticus	11:44	wy lkwn d)ytykwn qbr) dl) xzyn )ntwn wb:ny )n$) mhlkyn l(l mnhwn wl) yd(yn )ntwn	
Luke	Sinaiticus	11:45	w(n) xd mn spr) w)mr lh mlpn), kd hlyn )mr )nt )p ln mc(r )nt	
Luke	Sinaiticus	11:47	wylkwn dbnyn )ntwn qbr) dnb:y) d)bhykwn qTlw )nwn,	
Luke	Sinaiticus	11:48	mkyl shdyn )ntwn wm$twdyn )ntwn b(b:d) d)bhykwn dhnwn qTlw )nwn w)ntwn bnyn )ntwn	
Luke	Sinaiticus	11:49	mTl hn) xkmt) d)lh) )mrt d)$dr bhwn nb:y) w$lyx) mnhwn nqTlwn wnrdpwn	
Luke	Sinaiticus	11:50	dntb( dm) dklhwn nby:) d)t)$d h) mn d)tbry (lm) (dm) lhd) $rbt),	
Luke	Sinaiticus	11:51	mn dmh dhbyl (dm) ldmh dzkry) hw d)tqTl by:ny mdbx) lhykl) )myn )mr )n) lkwn dntb( mn )y:dy $rbt) hd),	
Luke	Sinaiticus	11:52	wylkwn spr:) dT$ytwn )q:lyd) dyd(t) )ntwn l) (ltwn wl)ylyn d(lyn klytwn	
Luke	Sinaiticus	11:53	wkd )mr hw) hlyn, lqblhwn l(yn klh (m) $ry mtb)$ hw) lspr:) wlpr:y$)	
Luke	Sinaiticus	11:54	wdr$yn hww (mh (l sgy):t) wb(yn hww lm)xd (lwhy (lt),	
Luke	Sinaiticus	12:01	wkd kn$ (lwhy kn$) sgy)), )ykn) dnd$wn xd lxd $ry hw) lm)mr ltlm:ydwhy, )zdhrw mn xmyr) dpry$:) d)ytwhy msb b):p)	ܘܐܫܬܓܫ ܘܙܥ ܟܕ ܚܙܝܗܝ ܠܡܠܐܟܐ܂ ܘܕܚܠܬܐ ܢܦܠܬ ܥܠܘܗܝ
Luke	Sinaiticus	12:02	lyt gyr mdm dks) dl) ntgl) wl) dmT$y dl) ntyd(,	ܗܐ ܝܗܒܢܐ ܠܟܘܢ ܐܬܐ ܡܫܟܚܝܢ ܐܢܬܘܢ ܛܠܝܐ ܟܕ ܟܪܝܟ ܒܥܙܪ̈ܘܪܐ ܘܣܝܡ ܒܐܘܪܝܐ
Luke	Sinaiticus	12:03	)ylyn gyr dbx$wk) )mrtwn bnhyr) n$tm(n, wmdm dbtwn) b)dn) lx$twn (l )gr) ntkrzn,	ܘܐܬܘ ܐܦ ܡܟܣܐ ܠܡܥܡܕ܂ ܘܐܡܪ̈ܝܢ ܠܗ ܡܢܐ ܢܥܒܕ܂
Luke	Sinaiticus	12:04	)mr )n) lkwn dyn rxmy l) tdxlwn mn )ylyn dqTlyn pgr), wmn btrkn mdm l) m$kxyn lm(bd	ܥܢܐ ܝܫܘܥ ܘܐܡܪ ܠܗ ܠܐ ܬܢܣܐ ܠܡܪܝܐ ܐܠܗܟ܂
Luke	Sinaiticus	12:05	)xwkwn dyn mn mn tdxlwn, dxlw mn hw dmn btr dqTl $lyT lh lmrmyw bghn), )n )mrn) lkwn dmn hn) lmdxl	ܘܟܕ ܗܘܐ ܒܚܕܐ ܡܢ ܡܕܝ̈ܢܬܐ ܐܬܐ ܓܒܪܐ ܚܕ ܕܡܠܐ ܓܪܒܐ ܚܙܐ ܠܝܫܘܥ ܘܢܦܠ ܥܠ ܐܦ̈ܘܗܝ ܘܒܥܐ ܗܘܐ ܡܢܗ ܘܐܡܪ ܠܗ ܡܪܝ ܐܢ ܨܒܐ ܐܢܬ ܡܫܟܚ ܐܢܬ ܠܡܕܟܝܘܬܢܝ܂
Luke	Sinaiticus	12:06	xm$ gyr cpryn mzdbnn btryn )sryn wxd) mnhyn l) T(y) qdm )lh)	ܘܒܗܘܢ ܒܗܢܘܢ ܝܘܡܬܐ ܢܦܩ ܗܘܐ ܠܛܘܪܐ ܠܡܨܠܝܘ ܘܬܡܢ ܡܓܗ ܗܘܐ ܠܠܝܐ ܟܘܠܗ ܒܨܠܘܬܗ ܕܐܠܗܐ
Luke	Sinaiticus	12:07	)p mn) gyr ds(r) dr$kwn mnyn )nyn l) hkyl tdxlwn mTl dmn cpr) swg) Tbyn )ntwn	ܩܪܒ ܠܬܪܥܐ ܕܡܕܝܢܬܐ ܘܚܙܐ ܟܕ ܡܠܘܝܢ ܡܝܬܐ ܕܝܚܝܕܝܐ ܗܘܐ ܠܐܡܗ܂ ܘܗܝ ܐܪܡܠܬܐ ܗܘܬ܂ ܘܐܝܬ ܗܘܐ ܥܡܗ ܟܢܫܐ ܣܓܝܐܐ ܡܢ ܒ̈ܢܝ ܡܕܝܢܬܐ
Luke	Sinaiticus	12:08	)mrn) lkwn gyr dkl dnwd) by qdm b:ny )n$), )p brh d)n$) nwd) bh qdm ml)k:why d)lh)	ܘܗܢܘܢ ܕܥܠ ܝܕ ܐܘܪܚܐ ܗܠܝܢ ܐܢܘܢ ܕܫܡܥܝܢ ܡܠܬܐ ܘܐܬܐ ܒܥܠܕܒܒܐ ܫܩܠ ܠܗ ܡܠܬܐ ܡܢ ܠܒܗܘܢ ܕܠܐ ܢܗܝܡܢܘܢ ܘܢܚܘܢ
Luke	Sinaiticus	12:10	wkl dn)mr mlt) (l brh d)n$) n$tbq lh mn d(l rwx) dyn dqwd$) ngdp l) n$tbq lh	ܐܡܪܢܐ ܠܟܘܢ ܕܠܣܕܘܡ ܢܗܘܐ ܦܫܝܚ ܒܝܘܡܐ ܕܕܝܢܐ ܛܒ ܡܢ ܕܠܡܕܝܢܬܐ ܗܝ܂
Luke	Sinaiticus	12:11	m) dmqrbyn lkwn dyn lknw$t) qdm )r:ks w$:lyT) l) t)cpwn mn) tpqwn rwx), )w mn) t)mrwn	ܐܢ ܒܪܬܐ ܢܫܐܠܝܘܗܝ ܕܠܡܐ ܥܩܪܒܐ ܡܘܫܛ ܠܗ
Luke	Sinaiticus	12:12	rwx) dyn dqwd$) tlpkwn bhy $(t) mdm dt)mrwn%	ܪܘܚܐ ܕܝܢ ܕܩܘܕܫܐ ܬܠܦܟܘܢ ܒܗܝ ܫܥܬܐ ܡܕܡ ܕܬܐܡܪܘܢ܀
Luke	Sinaiticus	12:13	w)mr lh gbr) xd mn hw kn$), mlpn) )mr l)xy plg (my yrtwt)	ܘܚܙܗ ܝܫܘܥ ܘܩܪܗ ܘܐܡܪ ܠܗ ܐܢܬܬܐ ܫܪܝܬܝ ܡܢ ܟܘܪܗܢܟܝ
Luke	Sinaiticus	12:14	hw dyn )mr lh gbr) mnw )qymny (lykwn dyn)	ܘܐܡܪ ܗܘܐ ܐܦ ܠܡܪܐ ܐܚܫܡܝܬܐ܂ ܡܐ ܕܥܒܕ ܐܢܬ ܐܢܬ ܐܚܫܡܝܬܐ ܠܐ ܬܩܪܐ ܠܪ̈ܚܡܝܟ ܘܐܦܠܐ ܠܐܚ̈ܝܟ ܘܠܐ ܠܐܚܝ̈ܢܝܟ ܘܠܐ ܠܫܒܒ̈ܝܟ ܥܬܝܪ̈ܐ ܕܕܠܡܐ ܐܦ ܗܢܘܢ ܢܩܪܘܢܟ ܘܢܗܘܐ ܠܟ ܦܪܥܢܐ ܗܢܐ
Luke	Sinaiticus	12:15	w)mr lkn$) )zdhrw mn kwlh y(nwt) mTl dl) hw) bywtrn) dnks) hwyn x:y) lb:ny )n$)%	ܐܡܪ ܗܘ ܙܥܘܪܐ ܠܐܒܘܗܝ܂ ܗܒ ܠܝ ܡܢܬܐ ܕܡܛܝܐ ܠܝ ܡܢ ܩܢܝܢܟ ܘܦܠܓ ܠܗܘܢ ܟܠܗ ܩܢܝܢܗ
Luke	Sinaiticus	12:16	w)mr lhwn mtl) hn), gbr) xd (tyr) )(lt hwt lh )r(h (llt) sgy):t)	ܘܐܢ ܒܕܠܐ ܕܝܠܟܘܢ ܠܐ ܐܫܬܟܚܬܘܢ ܡܗܝܡܢܝܢ ܕܝܠܟܘܢ ܡܢܐ ܢܬܠ ܠܟܘܢ
Luke	Sinaiticus	12:17	wmtx$b hw) bnp$h w)mr mn) )(bd dlyt ly )yk) d)xmwl (llty	ܘܟܕ ܥܐܠ ܗܘܐ ܠܩܪܝܬܐ ܚܕܐ ܘܗܐ ܥܣܪܐ ܐܢܫܝܢ ܓܪܒܐ ܩܝܡܝܢ ܗܘܘ ܡܢ ܪܘܚܩܐ܂
Luke	Sinaiticus	12:18	)l) wl) ly d)stwr byt qpsy w)bn) w)wrb )nwn w)kn$ bhwn (llty,	ܐܠܐ ܨܐܡ ܐܢܐ ܬܪܝܢ ܒܫܒܬܐ ܘܡܥܣܪ ܐܢܐ ܟܠܡܕܡ ܕܩܢܐ ܐܢܐ܂
Luke	Sinaiticus	12:19	w)mr lnp$y dh) Tb:t) sgy)t) xmyln lky l$:ny) sgy)t) )tnyxy wl(sy w)$ty w)tbsmy	ܐܡܪ ܠܗܘܢ ܓܒܪܐ ܚܕ ܕܒܪ ܛܘܗܡܐ ܪܒܐ܂ ܐܙܠ ܠܐܬܪܐ ܪܚܝܩܐ ܠܡܣܒ ܡܠܟܘܬܐ ܘܠܡܗܦܟ
Luke	Sinaiticus	12:20	)mr lh )lh) xsyr r(yn) bhn) lly) np$k tb(yn lh mnk hlyn dTybt lmn nhwyn	ܘܫܕܪ ܐܚܪܢܐ ܕܬܠܬܐ ܘܐܦ ܠܗܘ ܒܫܘܡܬܐ ܐܦܩܘܗܝ
Luke	Sinaiticus	12:21	hkn) mn ds)m lh sym:t) wb)lh) l) (tyr%	ܩܕܡ ܗܠܝܢ ܕܝܢ ܟܠܗܝܢ ܢܪܡܘܢ ܥܠܝܟܘܢ ܐܝܕ̈ܝܐ ܘܢܪܕܦܘܢܟܘܢ ܘܢܫܠܡܘܢܟܘܢ ܠܟܢܘ̈ܫܬܐ ܘܠܒܝܬ ܐܣܝܪ̈ܐ ܘܢܩܪܒܘܢܟܘܢ ܩܕܡ ܡܠܟܐ ܘܗܓܡܘܢܐ ܡܛܠ ܫܡܝ
Luke	Sinaiticus	12:22	w)mr ltlm:ydwhy mTl hn) )mrn) lkwn l) t)cpwn dnp$) mn) t)klwn w)pl) dpgr) mn) tlb$wn,	ܗܐ ܡܚܘܐ ܠܟܘܢ ܥܠܝܬܐ ܚܕܐ ܪܒܬܐ ܕܡܫܘܝܐ ܬܡܢ ܛܝܒܘ ܠܢ܂
Luke	Sinaiticus	12:23	np$) gyr ytyr) hy mn sybrt) wpgr) mn lbw$),	
Luke	Sinaiticus	12:24	)tbqw bn(b:) dl) zr(yn wl) xcdyn, wlyt lhwn twn:) w)p l) byt qps:) w)lh) msybr lhwn km) hkyl )ntwn mytryn mn prxt)	ܫܡܥܘܢ ܕܝܢ ܩܡ ܘܪܗܛ ܠܩܒܪܐ܂ ܘܐܕܝܩ ܘܚܙܐ ܟܬ̈ܢܐ ܒܠܚܘܕ ܘܐܙܠ ܠܘܬܗ ܘܡܬܕܡܪ ܗܘܐ ܡܕܡ ܕܗܘܐ܀
Luke	Sinaiticus	12:25	)yn) gyr mnkwn kd ycp m$kx lmwspw (l qwmth )mt) xd)	
Luke	Sinaiticus	12:26	)n dyn )p l) z(wrt) m$kxyn )ntwn lm(bd mn) ycpyn )ntwn (l $rk),	
Luke	Sinaiticus	12:27	)tbqw b$:w$n) )ykn) dl) (zln wl) zqr:n, w)mrn) lkwn d)p l) $lymwn bklh t$bwxth lby$ )kwthyn	
Luke	Sinaiticus	12:29	l) hkyl tb(wn mn) tl(swn wmn) t$twn wmn) ttkswn	
Luke	Sinaiticus	12:30	hlyn gyr kwlhyn (mm) hw d(lm) b(yn lhyn )bwkwn dyn yd( d)p lkwn mtb(yn	
Luke	Sinaiticus	12:31	)ntwn hkyl b(w mlkwth d)lh) whlyn ntwspn lkwn	
Luke	Sinaiticus	12:32	l) tdxl gzr) z(wr) d)cTby )bwkwn dntl lkwn mlkwt)	
Luke	Sinaiticus	12:33	zbnw klmdm d)yt lkwn whbw zdqt), w(bdw lkwn ky:s) dl) b:lyn wsymt) dl) gmr) b$my) )tr dl) gnb:) gnb:yn )p l) ss) mxbl	
Luke	Sinaiticus	12:34	w)tr dsymtkwn )p lbkwn tmn nhw),	
Luke	Sinaiticus	12:35	nhwwn )syryn xc:ykwn wmnhr:yn $r:gykwn	
Luke	Sinaiticus	12:36	wthwwn dmyn l)n$) dmskyn lmrhwn d)mty npTr mn byt m$twt) dm) d)t) wnq$ mxd) nptxwn lh	
Luke	Sinaiticus	12:37	Twby:hwn l(bd:) hnwn dn)t) n$kx )nwn mrhwn kd (yryn )myn )mrn) lkwn dnxzwq xc:why wnsmk )nwn wn(br n$m$ )nwn	
Luke	Sinaiticus	12:39	hd) dyn d(w d)lw yd( hw) mr) byt) b)yd) $(t) )t) hw) gnb) l) $bq hw) dntpl$ byth,	
Luke	Sinaiticus	12:41	)mr lh k)p) mry ln hw )mr )nt lh mtl) hn) )w )p lkl )n$,	
Luke	Sinaiticus	12:42	)mr lh y$w( )yn) hw $lyT) mhymn) dnqymywhy mrh (l kn:wth dntl lhwn prs) bzbnh,	
Luke	Sinaiticus	12:43	Twbwhy lhw kd n)t) mrh n$kxywhy d(bd hkn)	
Luke	Sinaiticus	12:44	$ryr)yt )mrn) lkwn dn$lTyhy (l kl d)yt lh	
Luke	Sinaiticus	12:45	)n dyn n)mr hw (bd) blbh dmry mwxr lm)t) wn$r) lmmx) l(b:d) wl)mht) wlml(s wlm$t) wlmrw)	
Luke	Sinaiticus	12:46	wn)t) mrh d(bd) hw bywm) dl) sbr wb$(t) dl) mrg$, wnplgyhy mnth wnsymyhy (m hnwn dl) mhymnyn,	
Luke	Sinaiticus	12:47	(bd) dyd( cbyn) dmrh wl) tqn lh )yk cbynh nbl( mx:wt) sg:y)t)	
Luke	Sinaiticus	12:48	whw dl) yd( w(bd mdm d$w) lmx:wt) nbl( mxw:t) z(wr:yt) kl dntyhb lh gyr sgy, sgy ntb( b)ydh, wlh d)g(lw lh sgy ytyr)yt ntb(wnh,	
Luke	Sinaiticus	12:49	nwr) hw gyr )tyt d)rm) b)r(), wm) dcb) )lw mn kdw xbt,	
Luke	Sinaiticus	12:51	sbryn )ntwn d$yn) )tyt d)rm) b)r(), )mr )n) lkwn dl), )l) plgw:t),	
Luke	Sinaiticus	12:52	mn h$) gyr nhwwn xm$:) bxd byt) ntplgwn tlt:) (l tr:yn, wtr:yn (l tlt:)	
Luke	Sinaiticus	12:53	)b) (l brh wbr) (l )bwhy )m) (l brth wbrt) (l )mh wxmt) (l klth wklt) (l xmth	
Luke	Sinaiticus	12:54	)mr hw) lkn$) m) dxzytwn (nn) dslq) mn m(rb) br$(th )mr:yn )ntwn dmTr) hw) whw) hkn)	
Luke	Sinaiticus	12:55	wm) dn$b) tymn) )mryn )ntwn dkwrn) hw) whw)	
Luke	Sinaiticus	12:56	nsby b)p) prcwp) d$my) wd)r() yd(yn )ntwn lmnsyw zbn) hn) w)tw:th l) cbyn )ntwn dtnswn	
Luke	Sinaiticus	12:57	lmn) mn np$kwn l) dynyn )ntwn qw$t)	
Luke	Sinaiticus	12:58	(d )zl )nt (m b(ldynk lwt )rkwn) (d b)wrx) )nt hb lh (bdh dttprq mnh dlm) nxybk qdm dyn) wn$lmk lgby) wgby) nrmyk byt )syr:)	
Luke	Sinaiticus	12:59	)mrn) lk dl) tpwq mn tmn (dm) dtpr( $mwn) )xry)	
Luke	Sinaiticus	13:01	wbh bhw zbn) )tw )n$) )mrw lh (l glly) hnwn dpylTws xlT dmhwn (m dbxyhwn	ܐܡܪ ܠܗ ܡܠܐܟܐ܂ ܠܐ ܬܕܚܠ ܙܟܪܝܐ܂ ܗܐ ܓܝܪ ܫܡܥ ܐܠܗܐ ܒܩܠ ܨܠܘܬܟ܂ ܘܐܢܬܬܟ ܐܠܝܫܒܥ ܬܐܠܕ ܠܟ ܒܪܐ܂ ܘܬܩܪܐ ܫܡܗ ܝܘܚܢܢ܂
Luke	Sinaiticus	13:02	(n) y$w( w)mr lhwn sbryn )ntwn dhlyn glly) xTyyn hww ytyr mn kwlhwn glly) dhkn) hw) )nwn	ܘܡܢ ܫܠܝܐ ܐܬܚܙܝܘ ܠܘܬܗ ܚܝܠܐ ܘܡܠܐܟܐ ܕܫܡܝܐ ܣܓܝܐܐ ܡܫܒܚܝܢ ܠܐܠܗܐ ܘܐܡܪ̈ܝܢ܂
Luke	Sinaiticus	13:03	)mrn) lkwn dl) )l) )p )ntwn )l) ttbwn )ntwn hkn) t)bdwn klkwn	ܐܡܪ ܠܗܘܢ ܠܐ ܬܓܢܒܘܢ ܡܕܡ ܝܬܝܪ ܥܠ ܡܕܡ ܕܦܣܝܩ ܠܟܘܢ
Luke	Sinaiticus	13:04	whnwn tmnt(sr dnpl (lyhwn mgdl) b$ylwx) wqTl )nwn sbryn )ntwn dx:Tyyn hww ytyr mn kwlhwn bny )n$), d(mryn b)wr$lm,	ܘܟܕ ܫܠܡ ܣܛܢܐ ܢܣܝܘܢܘܗܝ܂ ܦܪܩ ܡܢ ܠܘܬܗ ܥܕ ܙܒܢܐ
Luke	Sinaiticus	13:05	)mrn) lkwn dl) )l) )p )ntwn )l) ttwbwn )ntwn hkn) t)bdwn	ܘܐܘܫܛ ܐܝܕܗ ܩܪܒ ܠܗ ܘܐܡܪ ܠܗ܂ ܨܒܢܐ ܐܬܕܟܐ܂ ܘܒܪ ܫܥܬܗ ܦܪܩ ܡܢܗ ܓܪܒܗ܂
Luke	Sinaiticus	13:06	w)mr hw) mtl) hn) gbr) xd )yt hwt lh tt) dncyb) bkrmh w)t) b() bh p)r) wl) )$kx	ܘܟܕ ܢܓܗܬ ܩܪܐ ܠܬܠܡܝܕܘܗܝ ܘܓܒܐ ܡܢܗܘܢ ܬܪܥܣܪ ܗܢܘܢ ܕܫܠܝܚܐ ܫܡܝ ܐܢܘܢ
Luke	Sinaiticus	13:07	)mr lplx) h) tlt $nyn )t) b(n) p)r:) btt) hd) wl) m$kxn) )l) pswqyh lmn) mbTl) )r()	ܚܙܗ ܝܫܘܥ ܘܐܬܪܚܡ ܥܠܝܗ ܘܐܡܪ ܠܗ ܠܐ ܬܒܟܝܢ
Luke	Sinaiticus	13:08	(n) w)mr lh hw plx) mry $bwqyh )p hd) $nt) (d )plxyh )zblyh	ܘܗܘ ܕܥܠ ܫܘܥܐ ܗܠܘܟ ܐܢܘܢ܂ ܕܡܐ ܕܫܡܥܝܢ ܡܠܬܐ ܥܓܠ ܒܚܕܘܬܐ ܡܩܒܠܝܢ ܠܗ ܘܥܩܪܐ ܠܝܬ ܠܗܘܢ ܒܗܿ ܘܒܙܒܢ ܡܗܝܡܢܝܢ ܘܒܙܒܢ ܢܣܝܘܢܐ ܡܬܟܫܠܝܢ
Luke	Sinaiticus	13:10	wkd mlp b$b) bxd) mn knw$:t)	ܘܝ ܠܟܝ ܟܘܪܙܝܢ ܘܝ ܠܟܝ ܒܝܬ ܨܝܕܐ ܕܐܠܘ ܒܨܘܪ ܘܒܨܝܕܢ ܗܘܘ ܚܝ̈ܠܐ ܕܒܟܝܢ ܗܘܘ ܟܒܪ ܕܝܢ ܒܣ̈ܩܐ ܘܒܩܛܡܐ ܬܒܘ
Luke	Sinaiticus	13:11	w)yt hwt )ntt) xd) d)yt hwt lh rwx) $nyn tmn(sr) wkpyp) hwt wl) m$kx) hwt dttp$T lgmr	ܘܐܢ ܐܢܬܘܢ ܕܒܝܫܐ ܐܢܬܘܢ ܝܕܥܝܢ ܐܢܬܘܢ ܡܘܗܒ̈ܬܐ ܛܒܬܐ ܠܡܬܠ ܠܒܢܝܟܘܢ ܟܡܐ ܝܬܝܪ ܐܒܐ ܕܒܫܡܝܐ ܕܢܬܠ ܛܒܬܐ ܠܐܝܠܝܢ ܕܫܐܠܝܢ ܠܗ܀
Luke	Sinaiticus	13:12	wxzh y$w( wqrh w)mr lh )ntt) $ryty mn kwrhnky	ܘܐܡܪ ܠܗ ܓܒܪܐ ܚܕ ܡܢ ܗܘ ܟܢܫܐ܂ ܡܠܦܢܐ ܐܡܪ ܠܐܚܝ ܦܠܓ ܥܡܝ ܝܪܬܘܬܐ
Luke	Sinaiticus	13:13	wsm )ydwhy (lyh wbr $(th )tp$Tt qwmth wm$bx) hwt l)lh)	ܘܣܡ ܐܝܕܘܗܝ ܥܠܝܗ ܘܒܪ ܫܥܬܗ ܐܬܦܫܛܬ ܩܘܡܬܗ ܘܡܫܒܚܐ ܗܘܬ ܠܐܠܗܐ
Luke	Sinaiticus	13:14	w(n) rb knw$t) kd mtxmt hw) (l dm)s) hw) y$w( b$wbt) w)mr lkn$) $t) )nwn ywmyn dbhwn wl) lmplx bhwn hwytwn )tyn wmt)syn wl) bywm) d$wbt)	ܐܠܐ ܡܐ ܕܥܒܕ ܐܢܬ ܐܚܫܡܝܬܐ ܩܪܝ ܠܡܣܟܢܐ ܘܠܡܥܘܪ̈ܐ ܘܠܡܚܓܪ̈ܐ ܘܠܡܟ̈ܒܐ ܘܠܡܣ̈ܠܝܐ ܘܐܚܪ̈ܢܐ ܣܓܝܐܐ
Luke	Sinaiticus	13:15	(n) y$w( w)mr lh nsb b)p) xd xd mnkwn l) $r) twrh )w xmrh mn )wry) w)zl m$q) lh bywm) d$bt)	ܘܒܬܪ ܝܘܡܬܐ ܩܠܝܠ ܟܢܫ ܗܘ ܒܪܗ ܙܥܘܪܐ ܟܘܠ ܡܕܡ ܕܡܛܝܗܝ ܘܐܙܠ ܠܐܬܪܐ ܪܚܝܩܐ ܘܬܡܢ ܒܕܪ ܩܢܝܢܗ ܡܛܠ ܕܚܝܐ ܗܘܐ ܦܪܚܐܝܬ ܥܡ ܙܢ̈ܝܬܐ܂
Luke	Sinaiticus	13:16	wbrth hy d)brhm d)srh sTn) h) tmn(sr) $nyn l) wl) hw) dt$tr) mn hn) )swry) bywm) d$bt)	ܠܝܬ ܓܝܪ ܥܒܕܐ ܕܡܫܟܚ ܠܡܦܠܚ ܬܪܝܢ ܡܪܘܢ ܕܠܐ ܠܚܕ ܢܣܢܐ ܘܠܐܚܪܢܐ ܢܪܚܡ ܐܘ ܠܚܕ ܢܣܝܒܪ ܘܠܐܚܪܢܐ ܢܫܘܛ ܠܐ ܡܫܟܚܝܢ ܐܢܬܘܢ ܠܐܠܗܐ ܠܡܦܠܚ ܘܠܡܡܘܢܐ܀
Luke	Sinaiticus	13:17	wkd )mr hw) hlyn ,,, bhtyn hww klhwn )ylyn dqymyn hww lqwblh wklh (m) xd) hw) bklhyn tmyht) dhwyn hwy b)ydh%	ܘܐܪܝܡܘ ܩܠܗܘܢ ܘܐܡܪܝܢ ܠܗ ܝܫܘܥ ܪܒܢ ܐܬܪܚܡ ܥܠܝܢ܂
Luke	Sinaiticus	13:18	)mr hw) lmn) dmy) mlkwt) d)lh) wlmn) )dmyh	ܗܘ ܕܝܢ ܡܟܣܐ ܩܐܡ ܗܘܐ ܡܢ ܪܘܚܩܐ ܘܠܐ ܨܒܐ ܗܘܐ ܕܐܦܠܐ ܥܝܢ̈ܘܗܝ ܢܪܝܡ ܠܫܡܝܐ܂ ܐܠܐ ܛܪܦ ܗܘܐ ܥܠ ܚܕܝܗ܂ ܘܐܡܪ ܐܠܗܐ ܐܬܪܚܡ ܥܠܝ ܚܛܝܐ
Luke	Sinaiticus	13:19	dmy) lprdt) dxrdl) dnsb gbr) )rmyh bgnth wrbt whwt )yln) w)qnt prxt) d$my) bswkyh	ܘܩܪܐ ܥܣܪܐ ܥܒ̈ܕܘܗܝ ܘܝܗܒ ܠܗܘܢ ܥܣܪ̈ܐ ܡܢ̈ܝܢ ܘܐܡܪ ܠܗܘܢ ܐܬܗܦܟܘ ܒܗܘܢ ܥܕ ܐܬܢܐ
Luke	Sinaiticus	13:20	twb )mr lmn) )dmyh mlkwt) d)lh)	ܐܡܪ ܡܪܐ ܟܪܡܐ ܡܢܐ ܐܥܒܕ ܐܫܕܪ ܠܒܪܝ ܚܒܝܒܝ ܟܒܪ ܢܬܟܚܕܘܢ ܡܢܗ
Luke	Sinaiticus	13:21	dmy) lxmyr) dnsbt )ntt) wTmrt btlt s)yn qmx) (dm) dklh nxm(	ܬܗܘܐ ܠܟܘܢ ܕܝܢ ܣܗܕܘܬܐ
Luke	Sinaiticus	13:22	wrd) hw) bqwr:y) wbm:dynt) wmlp hw)% wkd )zl l)wr$lm	ܘܐܙܠܘ ܘܐܫܟܚܘ ܐܝܟ ܕܐܡܪ ܠܗܘܢ ܘܛܝܒܘ ܦܨܚܐ܂
Luke	Sinaiticus	13:23	)t) gbr) xd m$)l hw) lh w)mr lh mry z(wr:yn )nwn dxyyn	ܦܝܠܛܘܣ ܕܝܢ ܩܪܐ ܠܪ̈ܒܝ ܟܗ̈ܢܐ ܘܠܐܪ̈ܟܘܢܐ ܘܠܥܡܐ ܟܠܗ
Luke	Sinaiticus	13:24	)mr lh y$w( )tkt$ lm(l btr() )lyc) )mrn) lkwn gyr dsgy)) nb(wn lm(l bh wl) n$kxwn	ܘܐܬܚܙܝ ܠܬܪܝܢ ܡܢܗܘܢ ܒܗ ܒܝܘܡܐ ܟܕ ܐܙܠܝܢ ܗܘܘ ܠܩܪܝܬܐ ܕܫܡܗ ܥܡܐܘܣ܂ ܘܦܪܝܩܐ ܡܢ ܐܘܪܫܠܡ ܐܣܛܕܘܬܐ ܫ̈ܬܝܢ܂
Luke	Sinaiticus	13:25	mn $(t) gyr dnqwm mrh dbyt) wn)xwd tr() wthwwn qymyn lbr wmq$yn btr() w)mryn mrn ptx ln wn(n) wn)mr lkwn l) yd(n) lkwn mn )ymk) )ntwn	
Luke	Sinaiticus	13:26	hydyn t$rwn lm)mr qdmyk l(sn, w)$tyn wb$w:qyn )lpt	
Luke	Sinaiticus	13:27	wn)mr )myn )mrn) lkwn dl) yd(n) lkwn mn )ymk) )ntwn prwqw lkwn mny klkwn gyr )ytykwn p(:l) d$wqr),	
Luke	Sinaiticus	13:28	tmn nhw) bky) wxwrq $:n) kd txzwn l)brhm wl)ysxq wly(qwb wlkwlhwn nby) bmlkwth d)lh),	
Luke	Sinaiticus	13:29	wn)twn mn mdnx) wmn m(rb) wmn grby) wmn tymn) wnstmkwn bmlkwth d)lh)	
Luke	Sinaiticus	13:30	wh) )yt )xr:y) dnhwwn qdmy) wqdmy) )xr:y)%	
Luke	Sinaiticus	13:31	wbhwn byw:mt) hnwn qrbw )n$) mn pr:y$) w)mr:yn lh pwq )zl lk mk) mTl dhrwds b() lmqTlk,	
Luke	Sinaiticus	13:33	brm wl) hw ly dywmn) wmxr wbtr mxr )zl mTl dl) m$kx) dnby) n)bd lbr mn )wr$lm%	
Luke	Sinaiticus	13:34	)wr$lm )wr$lm dqTlty nby) wrgmty l)ylyn d)$tlxw lwtky km) zbnyn cbyt lmkn$ bnyky )yk trnglt) dkn$) pr:wgyh txyt knpyh wl) cbytwn	
Luke	Sinaiticus	13:35	h) $byq bytkwn w)mrn) lkwn dl) txzwnny (dm) dn)t) dt)mrwn bryk hw d)t) b$mh dmry)	
Luke	Sinaiticus	14:01	wkd (l lbyt) dxd mn r:$) dpr:y$) dn)kwl lxm) bywm) d$bt) wnTryn hww dnxzwn mn) n(bd	ܘܬܗܘܐ ܠܟ ܚܕܘܬܐ ܘܫܘܒܗܪܐ ܘܣ̈ܓܝܐܐ ܢܚܕܘܢ ܒܡܘܠܕܗ܂
Luke	Sinaiticus	14:02	wgbr) hdrwpyqws )yt hw) qdmwhy	ܫܘܒܚܐ ܠܐܠܗܐ ܒܡܪܘܡܐ ܘܫܠܡܐ ܒܐܪܥܐ ܘܐܪܥܘܬܐ ܠܒܢܝ ܐܢܫܐ܀
Luke	Sinaiticus	14:03	(n) y$w( w)mr lspr:) wlpr:y$) )n $lyT b$bt) lm)syw	ܘܫܐܠܘܗܝ ܗܘܘ ܐܦ ܣܛܪ̈ܛܝܘܛܐ ܘܐܡܪ̈ܝܢ ܡܢܐ ܢܥܒܕ ܐܦ ܐܢܚܢܢ ܐܡܪ ܠܗܘܢ ܠܐܢܫ ܠܐ ܬܥܫܩܘܢ ܒܐܢܫ ܠܐ ܬܬܛܓܪܘܢ ܣܦܩܢ ܢܗܘܝܢ ܠܟܘܢ ܐܦܣܘܢܝܬܟܘܢ܂
Luke	Sinaiticus	14:04	whnwn $tyqyn hww whw )xdh w)syh w$ryhy	ܘܗܦܟ ܝܫܘܥ ܒܚܝܠܐ ܕܪܘܚܐ ܠܓܠܝܠܐ ܘܢܦܩ ܥܠܘܗܝ ܛܒܐ ܒܟܘܠܗ ܗܘ ܐܬܪܐ܂
Luke	Sinaiticus	14:05	w)mr lhwn mnw mnkwn dnpl twrh )w xmrh bbr), bywm) d$bt) wl) ngd msq lh	ܘܙܗܪܗ ܝܫܘܥ ܕܠܐܢܫ ܠܐ ܢܐܡܪ ܐܠܐ ܙܠ ܚܘܐ ܢܦܫܟ ܠܟܗ̈ܢܐ ܘܩܪܒ ܚܠܦ ܕܬܕܟܝܬܟ ܐܝܟܢܐ ܕܦܩܕ ܡܘܫܐ ܕܬܗܘܐ ܠܗܘܢ ܠܣܗܕܘܬܐ܂
Luke	Sinaiticus	14:06	wl) )$kxw lmtl lh ptgm) (l hlyn,	ܫܡܥܘܢ ܗܘ ܕܟܐܦܐ ܫܡܝ ܠܗ ܘܐܢܕܪܐܘܣ ܐܚܘܗܝ ܘܝܥܩܘܒ ܘܝܘܚܢܢ ܒܢܝ ܙܒܕܝ ܘܦܝܠܝܦܘܣ ܘܒܪ ܬܘܠܡܝ
Luke	Sinaiticus	14:07	w)mr hw) mtl) hn) lwt hnwn dmzmnyn hww wgbyn hww r:$ smk)	ܘܗܘ ܐܙܠ ܘܩܪܒ ܠܐܪܢܐ܂ ܘܗܢܘܢ ܕܫܩܝܠܝܢ ܗܘܘ ܩܡܘ ܐܡܪ ܥܠܝܡܐ ܠܟ ܐܡܪܢܐ ܩܘܡ
Luke	Sinaiticus	14:09	wn)t) hw mn dlk wlh zmn wn)mr lk hb )tr) lhn) whydyn kd bhyt )nt tstmk bdwkt) )xryt)	ܗܘܝܢ ܓܝܪ ܚܡܫܐ ܐܠܦܝܢ ܓܒܪܝܢ ܐܡܪ ܠܬܠܡܝܕܘܗܝ ܐܣܡܟܘ ܐܢܬܘܢ ܐܢܘܢ ܚܡܫܝܢ ܚܡܫܝܢ ܐܢܫ ܒܣܡܟܐ
Luke	Sinaiticus	14:10	)l) m) d)zdmnt zl )stmk lk bdwkt) )xrt) dm) d)t) hw dzmnk n)mr lk rxmy )t(l) l(l wthw) lk t$bxt) b(y:ny sm:yk),	ܒܪܡ ܠܨܘܪ ܘܠܨܝܕܢ ܢܗܘܐ ܦܫܝܚ ܒܝܘܡܐ ܗܘ ܝܬܝܪ ܡܢ ܕܠܟܝܢ
Luke	Sinaiticus	14:11	kl dnrym gyr np$h ntmkk wkl dnmk np$h ntrym,	ܘܗܘܐ ܟܕ ܡܦܩ ܗܘܐ ܫܐܕܐ ܡܢ ܚܪܫܐ ܘܟܕ ܢܦܩ ܫܐܕܐ ܡܠܠ ܗܘ ܚܪܫܐ ܘܐܬܕܡܪܘ ܗܘܘ ܟܢܫܐ
Luke	Sinaiticus	14:13	)l) m) d(bd )nt )x$myt) qry lmskn) wlm(wr:) wlmxgr:) wlmk:b) wlms:ly) w)xr:n) sgy))	ܘܥܢܐ ܪܒ ܟܢܘܫܬܐ ܟܕ ܡܬܚܡܬ ܗܘܐ ܥܠ ܕܡܐܣܐ ܗܘܐ ܝܫܘܥ ܒܫܘܒܬܐ ܘܐܡܪ ܠܟܢܫܐ ܫܬܐ ܐܢܘܢ ܝܘܡܝܢ ܕܒܗܘܢ ܘܠܐ ܠܡܦܠܚ ܒܗܘܢ ܗܘܝܬܘܢ ܐܬܝܢ ܘܡܬܐܣܝܢ ܘܠܐ ܒܝܘܡܐ ܕܫܘܒܬܐ
Luke	Sinaiticus	14:14	wTwbyk dlyt lhwn dnpr(wnk wnhw) pwr(nk bqym) dzdyq:)%	ܘܛܘܒܝܟ ܕܠܝܬ ܠܗܘܢ ܕܢܦܪܥܘܢܟ ܘܢܗܘܐ ܦܘܪܥܢܟ ܒܩܝܡܐ ܕܙܕܝܩ̈ܐ܀
Luke	Sinaiticus	14:15	wkd $m( hw) xd mn hnwn dsmykyn hww )mr lhwn Twbwhy lmn dn)kwl $rwt) bmlkwth d)lh),	ܘܟܕ ܓܡܪ ܟܘܠ ܡܕܡ ܕܐܝܬ ܠܗ܂ ܘܗܘܐ ܟܦܢܐ ܒܐܬܪܐ ܗܘ
Luke	Sinaiticus	14:16	)mr lh y$w( gbr) xd (bd hw) )x$myt) rbt) wqr) hw) lsgy))	ܘܗܘܐ ܟܕ ܫܡܥܘ ܦܪ̈ܝܫܐ ܗܠܝܢ ܟܠܗܝܢ ܡܡܝܩܝܢ ܗܘܘ ܒܗ ܡܛܠ ܕܪܚܡܝܢ ܗܘܘ ܟܣܦܐ
Luke	Sinaiticus	14:17	w$dr (bdh b(dn) dsmk) dn)mr lhnwn dmzmnyn dn)twn h) lm kl mdm mTyb hw	ܘܟܕ ܚܙܐ ܐܢܘܢ ܐܡܪ ܠܗܘܢ ܙܠܘ ܚܘܘ ܢܦܫܟܘܢ ܠܟܗ̈ܢܐ ܘܟܕ ܐܙܠܝܢ ܐܬܕܟܝܘ
Luke	Sinaiticus	14:19	w)xrn) )mr xm$) zwg:yn twr) zbnt w)zln) d)bq) )nwn b(n) mnk )$)lyny,	ܘܒܢܝ ܡܕܝܢܬܐ ܣܢܝܢ ܗܘܘ ܠܗ ܘܫܕܪܘ ܐܝܙܓܕܐ ܒܬܪܗ ܘܐܡܪܝܢ ܠܗ ܠܐ ܨܒܝܢ ܚܢܢ ܕܢܡܠܟ ܥܠܝܢ ܗܢܐ
Luke	Sinaiticus	14:20	)xrn) )mr )ntt) nsbt l) m$kxn) d)t)	ܟܕ ܚܙܘܘܗܝ ܕܝܢ ܦܠܚܐ ܡܬܚܫܒܝܢ ܗܘܘ ܘܐܡܪܝܢ ܗܢܘ ܝܪܬܐ ܬܘ ܢܩܛܠܝܘܗܝ ܘܬܗܘܐ ܝܪܬܘܬܐ ܕܝܠܢ
Luke	Sinaiticus	14:21	w)t) hw (bd) )mr hlyn lmrh hydyn rgz hw mr) byt) w)mr l(bdh dpwq b(gl l$wq:) wl$qq) dmdynt) w)(l lk) lms:kn) wlms:ly) wlmxgr) wlmk):b) wlm(wr)	ܘܣܝܡܘ ܒܠܒ̈ܝܟܘܢ ܕܠܐ ܗܘܝܬܘܢ ܡܬܝܠܦܝܢ ܠܡܦܩ ܪܘܚܐ
Luke	Sinaiticus	14:22	w)mr (bd) mry h) hw) hw mdm dpqdt wtwb )yt )tr) bsmk)	ܘܟܕ ܗܘܬ ܫܥܬܐ ܐܣܬܡܟܘ ܗܘ ܘܬܠܡ̈ܝܕܘܗܝ ܥܡܗ
Luke	Sinaiticus	14:24	)mrn) lkwn gyr dxd mn hnwn )n$) dqryn hww l) nT(mwn mn )x$myt)%	ܘܡܡܠܠܝܢ ܗܘܘ ܚܕ ܥܡ ܚܕ ܥܠ ܗ̈ܠܝܢ ܟܘܠܗܝܢ ܐܝܠܝܢ ܕܓܕܫ܂
Luke	Sinaiticus	14:25	wkd )zlyn hww (mh kn$) sgy)) )thpk w)mr lhwn	
Luke	Sinaiticus	14:26	mn d)t) lwty wl) sn) l)bwhy wl)mh wl)xwhy wl)xwth wl)ntth wlbnwhy w)p lnp$h tlmydy l) m$kx dnhw)	
Luke	Sinaiticus	14:28	mnw gyr mnkwn dcb) dnbn) mgdl) wl) lwqdm ytb mtx$b npqth d)n )yt lh lm$lmwth	
Luke	Sinaiticus	14:29	dl) )n sm $t)st) wl) )$kx dn$lm kl dxzyn nhwwn mbzxyn bh	
Luke	Sinaiticus	14:30	w)mryn hn) gbr) $ry dnbn) wl) )$kx dn$lm	
Luke	Sinaiticus	14:31	)w mnw mlk) d)zl lmtkt$w (m mlk) )xrn) wl) lwqdm mtr() d)n m$kx b(sr:) )lpyn lm)r( lhw d)t) (lwhy b(sr:yn )lpyn	
Luke	Sinaiticus	14:32	w)l) (d rxyq m$dr )yzgd) wb() mnh (l $lm),	
Luke	Sinaiticus	14:33	hkn) kwl )n$ mnkwn dl) $bq kwlh qnynh tlmydy l) m$kx dnhw)	
Luke	Sinaiticus	14:34	$pyr) hy mlx) )n dyn mlx) tpkh, bmn) ttmlx	
Luke	Sinaiticus	14:35	l) l)r() wl) lzbl) )zl) )l) m$tdy) lbr mn d)yt lh )dn) dn$m( n$m(	
Luke	Sinaiticus	15:02	wspr:) wpr:y$) rTnyn hww w)mr:yn hn) lxTy) mqbl w)kl (mhwn	ܡܢ ܒܬܪ ܕܐܙܠܘ ܡܢ ܠܘܬܗܘܢ ܡܠܐܟܐ ܗܢܘܢ ܠܫܡܝܐ ܐܡܪܝܢ ܗܘܘ ܪܥܘܬܐ ܚܕ ܠܚܕ ܬܘ ܢܬܚܙܩ ܠܒܝܬ ܠܚܡ ܘܢܚܙܐ ܗܢܐ ܡܐ ܕܗܘܐ ܐܝܟܢܐ ܕܡܠܐܟܐ ܚܘܝܢ
Luke	Sinaiticus	15:03	)mr lhwn mtl) hn)	ܘܐܢܫܐ ܕܫܡܥܝܢ ܗܘܘ ܠܗ ܡܬܪܥܝܢ ܗܘܘ ܒܢܦܫܗܘܢ ܥܠ ܝܘܚܢܢ ܘܐܡܪ̈ܝܢ ܕܠܡܐ ܗܘܝܘ ܟܝ ܡܫܝܚܐ܂
Luke	Sinaiticus	15:04	mnw mnkwn d)yt lh m)) (r:byn wn)bd xd mnhwn l) $bq t$:(yn wt$() bmdbr) w)zl b() lhw d)byd (dm) dn$kxywhy	ܘܗܘ ܡܠܦ ܗܘܐ ܠܗܘܢ ܒܟܢܘܫ̈ܬܗܘܢ ܘܡܫܬܒܚ ܗܘܐ ܡܢ ܟܘܠ ܐܢܫ܂
Luke	Sinaiticus	15:05	wm) d)$kxh $ql lh (l ktpth wxd)	ܘܢܦܩ ܗܘܐ ܥܠܘܗܝ ܛܒܐ ܝܬܝܪܐܝܬ ܘܡܬܟܢܫ ܗܘܐ ܟܢܫܐ ܣܓܝܐܐ ܠܡܫܡܥ ܡܢܗ ܘܠܡܬܐܣܝܘ ܡܢ ܟܘܪ̈ܗܢܝܗܘܢ܂
Luke	Sinaiticus	15:06	w)t) lbyth wqr) lrxmwhy wl$bbwhy w)mr xdw (my d)$kxt (rby d)byd hw)	ܘܡܬܝ ܘܬܐܘܡܐ ܘܝܥܩܘܒ ܒܪ ܚܠܦܝ ܘܫܡܥܘܢ ܕܡܬܩܪܐ ܛܢܢܐ
Luke	Sinaiticus	15:07	)mrn) lkwn dhkn) thw) xdwt) b$my) (l xd xTy) dt)b )w (l t$:(yn wt$:() zdyqyn dl) snyqyn (l tybwt)	ܘܐܬܬܪܝܡ ܗܘ ܡܝܬܐ ܘܝܬܒ ܘܫܪܝ ܠܡܡܠܠܘ ܘܝܗܒܗ ܠܐܡܗ
Luke	Sinaiticus	15:08	)w )yd) hy )ntt) d)yt lh (sr) zwzyn wt)bd xd mnhwn l) mnhr) $rg) wxm) byt) wb(y) lh xpyT)yt (dm) dt$kxywhy	ܗܘ ܕܝܢ ܒܐܪܥܐ ܛܒܬܐ ܗܢܘܢ ܐܢܘܢ ܕܒܠܒܐ ܫܦܝܐ ܘܛܒܐ ܫܡܥܘ ܡܠܬܐ ܘܐܚܕܘ ܘܝܗܒܝܢ ܦܐܪ̈ܐ ܒܡܣܝܒܪܢܘܬܐ
Luke	Sinaiticus	15:09	wm) d)$kxth qry) lrxmth wl$bbth w)mr) lhyn xdyyn (my d)$kxt zwzy d)byd hw)	ܘܥܒܕܘ ܗܟܘܬ ܘܐܣܡܟܘ ܟܘܠܗܘܢ
Luke	Sinaiticus	15:10	)mrn) dhkn) thw) xdwt) qdm klhwn ml):k) d)lh) (l xd xTy) dt)b	ܘܐܢܬܝ ܟܦܪܢܚܡ ܠܐ ܥܕܡܐ ܠܫܡܝܐ ܬܬܪܝܡܝܢ ܥܕܡܐ ܠܫܝܘܠ ܬܚܬܝܢ
Luke	Sinaiticus	15:11	)mr lhwn gbr) xd )yt hww lh tr:yn bnyn	ܘܐܢܫܝܢ ܡܢ ܦܪܝܫܐ ܐܡܪܘ ܒܒܥܠܙܒܘܒ ܪܫܐ ܕܕܝܘܐ ܫܐܕܐ ܡܦܩ
Luke	Sinaiticus	15:12	)mr hw z(wr) l)bwhy, hb ly mnt) dmTy) ly mn qnynk wplg lhwn klh qnynh	ܘܐܡܪ ܠܟܢܫܐ ܐܙܕܗܪܘ ܡܢ ܟܘܠܗ ܝܥܢܘܬܐ ܡܛܠ ܕܠܐ ܗܘܐ ܒܝܘܬܪܢܐ ܕܢܟܣܐ ܗܘܝܢ ܚ̈ܝܐ ܠܒ̈ܢܝ ܐܢܫܐ܀
Luke	Sinaiticus	15:13	wbtr ywmt) qlyl kn$ hw brh z(wr) kwl mdm dmTyhy w)zl l)tr) rxyq) wtmn bdr qnynh mTl dxy) hw) prx)yt (m zn:yt),	ܥܢܐ ܝܫܘܥ ܘܐܡܪ ܠܗ ܢܣܒ ܒܐܦܐ ܚܕ ܚܕ ܡܢܟܘܢ ܠܐ ܫܪܐ ܬܘܪܗ ܐܘ ܚܡܪܗ ܡܢ ܐܘܪܝܐ ܘܐܙܠ ܡܫܩܐ ܠܗ ܒܝܘܡܐ ܕܫܒܬܐ
Luke	Sinaiticus	15:14	wkd gmr kwl mdm d)yt lh, whw) kpn) b)tr) hw	ܘܟܕ ܫܡܥ ܗܘܐ ܚܕ ܡܢ ܗܢܘܢ ܕܣܡܝܟܝܢ ܗܘܘ ܐܡܪ ܠܗܘܢ ܛܘܒܘܗܝ ܠܡܢ ܕܢܐܟܘܠ ܫܪܘܬܐ ܒܡܠܟܘܬܗ ܕܐܠܗܐ܂
Luke	Sinaiticus	15:15	)zl nqp lh lxd mn bn:y hw )tr) w$drh lqryt) lmr() xzyr:)	ܐܙܠ ܢܩܦ ܠܗ ܠܚܕ ܡܢ ܒܢ̈ܝ ܗܘ ܐܬܪܐ ܘܫܕܪܗ ܠܩܪܝܬܐ ܠܡܪܥܐ ܚܙܝܪ̈ܐ
Luke	Sinaiticus	15:17	kd )t) lwt np$h )mr km) )gyr:yn )yt h$) byt )by dytyr lhwn lxm) w)n) )bdn) hrk) mn kpny,	ܘܚܕ ܡܢܗܘܢ ܟܕ ܚܙܐ ܕܐܬܕܟܝ ܗܦܟ ܗܘܐ ܠܗ ܘܒܩܠܐ ܪܡܐ ܡܫܒܚ ܗܘܐ ܠܐܠܗܐ܂
Luke	Sinaiticus	15:18	)l) )qwm )zl lwt )by w)mr lh )by xTyt b$my) wqdmyk	ܘܩܪܒܘ ܗܘܘ ܠܗ ܐܦ ܝܠܘ̈ܕܐ ܕܢܣܝܡ ܐܝܕܗ ܥܠܝܗܘܢ ܘܟܐܘ ܒܗܘܢ ܬܠܡ̈ܝܕܘܗܝ܂
Luke	Sinaiticus	15:19	wl) $wn) mkyl dbrk )tqr) (bdyny )yk xd mn )gyr:yk,	ܘܗܦܟ ܐܡܪ ܕܢܩܪܘܢ ܠܗ ܗܢܘܢ ܥܒܕܘܗܝ ܕܝܗܒ ܗܘܐ ܠܗܘܢ ܟܣܦܐ ܕܢܕܥ ܡܢܐ ܐܬܬܓܪܘ
Luke	Sinaiticus	15:20	wqm )t) lwt )bwhy w(d hw rxyq xzyhy )bwhy w)trxm (lwhy wrhT npl (l cwrh wn$qh	ܘܐܦܩܘܗܝ ܠܒܪ ܡܢ ܟܪܡܐ ܘܩܛܠܘܗܝ ܡܢܐ ܢܥܒܕ ܠܗܘܢ ܡܪܐ ܟܪܡܐ܂
Luke	Sinaiticus	15:21	w)mr lh brh )by xTyt b$my) wqdmyk mkyl l) $w) )n) dbrk )tqr)	ܐܢܐ ܓܝܪ ܐܬܠ ܠܟܘܢ ܦܘܡܐ ܘܚܟܡܬܐ ܐܝܕܐ ܕܠܐ ܡܫܟܚܝܢ ܕܢܩܘܡܘܢ ܠܩܘܒܠܟܘܢ ܟܠܗܘܢ ܒܥܠܕܒܒ̈ܝܟܘܢ
Luke	Sinaiticus	15:22	)mr )bwhy l(b:dwhy, )pqw (gl )sTl) r$yt) )lb$why wsymw (zqt) b)ydh, w)s)nwhy ms:n)	ܐܡܪ ܠܗܘܢ ܡܪܓ ܪܓܬ ܠܝ ܕܐܟܘܠ ܥܡܟܘܢ ܦܨܚܐ܂ ܥܕܠܐ ܐܚܫ܂
Luke	Sinaiticus	15:23	w)ytyw qTwlw (gl) hw dpTm) n)kwl wntbsm	ܘܐܦܠܐ ܗܪܘܕܣ ܕܫܕܪܬܗ ܓܝܪ ܠܘܬܗ ܘܡܕܡ ܕܫܘܐ ܠܡܘܬܐ ܠܐ ܐܫܟܚ ܒܬܪܗ܂ ܐܦܠܐ ܣܥܝܪ ܠܗ ܡܕܡ ܕܡܘܬܐ܂
Luke	Sinaiticus	15:24	dhn) bry myt) hw) wxy), w)byd) hw) w)$tkx w$ryw lmtbsmw	ܘܟܕ ܗܢܘܢ ܡܡܠܠܝܢ ܘܡܥܩܒܝܢ ܐܬܐ ܝܫܘܥ ܘܡܛܝ ܐܢܘܢ ܘܡܗܠܟ ܗܘܐ ܥܡܗܘܢ
Luke	Sinaiticus	15:26	wqr) lxd mn Tly) w$)lh mnw hn)	
Luke	Sinaiticus	15:27	)mr lh )xwk )t) wqTl )bwk (gl) dpTm) dkd xlym )qblh,	
Luke	Sinaiticus	15:28	wrgz wl) cb) hw) lm(l, wnpq )bwhy wb() hw) mnh	
Luke	Sinaiticus	15:29	(n) w)mr lh l)bwhy h) km) $:nyn plxn) lk (bdwt) wl) (brt (l pwq:dnyk wmmtwm gdy) xd l) yhbt ly d)tbsm (m r:xmy,	
Luke	Sinaiticus	15:30	whn) brk kd prx qnynk (m zny:t), nkst lh (gl) hw dpTm)	
Luke	Sinaiticus	15:31	)mr lh bry bklzbn (my )nt, wkwl mdm dyly dylk hw,	
Luke	Sinaiticus	15:32	lmbsm dyn wl) hw) wlmxd) dhn) )xwk myt) hw) wxy) w)byd) hw) w)xtkx%	
Luke	Sinaiticus	16:01	w)mr hw) twb ltlm:ydwhy gbr) xd (tyr) )yt hw) w)yt hw) lh rb byt) w)t)klw qrcwhy qdmwhy )ykn) dqnynh $xT,	ܘܣܓܝܐܐ ܡܢ
Luke	Sinaiticus	16:02	wqryhy mrh w)mr lh mnw hn) d$m(n) (lyk )t) hb x$bn) d$wlTnk l) gyr m$kx )nt twb rbyt) dthw) ly	ܘܐܙܠܘ ܡܣܪܗܒܐܝܬ ܘܐܫܟܚܘ ܠܝܘܣܦ ܘܠܡܪܝܡ ܘܠܥܘܠܐ ܟܕ ܣܝܡ ܒܐܘܪܝܐ
Luke	Sinaiticus	16:03	)mr hw rb byt) bnp$h mn) )(bd dmry $ql lh mny rbt bytwt) wd)xpr l) m$kx )n) wlmxdr bht )n)	ܥܢܐ ܠܟܠ ܐܢܫ ܘܐܡܪ ܠܗܘܢ ܐܢܐ ܗܐ ܡܥܡܕܢܐ ܠܟܘܢ ܒܡ̈ܝܐ܂ ܐܬܐ ܕܝܢ ܒܬܪܝ ܕܡܢܝ ܚܝܠܬܢ ܗܘ ܕܠܐ ܫܘܢܐ ܕܐܫܪܐ ܥܪ̈ܩܐ ܕܡܣ̈ܢܘܗܝ܂ ܗܘ ܢܥܡܕܟܘܢ ܒܢܘܪܐ ܘܒܪܘܚܐ ܕܩܘܕܫܐ
Luke	Sinaiticus	16:04	yd(t mn) )(bd dm) dnpqt mn rbt bytwt) nqblwnny bbtyhwn	ܘܐܬܐ ܠܢܨܪܬ ܐܬܪ ܕܐܬܪܒܝ ܗܘܐ ܘܥܠ ܠܟܢܘܫܬܐ ܒܝܘܡܐ ܕܫܒܬܐ ܐܝܟܢܐ ܕܡܥܕ ܗܘܐ
Luke	Sinaiticus	16:05	wqr) lxd mn xyb) dmrh w)mr lqdmy) km) xyb )nt lmry	ܘܗܘ ܡܫܢܐ ܗܘܐ ܠܕܒܪܐ ܘܡܨܠܐ ܗܘܐ܀
Luke	Sinaiticus	16:06	)mr lh m)) mtryn m$x) wytb (gl wktb )nyn xm$yn	ܘܝܗܘܕܐ ܒܪ ܝܥܩܘܒ ܘܝܗܘܕܐ ܣܟܪܝܘܛܐ ܗܘ ܕܗܘ ܗܘܐ ܡܫܠܡܢܐ
Luke	Sinaiticus	16:07	wbtrkn )mr l)xrn) w)nt km) xyb )nt lh )mr lh m)) kwryn xT) wytb mxd) ktb )nwn tmn)yn	ܘܐܚܕܬ ܐܢܘܢ ܕܚܠܬܐ ܠܟܘܠܗܘܢ ܘܫܒܚܘ ܠܐܠܗܐ ܘܐܡܪܝܢ ܕܢܒܝܐ ܪܒܐ ܩܡ ܒܢ ܘܣܥܪ ܐܠܗܐ ܠܥܡܗ
Luke	Sinaiticus	16:08	w$bx mr) lrb byt) d(wl) dxkym)yt (bd wxkymyn )nwn bnwhy d(lm) hn) b$rbthwn hd) mn bnwhy dnwhr)	ܠܐ ܐܢܫ ܡܢܗܪ ܫܪܓܐ ܘܡܚܦܐ ܠܗ ܒܡܐܢܐ ܐܘ ܣܐܡ ܠܗ ܬܚܝܬ ܥܪܣܐ ܐܠܐ ܣܐܡ ܠܗ ܠܥܠ ܡܢ ܡܢܪܬܐ ܕܟܘܠ ܡܢ ܕܥܐܠ ܢܚܙܐ ܢܘܗܪܗ܂
Luke	Sinaiticus	16:09	w)p )n) )mrn) lkwn (bdw lkwn rxm) mn mmwn) d(wl) dm) dgmr nqblwnkwn bm:Tlyhwn dl(lm	ܘܢܣܒ ܗܘ ܠܗܢܘܢ ܚܡܫܐ ܠܚܡܝܢ ܘܗܢܘܢ ܢܘܢܝܢ ܘܚܪ ܒܫܡܝܐ ܘܒܪܟ ܥܠܘܗܝ ܘܩܨܐ ܘܝܗܒ ܠܬܠܡܝܕܘܗܝ ܕܢܣܝܡܘܢ ܠܟܢܫܐ
Luke	Sinaiticus	16:11	)n (wd bmmwn) d(wl) l) hwytwn mhymnyn l$rr) mnw mhymn lkwn	ܐܚܪܢܐ ܕܝܢ ܟܕ ܡܢܣܝܢ ܗܘܘ ܠܗ ܫܐܠܝܢ ܗܘܘ ܠܗ ܐܬܐ ܡܢ ܫܡܝܐ
Luke	Sinaiticus	16:12	w)n bdl) dylkwn l) )$tkxtwn mhymnyn dylkwn mn) ntl lkwn	ܘܐܡܪ ܠܗܘܢ ܡܬܠܐ ܗܢܐ܂ ܓܒܪܐ ܚܕ ܥܬܝܪܐ ܐܥܠܬ ܗܘܬ ܠܗ ܐܪܥܗ ܥܠܠܬܐ ܣܓܝܐ̈ܬܐ
Luke	Sinaiticus	16:13	lyt gyr (bd) dm$kx lmplx tryn mrwn dl) lxd nsn) wl)xrn) nrxm )w lxd nsybr wl)xrn) n$wT l) m$kxyn )ntwn l)lh) lmplx wlmmwn)%	ܘܒܪܬܗ ܗܝ ܕܐܒܪܗܡ ܕܐܣܪܗ ܣܛܢܐ ܗܐ ܬܡܢܥܣܪܐ ܫܢܝܢ ܠܐ ܘܠܐ ܗܘܐ ܕܬܫܬܪܐ ܡܢ ܗܢܐ ܐܣܘܪܝܐ ܒܝܘܡܐ ܕܫܒܬܐ
Luke	Sinaiticus	16:14	whw) kd $m(w pr:y$) hlyn klhyn mmyqyn hww bh mTl drxmyn hww ksp)	ܐܡܪ ܠܗ ܝܫܘܥ ܓܒܪܐ ܚܕ ܥܒܕ ܗܘܐ ܐܚܫܡܝܬܐ ܪܒܬܐ ܘܩܪܐ ܗܘܐ ܠܣܓܝܐܐ
Luke	Sinaiticus	16:15	)mr lhwn )ntwn )nwn dmzdqyn np$hwn b(yny bny )n$) )lh) dyn yd( lbwtkwn dmdm drm byt bny )n$) qdm )lh) ndyd hw%	ܡܬܪܓܪܓ ܗܘܐ ܡܢ ܗܢܘܢ ܩܪ̈ܛܐ ܕܐܟܠܝܢ ܗܘܘ ܚܙܝܪ̈ܐ ܕܢܡܠܐ ܟܪܣܗ ܘܠܐ ܐܢܫ ܝܗܒ ܗܘܐ ܠܗ
Luke	Sinaiticus	16:16	nmws) wnby) (dm) lywxnn mkyl mlkwth d)lh) mstbr) wkwl )n$ lh mtxbcyn	ܢܡܘܣܐ ܘܢܒܝܐ ܥܕܡܐ ܠܝܘܚܢܢ ܡܟܝܠ ܡܠܟܘܬܗ ܕܐܠܗܐ ܡܣܬܒܪܐ ܘܟܘܠ ܐܢܫ ܠܗ ܡܬܚܒܨܝܢ
Luke	Sinaiticus	16:17	p$yq hw dyn d$my) w)r() n(brwn )w )twt) xd) mn nmws) t(br	ܘܢܦܠ ܥܠ ܐܦܘܗܝ ܩܕܡ ܪ̈ܓܠܘܗܝ ܕܝܫܘܥ ܘܡܘܕܐ ܗܘܐ ܠܗ ܘܗܘ ܗܢܐ ܫܡܪܝܐ ܗܘܐ
Luke	Sinaiticus	16:18	kwl )n$ dn$r) )ntth wnsb )xrt) mgr g)r whw dnsb $byqt) mg)r g)r%	ܐܡܪ ܠܗܘܢ ܝܫܘܥ ܫܒܘܩܘ ܛ̈ܠܝܐ ܐܬܝܢ ܠܘܬܝ ܘܠܐ ܬܟܠܘܢ ܐܢܘܢ܂ ܕܐܝܠܝܢ ܓܝܪ ܕܐܝܟ ܗܠܝܢ ܐܢܘܢ ܕܝܠܗܘܢ ܗܝ ܡܠܟܘܬܐ ܕܫܡܝܐ
Luke	Sinaiticus	16:20	wmskn) xd )yt hw) d$mh l(zr wrm) hw) lwt tr(h	ܐܡܪܝܢ ܢܘܒܕ ܐܢܘܢ ܠܦܠܚܐ ܘܢܬܠ ܟܪܡܐ ܠܐܚܪ̈ܢܐ ܟܕ ܫܡܥܘ ܗܠܝܢ ܝܕܥܘ ܓܝܪ ܕܥܠܝܗܘܢ ܐܡܪ ܡܬܠܐ ܗܢܐ܂
Luke	Sinaiticus	16:21	wmtrgrg hw) dnml) krsh mn mdm dnpl hw) mn ptwrh dhw (tyr) w)p klb:) )tyn hww mlxkyn $x:nwhy	ܢܫܠܡܘܢܟܘܢ ܓܝܪ ܐܚܝܟܘܢ ܘܐܢܫܝܟܘܢ ܘܐܚܝܢܝܟܘܢ ܘܪ̈ܚܡܝܟܘܢ ܘܢܡܝܬܘܢ ܡܢܟܘܢ
Luke	Sinaiticus	16:22	whw) wmyt hw mskn) w)wblwhy ml)k) l(wbh d)brhm wmyt hw (tyr) w)tqbr	ܐܡܪܢܐ ܠܟܘܢ ܓܝܪ ܕܡܟܝܠ ܠܐ ܐܟܠܝܘܗܝ ܥܕܡܐ ܕܬܫܬܠܡ ܡܠܟܘܬܐ ܕܐܠܗܐ
Luke	Sinaiticus	16:25	)mr lh )brhm brm )tdkr dqblt Tbtk bxyyk whkwt )p l(zr by$th wh$) hrk) mtnyx w)nt m$tnq )nt	
Luke	Sinaiticus	16:26	w(mhy:n (m hlyn kwlhyn hwt) rbt) sym) bynyn wlkwn d)ylyn dcbyn dn(brwn mk) lwtkwn l) n$kxwn w)pl) dmn tmn n(brwn lwtn	
Luke	Sinaiticus	16:27	)mr mdyn b(n) mnk )by dt$drwhy lbyt )by	
Luke	Sinaiticus	16:28	xm$) gyr )xyn )yt ly, dnshd )nwn dlm) )p hnwn n)twn ldwkt) hd) dt$nyq)	
Luke	Sinaiticus	16:29	)mr )brhm )yt lhwn mw$) wnby) n$m(wn )nwn	
Luke	Sinaiticus	16:30	)mr lh l) )by )brhm )l) )n )n$ mn myt) n)zl lwthwn tybyn	
Luke	Sinaiticus	16:31	)mr lh )n lmw$) wln:by) l) $m(yn )pl) )n )n$ mn myt:) n)zl mhymnyn lh%	
Luke	Sinaiticus	17:01	w)mr hw) ltlmydwhy l) m$kx) dl) n)twn mk$:wl), brm wy lhw db)ydh n)twn	
Luke	Sinaiticus	17:02	pqx hw) lh )lw rxy) dxmr) tly) bcwrh w$d) bym) )w nk$l lxd mn hlyn z(wr:)	ܘܐܫܬܥܝܘ ܡܕܡ ܕܐܬܡܠܠ ܥܡܗܘܢ ܥܠܘܗܝ ܥܠ ܛܠܝܐ
Luke	Sinaiticus	17:04	w)n $b( zbnyn bywm) nxT) whlyn $b( zbnyn ntpn) lwtk wn)mr dt)bn) $bwq lh%	ܘܝܗܒ ܠܗ ܟܬܒܐ ܕܐܫܥܝܐ ܢܒܝܐ ܘܩܡ ܠܡܩܪܐ ܟܕ ܦܬܚ ܟܬܒܐ ܐܫܟܚ ܕܘܟܬܐ ܕܟܬܝܒ
Luke	Sinaiticus	17:05	)mr:yn lh $lyxwhy ly$w( )wsp ln hymnwt),	ܘܗܘܐ ܒܚܕ ܡܢ ܝܘܡܬܐ ܟܕ ܡܠܦ ܗܘܐ ܝܬܒܝܢ ܗܘܘ ܦܪܝܫܐ ܘܡܠܦܝ ܢܡܘܣܐ ܘܟܕ ܐܬܘ ܡܢ ܟܠ ܩܪܐ ܕܓܠܝܠܐ ܕܝܗܘܕ ܘܕܐܘܪܫܠܡ ܘܚܝܠܐ ܗܘܐ ܒܝܫܘܥ ܕܗܘܐ ܡܐܣܐ
Luke	Sinaiticus	17:06	(n) w)mr lhwn )lw )yt bkwn hymnwt) )yk prdt) dxrdl) )mrtwn hwytwn ltwt) hn) d)t(qr mn smk) w)tncb bym), m$tm( hw) lkwn,	ܘܢܚܬ ܥܡܗܘܢ ܠܦܩܥܬܐ ܘܩܡ ܗܘ ܘܟܢܫܐ ܕܬܠܡܝܕܘܗܝ ܘܣܘܓܐܐ ܕܟܢܫܐ ܕܥܡܐ ܕܐܬܘ ܡܢ ܟܘܠܗ ܝܗܘܕ ܘܡܢ ܐܘܪܫܠܡ ܘܡܢ ܦܪܗܠܝ ܘܡܢ ܨܘܪ ܘܡܢ ܨܝܕܘܢ
Luke	Sinaiticus	17:07	wmnw mnkwn d)yt lh (bd) ddbr pdn) )w dr() (n), wm) d()l mn xql) lm) )mr lh mxd) (br )stmk	ܘܢܦܩܬ ܥܠܘܗܝ ܗܕܐ ܒܟܠܗ ܐܪܥܐ ܕܝܗܘܕ ܘܒܟܘܠܗ ܐܬܪܐ ܕܚܕܪܝܗܘܢ܀
Luke	Sinaiticus	17:08	)l) )mr lh Tyb ly mdm d)x$m w)swr xc:yk $m$yny (dm) d)l(s w)$t), wbtrkn )p )nt tl(s wt$t)	ܠܝܬ ܓܝܪ ܡܕܡ ܕܟܣܐ ܕܠܐ ܢܬܓܠܐ ܘܠܐ ܕܡܛܫܝ ܕܠܐ ܢܬܝܕܥ ܘܢܐܬܐ ܠܓܠܝܐ܂
Luke	Sinaiticus	17:09	lm) Tybwt) dnp$h )xyd (bd) hw d(bd )ylyn dpqyd lh,	ܘܐܟܠܘ ܟܠܗܘܢ ܘܫܩܠܘ ܡܢ ܡܕܡ ܕܐܘܬܪܘ ܩ̈ܨܝܐ ܡܠܐ ܬܪܥܣܪ ܩܘܦܝܢܝܢ
Luke	Sinaiticus	17:10	hkn) )p )ntwn m) d(bdtwn )ylyn dpqydn lkwn )mr:yn )ntwn )nxnn (b:d) mdm dxybyn hwyn lm(bd (bdn%	ܘܗܦܟܘ ܗܘܘ ܗܢܘܢ ܫܘܒܥܝܢ ܘܬܪܝܢ ܕܫܕܪ ܒܚܕܘܬܐ ܐܡܪܝܢ ܡܪܢ ܐܦ ܫܐܕܐ ܡܫܬܥܒܕܝܢ ܠܢ ܒܫܡܟ
Luke	Sinaiticus	17:11	wkd )zl hw) l)wr$lm w(br byt $mry) lglly:)	ܗܘ ܕܝܢ ܟܕ ܝܕܥ ܬܪܥܝܬܗܘܢ ܐܡܪ ܠܗܘܢ ܟܘܠ ܡܠܟܘ ܕܬܬܦܠܓ ܥܠ ܢܦܫܗ ܬܚܪܒ ܘܟܘܠ ܒܝܬܐ ܕܥܠ ܒܝܬܐ ܡܬܦܠܓ ܢܦܠ ܠܗ
Luke	Sinaiticus	17:12	wkd ()l hw) lqryt) xd) wh) (sr) )n$yn grb) qymyn hww mn rwxq),	ܘܡܬܚܫܒ ܗܘܐ ܒܢܦܫܗ ܘܐܡܪ ܡܢܐ ܐܥܒܕ ܕܠܝܬ ܠܝ ܐܝܟܐ ܕܐܚܡܘܠ ܥܠܠܬܝ
Luke	Sinaiticus	17:13	w)rymw qlhwn w)mryn lh y$w( rbn )trxm (lyn,	ܘܟܕ ܐܡܪ ܗܘܐ ܗܠܝܢ ܂܂܂ ܒܗܬܝܢ ܗܘܘ ܟܠܗܘܢ ܐܝܠܝܢ ܕܩܝܡܝܢ ܗܘܘ ܠܩܘܒܠܗ ܘܟܠܗ ܥܡܐ ܚܕܐ ܗܘܐ ܒܟܠܗܝܢ ܬܡܝܗܬܐ ܕܗܘܝܢ ܗܘܝ ܒܐܝܕܗ܀
Luke	Sinaiticus	17:14	wkd xz) )nwn )mr lhwn zlw xww np$kwn lkh:n) wkd )zlyn )tdkyw	ܘܫܕܪ ܥܒܕܗ ܒܥܕܢܐ ܕܣܡܟܐ ܕܢܐܡܪ ܠܗܢܘܢ ܕܡܙܡܢܝܢ ܕܢܐܬܘܢ ܗܐ ܠܡ ܟܠ ܡܕܡ ܡܛܝܒ ܗܘ
Luke	Sinaiticus	17:15	wxd mnhwn kd xz) d)tdky hpk hw) lh wbql) rm) m$bx hw) l)lh),	ܟܕ ܐܬܐ ܠܘܬ ܢܦܫܗ ܐܡܪ ܟܡܐ ܐܓܝܪ̈ܝܢ ܐܝܬ ܗܫܐ ܒܝܬ ܐܒܝ ܕܝܬܝܪ ܠܗܘܢ ܠܚܡܐ ܘܐܢܐ ܐܒܕܢܐ ܗܪܟܐ ܡܢ ܟܦܢܝ܂
Luke	Sinaiticus	17:16	wnpl (l )pwhy qdm r:glwhy dy$w( wmwd) hw) lh whw hn) $mry) hw)	ܦܫܝܩ ܗܘ ܕܝܢ ܕܫܡܝܐ ܘܐܪܥܐ ܢܥܒܪܘܢ ܐܘ ܐܬܘܬܐ ܚܕܐ ܡܢ ܢܡܘܣܐ ܬܥܒܪ
Luke	Sinaiticus	17:17	(n) y$w( w)mr hlyn (sr) hwyn hww d)tdkyw )ylk) )nwn t$()	ܥܢܐ ܝܫܘܥ ܘܐܡܪ ܗܠܝܢ ܥܣܪܐ ܗܘܝܢ ܗܘܘ ܕܐܬܕܟܝܘ ܐܝܠܟܐ ܐܢܘܢ ܬܫܥܐ
Luke	Sinaiticus	17:18	xd mnhwn l) hpk lmtl t$bwxt) l)lh) )l) hn) dmn (m) hw nwkry)	ܐܡܝܢ ܐܡܪܢܐ ܠܟܘܢ ܕܡܢ ܕܠܐ ܡܩܒܠ ܡܠܟܘܬܐ ܕܫܡܝܐ ܐܝܟ ܛܠܝܐ ܠܐ ܢܥܘܠ ܠܗ܀
Luke	Sinaiticus	17:19	)mr lh zl hymnwtk )xytk%	ܐܡܪ ܠܗ ܐܘ ܥܒܕܐ ܛܒܐ܂ ܕܒܩܠܝܠ ܐܫܬܟܚܬ ܡܗܝܡܢ ܬܗܘܐ ܫܠܝܛ ܥܠ ܥܣܪ̈ܐ ܟܪ̈ܟܝܢ܂
Luke	Sinaiticus	17:20	w$)lwhy pry$) w)mryn lh )mty )ty) mlkwth d)lh) (n) w)mr lhwn l) )ty) mlkwth d)lh) bnTwrt),	ܗܘ ܕܝܢ ܚܪ ܒܗܘܢ ܘܐܡܪ ܡܢܐ ܗܘ ܥܘܕ ܗܢܐ ܕܟܬܝܒ ܕܟܐܦܐ ܕܐܣܠܝܘ ܒܢ̈ܝܐ ܗܝ ܗܘܬ ܠܪܝܫ ܩܪܢܐ܂
Luke	Sinaiticus	17:21	wl) )mryn hrk) hy )w hrtmn hy h) gyr mlkwth d)lh) byntkwn,	ܘܬܗܘܘܢ ܣܢܝܐܝܢ ܡܢ ܟܠܐܢܫ ܡܛܘܠ ܫܡܝ
Luke	Sinaiticus	17:22	w)mr hw) ltlm:ydwhy n)twn ywm:t) dttrgrgwn dtxzwn xd mn ywm:th dbrh d)n$) wl) txzwn,	ܢܣܒ ܟܣܐ ܘܐܘܕܝ ܥܠܘܗܝ ܘܐܡܪ ܣܒܘ ܗܢܐ ܦܠܓܘ ܒܝܢܬܟܘܢ
Luke	Sinaiticus	17:23	w)n n)mrwn lkwn h) hrtmn hw wh) hrk) l) trhTwn wl) t)zlwn	ܘܡܥܕ ܗܘܐ ܦܝܠܛܘܣ ܕܢܗܘܐ ܫܪܐ ܠܗܘܢ ܐܣܝܪܐ ܚܕ ܒܥܕܥܝܕܐ
Luke	Sinaiticus	17:24	)ykn) gyr dbrq) brq mn r$why d$my) (dm) lr$h hkn) nhw) ywmh dbrh d)n$)	ܐܡܪ ܠܗܘܢ ܡܢܐ ܐܢܝܢ ܡܠܐ ܗܠܝܢ ܕܡܡܠܠܝܢ ܐܢܬܘܢ ܟܕ ܟܡܝܪܝܢ ܐܢܬܘܢ
Luke	Sinaiticus	17:25	mn lwqdm dyn (tyd hw dnx$ bsgy)t) wdnstl) mn $rbt) hd),	
Luke	Sinaiticus	17:26	w)ykn) dhw) bywmt:) dnwx hkn) nhw) bywm:t) dbrh d)n$)	
Luke	Sinaiticus	17:27	d)klyn hww w$tyn wnsbyn hww n$:) wyhbyn lgbr) (dm) lywm) d(l nwx lqbwt), w)t) Twpn) w$ql )nwn lkwlhwn	
Luke	Sinaiticus	17:28	w)ykn) dhw) bywm:th dlwT d)klyn hww w$tyn wzbnyn hww wmzbnyn	
Luke	Sinaiticus	17:29	wbywm) dnpq lwT mn sdwm )mTr nwr) wkbryt) mn $my) w)wbd )nwn lklhwn	
Luke	Sinaiticus	17:30	hkn) nhw) bywm) dmtgl) brh d)n$)	
Luke	Sinaiticus	17:31	bhy dyn $(t) mn d(l )gr) hw l) nxwt lm$ql m)nwhy mn byt) wmn dbqryt) hw l) nthpk lbstrh,	
Luke	Sinaiticus	17:32	w)tdkrw l)ntth dlwT	
Luke	Sinaiticus	17:33	mn dcb) dnx) np$h nwbdyh, wmn dnwbd np$h nxyh,	
Luke	Sinaiticus	17:34	)mrn) lkwn dbhw lly) nhwwn tr:yn bxd) (rs), xd ntdbr wxd n$tbq,	
Luke	Sinaiticus	17:35	wnhw:yn tr:tyn Txnn bxd) rxy), xd) ttdbr wxd) t$tbq,	
Luke	Sinaiticus	17:36	wnhwwn tr:yn bqryt) xd ntdbr wxd n$tbq	
Luke	Sinaiticus	18:01	)mr lhwn twb )p mtl) hn) dnhwwn mclyn bkwl (dn wl) hwt m)n) lhwn,	
Luke	Sinaiticus	18:02	dyn) xd )yt hw) bmdynt), dmn )lh) l) dxl hw) wmn br )n$) l) mtkxd hw)	ܟܠ ܐܢܫ ܕܝܢ ܕܫܡܥ ܗܘܐ ܡܢ ܪ̈ܥܘܬܐ ܟܕ ܡܫܬܥܝܢ ܗܘܘ ܥܠ ܐܝܠܝܢ ܕܚܙܘ ܘܫܡܥܘ ܬܡܝܗܝܢ ܗܘܘ ܘܡܬܕܡܪܝܢ
Luke	Sinaiticus	18:03	w)rmlt) )yt hw) bh bhy mdynt), w)ty) hwt lwth w)mr) lh tb(yny mn b(ldyny	ܐܦ ܐܚܪ̈ܢܝܬܐ ܣܓܝܐ̈ܬܐ܂ ܟܕ ܡܬܟܫܦ ܗܘܐ ܡܣܒܪ ܠܥܡܐ
Luke	Sinaiticus	18:04	wl) cb) hw) btrkn )mr bnp$h, )n mn )lh) l) dxl )n) wmn br )n$) l) mtkxd )n)	ܪܘܚܐ ܕܡܪܝܐ ܥܠܝܟ ܕܡܛܠܬܗ ܡܫܚܟ ܠܡܣܒܪܘ ܠܡܣ̈ܟܢܐ ܘܫܠܚܢܝ ܠܡܟܪܙܘ ܠܫ̈ܒܝܐ ܫܘܒܩܢܐ ܘܠܥܘܝܪ̈ܐ ܚܙܝܐ ܘܐܫܪܪ ܠܬܒܝܪ̈ܐ ܒܫܘܒܩܢܐ
Luke	Sinaiticus	18:05	whd) )rmlt) dhkn) ml)y) ly )tb(yh dl) bxrt) t)t) t)xdny	ܘܗܐ ܐܢܫܐ ܐܝܬܝܘ ܓܒܪܐ ܚܕ ܒܥܪܣܐ ܡܫܪܝܐ ܘܒܥܝܢ ܗܘܘ ܕܐܝܟܢܐ ܢܥܠܘܢܗ ܕܢܣܝܡܘܢܗ ܩܕܡܘܗܝ
Luke	Sinaiticus	18:06	)mr y$w( $m(w mn) )mr dyn) d(wl),	ܕܐܬܘ ܕܢܫܡܥܘܢܗ ܘܢܬܐܣܘܢ ܡܢ ܟܠܗܘܢ ܟܪ̈ܗܢܝܗܘܢ ܘܡܬܐܠܨܝܢ ܗܘܘ ܡܢ ܪܘܚܐ ܛܢܦܬ̈ܐ ܕܢܬܐܣܘܢ
Luke	Sinaiticus	18:07	)lh) hkyl l) ytyr)yt n(bd tb(t) lgb:why dqryn lh b)ymm) wblly) wmgr rwxh (mhwn	ܘܐܫܬܥܝܘ ܠܝܘܚܢܢ ܬܠܡܝܕܘܗܝ ܗܠܝܢ ܟܠܗܝܢ
Luke	Sinaiticus	18:08	)mr )n) lkwn dn(bd tb(thwn b(gl brm n)t) ky brh d)n$) n$kx hymnwt) (l )r(),	ܚܙܘ ܡܢܐ ܫܡܥܬܘܢ܂ ܡܢ ܕܐܝܬ ܠܗ ܓܝܪ ܢܬܝܗܒ ܠܗ ܘܡܢ ܕܠܝܬ ܠܗ ܐܦ ܗܘ ܡܕܡ ܕܣܒܪ ܕܐܝܬ ܠܗ ܢܫܬܩܠ ܡܢܗ܀
Luke	Sinaiticus	18:09	w)mr hw) mtl) hn) lqbl )n$) dtkylyn (l np$hwn, dzdyqyn )nwn wbsyn hww (l sgy))	ܘܟܕ ܡܨܠܐ ܗܘܐ ܒܠܚܘܕܘܗܝ ܘܬܠܡܝܕܘܗܝ ܥܡܗ ܫܐܠ ܐܢܘܢ ܘܐܡܪ ܡܢܐ ܐܡܪܝܢ ܟܢܫܐ ܥܠܝ ܕܐܝܬܝ
Luke	Sinaiticus	18:10	tryn )n$yn slqw lhykl) lmclyw xd pry$) w)xrn) mks)	ܐܡܪ ܠܗܘܢ ܚܙܐ ܗܘܝܬ ܠܣܛܢܐ ܕܢܦܠ ܐܝܟ ܒܪܩܐ ܡܢ ܫܡܝܐ
Luke	Sinaiticus	18:11	hw pry$) q)m bynwhy lnp$h mcl) mwdn) lk )lh) dl) hwyt )yk $rk) d)n$) x:Twp) )w (lw:b) )w gyr) wl) )yk hn) mks)	ܘܐܢ ܣܛܢܐ ܥܠ ܢܦܫܗ ܢܬܦܠܓ ܐܝܟܢܐ ܬܩܘܡ ܡܠܟܘܬܗ ܕܐܡܪܝܢ ܐܢܬܘܢ ܕܒܒܥܠܙܒܘܒ ܡܦܩ ܐܢܐ ܫܐܕܐ
Luke	Sinaiticus	18:12	)l) c)m )n) tryn b$bt) wm(sr )n) klmdm dqn) )n),	ܐܠܐ ܘܠܐ ܠܝ ܕܐܣܬܘܪ ܒܝܬ ܩܦܣܝ ܘܐܒܢܐ ܘܐܘܪܒ ܐܢܘܢ ܘܐܟܢܫ ܒܗܘܢ ܥܠܠܬܝ܂
Luke	Sinaiticus	18:13	hw dyn mks) q)m hw) mn rwxq) wl) cb) hw) d)pl) (yn:why nrym l$my), )l) Trp hw) (l xdyh, w)mr )lh) )trxm (ly xTy)	ܐܡܪ ܗܘܐ ܠܡܢܐ ܕܡܝܐ ܡܠܟܘܬܐ ܕܐܠܗܐ ܘܠܡܢܐ ܐܕܡܝܗ
Luke	Sinaiticus	18:15	wqrbw hww lh )p ylw:d) dnsym )ydh (lyhwn wk)w bhwn tlm:ydwhy,	ܐܠܐ ܐܩܘܡ ܐܙܠ ܠܘܬ ܐܒܝ ܘܐܡܪ ܠܗ ܐܒܝ ܚܛܝܬ ܒܫܡܝܐ ܘܩܕܡܝܟ
Luke	Sinaiticus	18:16	)mr lhwn y$w( $bwqw T:ly) )tyn lwty wl) tklwn )nwn, d)ylyn gyr d)yk hlyn )nwn dylhwn hy mlkwt) d$my)	ܟܘܠ ܐܢܫ ܕܢܫܪܐ ܐܢܬܬܗ ܘܢܣܒ ܐܚܪܬܐ ܡܓܪ ܓܐܪ ܘܗܘ ܕܢܣܒ ܫܒܝܩܬܐ ܡܓܐܪ ܓܐܪ܀
Luke	Sinaiticus	18:17	)myn )mrn) lkwn dmn dl) mqbl mlkwt) d$my) )yk Tly) l) n(wl lh%	ܚܕ ܡܢܗܘܢ ܠܐ ܗܦܟ ܠܡܬܠ ܬܫܒܘܚܬܐ ܠܐܠܗܐ ܐܠܐ ܗܢܐ ܕܡܢ ܥܡܐ ܗܘ ܢܘܟܪܝܐ
Luke	Sinaiticus	18:18	w$)lh hw) xd mn r:$) w)mr lh mlpn) Tb) mn) )(bd d)rt xy:) dl(lm	ܘܫܐܠܗ ܗܘܐ ܚܕ ܡܢ ܪ̈ܫܐ ܘܐܡܪ ܠܗ ܡܠܦܢܐ ܛܒܐ ܡܢܐ ܐܥܒܕ ܕܐܪܬ ܚܝ̈ܐ ܕܠܥܠܡ
Luke	Sinaiticus	18:19	)mr lh y$w( mn) qr) )nt ly Tb) lyt Tb) )l) )n xd )lh),	ܘܐܬܐ ܐܚܪܢܐ ܘܐܡܪ ܠܗ ܡܪܝ ܡܢܝܟ ܚܡܫܐ ܡܢܝܢ ܥܒܕ
Luke	Sinaiticus	18:20	pwqdn) dyn yd( )nt lhwn l) tqTwl wl) tgwr l) tgnwb wl) tshd shdwt) d$wqr) yqr l)bwk wl)mk	ܟܠ ܐܢܫ ܓܝܪ ܕܢܦܠ ܥܠ ܗܝ ܟܦܐ ܢܬܬܪܥ ܘܟܠ ܡܢ ܕܬܦܠ ܥܠܘܗܝ ܬܫܚܩܝܗܝ
Luke	Sinaiticus	18:21	)mr hlyn h) mn dTl) )n) nTrt )nyn	ܘܡܢܬܐ ܚܕܐ ܡܢ ܣܥܪܐ ܕܪܝܫܟܘܢ ܠܐ ܬܐܒܕ
Luke	Sinaiticus	18:22	kd $m( y$w( )mr lh xd) twb xsyr) lk zbnn kwl mdm d)yt lk whb lmskn), wthw) lk symt) b$my), wt) btry,	ܐܡܪܢܐ ܠܟܘܢ ܓܝܪ ܕܡܢ ܗܫܐ ܠܐ ܐܫܬܐ ܡܢ ܦܐܪܐ ܗܢܐ ܥܕܡܐ ܕܬܐܬܐ ܡܠܟܘܬܗ ܕܐܠܗܐ܂
Luke	Sinaiticus	18:23	hw dyn kd $m( hlyn, kryt lh Tb, (tyr hw) gyr Tb,	ܘܝܗܒܘ ܟܠܗ ܥܡܐ ܩܠܐ ܘܐܡܪܝܢ ܫܩܘܠܝܗܝ ܠܗܢܐ ܘܫܪܝ ܠܒܪ ܐܒܐ܂
Luke	Sinaiticus	18:24	kd xz) y$w( dkryt lh, )mr )ykn) (Tl) l)ylyn d)yt lhwn nks) dn(lwn lmlkwt) d)lh)	ܐܡܪ ܠܗ ܚܕ ܡܢܗܘܢ ܕܫܡܗ ܗܘܐ ܩܠܝܘܦܐ ܐܢܬ ܗܘ ܟܝ ܢܘܟܪܝܐ ܡܢ ܐܘܪܫܠܡ ܕܡܕܡ ܕܗܘܐ ܒܗ ܠܐ ܚܟܡܬ܂
Luke	Sinaiticus	18:25	dlyl) hy gr lgml) dn(br bxrwr) dmxT) )w (tyr) lmlkwth d)lh)	
Luke	Sinaiticus	18:26	w)mryn hww )ylyn d$m(w mnw m$kx lmx),	
Luke	Sinaiticus	18:27	)mr lhwn )ylyn dlwt bn:y )n$) l) m$kxn lmhw) lwt )lh) m$kxn dnhwyn	
Luke	Sinaiticus	18:28	)mr lh k)p) h) )nxnn $bqn kwl mdm d)yt ln w)tyn btrk	
Luke	Sinaiticus	18:29	)mr lh y$w( )myn )mrn) lk dlyt d$bq byt) )w )bh:) )w )x) )w )ntt) )w bn:y) mTl mlkwt) d)lh)	
Luke	Sinaiticus	18:30	dl) nsb xd bm)) bhn) zbn) wb(lm) d(tyd n)rt xy) dl(lm	
Luke	Sinaiticus	18:32	m$tlm gyr l(mm) wnbzxwn bh wnc(rwnh wnrqwn b):pwhy	
Luke	Sinaiticus	18:33	wnngdwnh wnqTlwnh wlywm) dtlt) nqwm	
Luke	Sinaiticus	18:34	whnwn xd) mn hlyn l) )stklw )l) mksy) hwt mnhwn mlt) wl) )$twd(w )ylyn d)tmll (mhwn	
Luke	Sinaiticus	18:35	wkd qryb hw) dyn l)yryxw gbr) xd smy) ytb hw) (l yd )wrx) wxdr	
Luke	Sinaiticus	18:36	wkd $m( ql kn$) d(br m$)l hw) dmnw hn)	
Luke	Sinaiticus	18:37	)mryn lh y$w( ncry) (br	
Luke	Sinaiticus	18:38	wq() w)mr y$w( brh ddwyd )trxm (ly	
Luke	Sinaiticus	18:39	w)ylyn d)zlyn hww qdmwhy dy$w( k)yn hww bh dn$twq lh whw ytyr)yt q() hw) w)mr brh ddwyd )trxm (ly	
Luke	Sinaiticus	18:40	wqm hw y$w( wpqd dnytwnh wkd qrb lwth $)lh	
Luke	Sinaiticus	18:41	w)mr lh mn) cb) )nt d)(bd lk )mr lh mry d)xz)	
Luke	Sinaiticus	18:42	)mr lh y$w( xzy hymnwtk )xytk	
Luke	Sinaiticus	18:43	wbr$(th xz) w)t) hw) btrh wm$bx hw) l)lh) wklh (m) xz) wyhb $wbx) l)lh)%	
Luke	Sinaiticus	19:01	wkd (l w(br b)yryxw	
Luke	Sinaiticus	19:02	wgbr) xd d$mh hw) zky wrb mks) hw) w(tyr hw)	ܡܪܝܡ ܕܝܢ ܟܠ ܡܕܡ ܣܝܡܐ ܗܘܬ ܒܠܒܗ ܘܡܦܚܡܐ ܗܘܬ ܒܪܥܝܢܗ
Luke	Sinaiticus	19:03	wcb) hw) lmxzyh ly$w( mnw wl) m$kx hw) mTl kn$) mTl dbqwmth z(wr hw)	ܗܪܘܕܣ ܕܝܢ ܛܝܛܪܟܐ ܡܛܠ ܕܡܟܣ ܗܘܐ ܠܗ ܝܘܚܢܢ ܡܛܘܠ ܗܪܘܕܝܐ ܐܢܬܬܗ ܕܐܚܘܗܝ ܕܗܪܘܕܣ܂ ܘܥܠ ܟܘ̈ܠܗܝܢ ܒܝܫ̈ܬܐ ܐܝܠܝܢ ܕܥܒܕ ܗܘܐ
Luke	Sinaiticus	19:05	wkd xzyhy )mr lh )strhb xwt zky ywmn) gyr bbytk wl) ly d)hw)	ܘܠܐ ܐܫܟܚܘ ܕܢܥܠܘܢܝܗܝ ܡܛܠ ܥܡܐ ܣܠܩܘ ܠܗܘܢ ܠܐܓܪܐ ܘܫܒܘܗܝ ܥܡ ܥܪܣܗ ܠܡܨܥܬܐ ܩܕܡܘܗܝ ܕܝܫܘܥ
Luke	Sinaiticus	19:06	w)strhb nxt zky wqblh xdy)yt,	ܟܘܠܗ ܨܒܐ ܗܘܐ ܠܡܬܩܪܒܘ ܠܗ ܚܝܠܐ ܓܝܪ ܢܦܩ ܗܘܐ ܡܢܗ ܘܠܟܠܗܘܢ ܡܐܣܐ ܗܘܐ
Luke	Sinaiticus	19:07	wkd xzw hww rTnyn hww w)mryn dlwt gbr) xTy) (l dn$r)	ܘܩܪܐ ܝܘܚܢܢ ܠܬܪܝܢ ܡܢ ܬܠܡ̈ܝܕܘܗܝ ܘܫܕܪ ܠܘܬ ܝܫܘܥ ܘܐܡܪ ܐܢܬ ܗܘ ܕܐܬܐ ܐܘ ܠܐܚܪܢ ܗܘ ܡܣܟܝܢ ܐܢܚܢܢ܂
Luke	Sinaiticus	19:08	wqm zky w)mr ly$w( h) mry plgwt nks:y yhbn) lmskn), wkl dglzt xd b)rb() pr(n),	ܘܐܬܘ ܠܘܬܗ ܐܡܗ ܘܐܚܘ̈ܗܝ ܘܠܐ ܡܫܟܚܝܢ ܗܘܘ ܕܢܚܙܘܢ ܘܩܘܝܢ ܡܛܠ ܟܢܫܐ
Luke	Sinaiticus	19:09	)mr lh y$w( ywmn) hww xy) bbyt) hn) mTl d)p hn) brh hw d)brhm	ܘܐܡܪܝܢ ܠܗ ܐܝܬ ܕܐܡܪܝܢ ܕܝܘܚܢܢ ܗܘ ‍{‍ܒ‍}‍‍<‍ܡ‍>‍ܥܡܕܢܐ ܐܚܪܢܐ ܐܡܪܝܢ ܕܐܠܝܐ ܗܘ
Luke	Sinaiticus	19:10	wd)t) brh d)n$) dnb() wnx) mdm d)bd%	ܗܐ ܝܗܒܢܐ ܠܟܘܢ ܫܘܠܛܢܐ ܕܬܗܘܘܢ ܕܝܫܝܢ ܚܘܘ̈ܬܐ ܘܥܩܪ̈ܒܐ ܘܐܦ ܚܝܠܗ ܕܒܥܠܕܒܒܐ ܘܡܕܡ ܠܐ ܢܗܪܟܘܢ
Luke	Sinaiticus	19:11	wkd $m(yn hww hlyn )wsp lm)mr mtl), mTl dqryb hw) l)wr$lm wsbryn hww db$(t) hy (tyd) hwt dttgl) mlkwth d)lh)	ܘܐܢ ܒܒܥܠܙܒܘܒ ܡܦܩ ܐܢܐ ܪ̈ܘܚܐ ܛܢܦܬܐ ܡܢ ܒܢ̈ܝܟܘܢ ܒܢ̈ܝܟܘܢ ܒܡܢܐ ܡܦܩܝܢ ܠܗܘܢ ܡܛܠ ܗܢܐ ܗܢܘܢ ܢܗܘܘܢ ܠܟܘܢ ܕܝܢܐ
Luke	Sinaiticus	19:12	)mr lhwn gbr) xd dbr Twhm) rb), )zl l)tr) rxyq) lmsb mlkwt) wlmhpk	ܘܐܡܪ ܠܢܦܫܝ ܕܗܐ ܛܒ̈ܬܐ ܣܓܝܐܬܐ ܚܡܝܠܢ ܠܟܝ ܠܫ̈ܢܝܐ ܣܓܝܐܬܐ ܐܬܢܝܚܝ ܘܠܥܣܝ ܘܐܫܬܝ ܘܐܬܒܣܡܝ
Luke	Sinaiticus	19:13	wqr) (sr) (b:dwhy wyhb lhwn (sr:) mn:yn w)mr lhwn )thpkw bhwn (d )tn)	ܕܡܝܐ ܠܦܪܕܬܐ ܕܚܪܕܠܐ ܕܢܣܒ ܓܒܪܐ ܐܪܡܝܗ ܒܓܢܬܗ ܘܪܒܬ ܘܗܘܬ ܐܝܠܢܐ ܘܐܩܢܬ ܦܪܚܬܐ ܕܫܡܝܐ ܒܣܘܟܝܗ
Luke	Sinaiticus	19:14	wbny mdynt) snyn hww lh w$drw )yzgd) btrh w)mryn lh l) cbyn xnn dnmlk (lyn hn)	ܘܐܚܪܢܐ ܐܡܪ ܚܡܫܐ ܙܘܓ̈ܝܢ ܬܘܪܐ ܙܒܢܬ ܘܐܙܠܢܐ ܕܐܒܩܐ ܐܢܘܢ ܒܥܢܐ ܡܢܟ ܐܫܐܠܝܢܝ܂
Luke	Sinaiticus	19:15	whpk )mr dnqrwn lh hnwn (bdwhy dyhb hw) lhwn ksp) dnd( mn) )ttgrw	ܘܠܐ ܫܘܢܐ ܡܟܝܠ ܕܒܪܟ ܐܬܩܪܐ ܥܒܕܝܢܝ ܐܝܟ ܚܕ ܡܢ ܐܓܝܪ̈ܝܟ܂
Luke	Sinaiticus	19:16	w)t) qdmy) w)mr mry mnyk (sr:) mnyn )wtr,	ܓܒܪܐ ܚܕ ܕܥܬܝܪܐ ܐܝܬ ܗܘܐ ܡܬܠܒܫ ܗܘܐ ܐܪܓܘܢܐ ܘܢܚܬܐ ܛܒܐ ܘܟܠܝܘܡ ܡܬܒܣܡ ܗܘܐ
Luke	Sinaiticus	19:17	)mr lh )w (bd) Tb), dbqlyl )$tkxt mhymn thw) $lyT (l (sr:) kr:kyn,	ܐܡܪ ܠܗ ܙܠ ܗܝܡܢܘܬܟ ܐܚܝܬܟ܀
Luke	Sinaiticus	19:18	w)t) )xrn) w)mr lh mry mnyk xm$) mnyn (bd	ܐܡܪ ܠܗ ܝܫܘܥ ܡܢܐ ܩܪܐ ܐܢܬ ܠܝ ܛܒܐ ܠܝܬ ܛܒܐ ܐܠܐ ܐܢ ܚܕ ܐܠܗܐ܂
Luke	Sinaiticus	19:19	)mr lh )p lh )p )nt thw) $lyT (l xm$) kr:kyn	ܐܡܪ ܠܗ ܐܦ ܠܗ ܐܦ ܐܢܬ ܬܗܘܐ ܫܠܝܛ ܥܠ ܚܡܫܐ ܟܪ̈ܟܝܢ
Luke	Sinaiticus	19:20	w)t) hw )xrn) w)mr mry h) mnyk hw d)yt hw) lwty kd sym bsdwn)	ܘܒܥܘ ܗܘܘ ܪ̈ܒܝ ܟܗܢ̈ܐ ܘܣܦܪ̈ܐ ܕܢܪܡܘܢ ܥܠܘܗܝ ܐܝܕܝܐ ܒܗ ܒܗܝ ܫܥܬܐ ܘܕܚܠܘ ܗܘܘ ܡܢ ܥܡܐ
Luke	Sinaiticus	19:21	dxlt gyr mnk dgbr) )nt q$y) d$ql )nt mdm dl) smt wxcd )nt mdm dl) zr(t	ܒܡܣܝܒܪܢܘܬܐ ܓܝܪ ܬܩܢܘܢ ܢܦܫܬܟܘܢ
Luke	Sinaiticus	19:22	)mr lh mn pwmk )dwnk (bd) dl) mhymn, yd( hwyt ly dgbr) )n) q$y) w$ql )n) mdm dl) smt wxcdn) mdm dl) zr(t	ܘܢܣܒ ܠܚܡܐ ܘܐܘܕܝ ܥܠܘܗܝ܂ ܘܩܨܐ ܘܝܗܒ ܠܗܘܢ܂ ܘܐܡܪ ܕܗܢܘ ܦܓܪܝ ܕܥܠ ܐܦ̈ܝܟܘܢ ܝܗܒܢܐ ܗܟܢܐ ܗܘܝܬܘܢ ܥܒܕܝܢ ܠܕܘܟܪܢܝ
Luke	Sinaiticus	19:24	w)mr lhnwn dqymyn lwth sbw mnh mny) whbwhy lhw d)yt lwth (sr:) mn:yn	ܐܡܪ ܠܗܘܢ ܡܢܐ ܐܡܪܝܢ ܠܗ ܥܠ ܝܫܘܥ ܢܨܪܝܐ ܗܘ ܕܗܘܐ ܓܒܪܐ ܢܒܝܐ ܘܐܫܬܟܚ ܒܚܝܠܐ ܘܒܥܒܕܐ ܘܒܡܠܬܐ ܩܕܡ ܐܠܗܐ ܘܩܕܡ ܟܠܗ ܥܡܐ
Luke	Sinaiticus	19:26	)mrn) lkwn gyr dkl )n$ d)yt lh nttwsp lh, wmn dlyt lh )p hw mdm d)yt lh ntnsb mnh	
Luke	Sinaiticus	19:27	brm dyn )ytw lhrk) lhnwn b(ldb:by )ylyn dl) cbw d)hw) (lyhwn mlk) wqTlw )nwn qdmy	
Luke	Sinaiticus	19:28	wkd )mr hlyn npqw mn tmn wkd slq hw) l)wr$lm	
Luke	Sinaiticus	19:29	wmTy lbyt pg) wlbyt (ny), wmTy lwt Twr zyt), $dr tryn mn tlmydwhy	
Luke	Sinaiticus	19:30	w)mr lhwn zlw lqryt) hy dlqbln wkd (lyn )ntwn h) m$kxyn )ntwn (yl) kd )syr d)n$ l) rkb (lwhy $rw )ytwwhy lk)	
Luke	Sinaiticus	19:31	w)n )n$ m$)l lkwn lmn) $ryn )ntwn lh hkn) )mrw lh lmrh mtb()	
Luke	Sinaiticus	19:32	w)zlw )$kxw hkn) hnwn d)$tdrw )yk d)mr lhwn	
Luke	Sinaiticus	19:33	wkd $r:yn lh, l(yl)	
Luke	Sinaiticus	19:34	)mrw lhwn lmrh mtb(),	
Luke	Sinaiticus	19:35	w)ytyw l(yl) lwt y$w( w)rmyw (lwhy mrTwTyhwn w)rkbwhy ly$w( (lwhy	
Luke	Sinaiticus	19:36	wkd rd) hw) w)t) wprsyn hww mr:TwTyhwn b)rx)	
Luke	Sinaiticus	19:38	w)mr:yn hww bryk hw mlk) d)t) b$mh dmry), $lm) b$my) w$wbx) bmrwm),	
Luke	Sinaiticus	19:39	)mr:yn lh )n$) mn (m) mn byny hw kn$) mlpn) $pyr) k)y btlm:ydyk dl) nq(wn	
Luke	Sinaiticus	19:40	(n) w)mr lhwn )myn )mrn) lkwn d)n hlyn n$tqwn k)p:) nq(yn	
Luke	Sinaiticus	19:41	wkd qrb wxz) mdynt) bk) (lyh	
Luke	Sinaiticus	19:42	w)mr d)pn bhn) ywmn) dyn yd(ty $lmky )l) )tksy lh mn (ynyky	
Luke	Sinaiticus	19:43	n)twn dyn ywmt) dnxdrwnky b(ldbb:yky wn)lcwnky mn kwl dwk)	
Luke	Sinaiticus	19:45	wkd (l lhykl) $ry lmpqw l)ylyn dmzbnyn bh zbn)	
Luke	Sinaiticus	19:46	w)mr ktyb hw dbyty byt clwt) hw )ntwn (bdtwnyhy m(rt) dgys)	
Luke	Sinaiticus	19:47	wmlp hw) klywm bhykl) wrby khn) wspr) wr:$) d(m) b(yn hww lmwbdwth	
Luke	Sinaiticus	19:48	wl) m$kxyn hww mn) n(bdwn lh klh gyr (m) tl) hw) bh lm$m(h%	
Luke	Sinaiticus	20:01	whw) bxd mn ywmt) kd mlp hw) bhykl) l(m) wmsbr hw) wqmw (lwhy rby khn:) wspr:) wq$y:$)	
Luke	Sinaiticus	20:02	w)mr:yn lh b)yn) $wlTn) hlyn (bd )nt )w mnw yhb lk hn) $wlTn)	ܘܗܦܟܘ ܪ̈ܥܘܬܐ ܗܢܘܢ ܟܕ ܡܫܒܚܝܢ ܠܐܠܗܐ ܘܡܡܠܠܝܢ ܥܠ ܐܝܠܝܢ ܕܚܙܘ ܘܫܡܥܘ ܐܝܟܢܐ ܕܐܬܐܡܪ ܠܗܘܢ܀
Luke	Sinaiticus	20:03	(n) w)mr lhwn )p )n) )$)lkwn mlt), )mrw ly	ܐܘܣܦ ܗܘܐ ܗܪܘܕܣ ܐܦ ܗܕܐ ܥܠ ܟܘܠܗܝܢ܂ ܘܚܒܫܗ ܠܝܘܚܢܢ ܒܝܬ ܐܣܝܪ̈ܐ܀
Luke	Sinaiticus	20:04	m(mwdyth dywxnn mn $my) hy )w mn bny )n$)	ܘܟܪܟ ܣܦܪܐ ܘܝܗܒܗ ܠܡܫܡܫܢܐ ܘܝܬܒ ܘܟܠܗܘܢ ܒܗ ܚܝܪܝܢ ܗܘܘ
Luke	Sinaiticus	20:06	w)n n)mr dmn bny )n$) hy rgmyn ln klh gyr (m) mpsyn hww (l ywxnn dnby) hw	ܘܗܘ ܐܪܝܡ ܥܝܢ̈ܘܗܝ ܥܠ ܬܠܡ̈ܝܕܘܗܝ ܘܐܡܪ܀ ܛܘܒܝܗܘܢ ܠܡܣܟܢܐ ܕܕܝܠܗܘܢ ܗܝ ܡܠܟܘܬܐ ܕܫܡܝܐ܀
Luke	Sinaiticus	20:07	)mryn lh l) yd(yn )nxnn mn )ymk) hy	ܘܐܬܘ ܠܘܬܗ ܘܐܡܪܝܢ ܠܗ ܝܘܚܢܢ ܡܥܡܕܢܐ ܫܕܪܢ ܠܘܬܟ ܘܐܡܪ ܐܢܬ ܗܘ ܕܐܬܐ ܐܘ ܠܐܚܪܝܢ ܡܣܟܝܢ ܚܢܢ
Luke	Sinaiticus	20:08	)mr lhwn y$w( )pl) )n) )mr )n) lkwn b)yn) $wlTn) (bd )n) hlyn%	ܘܐܡܪܘ ܠܗ ܐܡܟ ܘܐܚ̈ܝܟ ܩܝܡܝܢ ܠܒܪ ܘܨܒܝܢ ܠܡܚܙܝܟ
Luke	Sinaiticus	20:09	w$ry dn)mr lhwn mtl) hn) gbr) xd ncb krm) w)xdrh syg) w)wxdh lplx) w(nd zbn) sgy))	ܐܡܪ ܠܗܘܢ ܡܢܐ ܐܢܬܘܢ ܐܡܪܝܢ ܕܐܝܬܝ ܥܢܐ ܫܡܥܘܢ ܟܐܦܐ ܘܐܡܪ ܠܗ ܐܢܬ ܗܘ ܡܫܝܚܐ
Luke	Sinaiticus	20:10	wbxd mn zbn) $dr (bdh lwt plx) dntlwn lh mn p)r) dkrm) wmxwwhy w$drwhy kd sryq	ܒܪܡ ܕܝܢ ܒܗܕܐ ܠܐ ܬܚܕܘܢ ܕܫܐܕܐ ܡܫܬܥܒܕܝܢ ܠܟܘܢ ܐܠܐ ܚܕܘ ܒܫܡܗܝܟܘܢ ܕܐܬܟܬܒܘ ܒܫܡܝܐ
Luke	Sinaiticus	20:11	w)wsp w$dr l(bdh )xrn) w)p lhw clpwhy	ܐܢ ܕܝܢ ܒܨܒܥܐ ܕܐܠܗܐ ܡܦܩ ܐܢܐ ܫܐܕܐ ܡܟܝܠ ܩܪܒܬ ܥܠܝܟܘܢ ܡܠܟܘܬܐ ܕܐܠܗܐ
Luke	Sinaiticus	20:13	)mr mr) krm) mn) )(bd )$dr lbry xbyby kbr ntkxdwn mnh	ܬܘܒ ܐܡܪ ܠܡܢܐ ܐܕܡܝܗ ܡܠܟܘܬܐ ܕܐܠܗܐ
Luke	Sinaiticus	20:14	kd xzwwhy dyn plx) mtx$byn hww w)mryn hnw yrt) tw nqTlywhy wthw) yrtwt) dyln	ܐܚܪܢܐ ܐܡܪ ܐܢܬܬܐ ܢܣܒܬ ܠܐ ܡܫܟܚܢܐ ܕܐܬܐ
Luke	Sinaiticus	20:15	w)pqwhy lbr mn krm) wqTlwhy mn) n(bd lhwn mr) krm),	ܘܩܡ ܐܬܐ ܠܘܬ ܐܒܘܗܝ ܘܥܕ ܗܘ ܪܚܝܩ ܚܙܝܗܝ ܐܒܘܗܝ ܘܐܬܪܚܡ ܥܠܘܗܝ ܘܪܗܛ ܢܦܠ ܥܠ ܨܘܪܗ ܘܢܫܩܗ
Luke	Sinaiticus	20:16	)mryn nwbd )nwn lplx) wntl krm) l)xr:n) kd $m(w hlyn yd(w gyr d(lyhwn )mr mtl) hn),	ܘܡܣܟܢܐ ܚܕ ܐܝܬ ܗܘܐ ܕܫܡܗ ܠܥܙܪ ܘܪܡܐ ܗܘܐ ܠܘܬ ܬܪܥܗ
Luke	Sinaiticus	20:18	kl )n$ gyr dnpl (l hy kp) nttr( wkl mn dtpl (lwhy t$xqyhy	ܦܘܩܕܢܐ ܕܝܢ ܝܕܥ ܐܢܬ ܠܗܘܢ ܠܐ ܬܩܛܘܠ ܘܠܐ ܬܓܘܪ ܠܐ ܬܓܢܘܒ ܘܠܐ ܬܣܗܕ ܣܗܕܘܬܐ ܕܫܘܩܪܐ ܝܩܪ ܠܐܒܘܟ ܘܠܐܡܟ
Luke	Sinaiticus	20:19	wb(w hww r:by khn:) wspr:) dnrmwn (lwhy )ydy) bh bhy $(t) wdxlw hww mn (m)	ܘܐܬܐ ܗܘ ܐܚܪܢܐ ܘܐܡܪ ܡܪܝ ܗܐ ܡܢܝܟ ܗܘ ܕܐܝܬ ܗܘܐ ܠܘܬܝ ܟܕ ܣܝܡ ܒܣܕܘܢܐ
Luke	Sinaiticus	20:20	wbtrkn $drw g$w$) dntdmwn bzdyq) dn)xdwnh bmlt) wn$lmwnh ldyn) wl$wlTn) dhgmn)	ܘܒܬܪܟܢ ܫܕܪܘ ܓܫܘܫܐ ܕܢܬܕܡܘܢ ܒܙܕܝܩܐ ܕܢܐܚܕܘܢܗ ܒܡܠܬܐ ܘܢܫܠܡܘܢܗ ܠܕܝܢܐ ܘܠܫܘܠܛܢܐ ܕܗܓܡܢܐ
Luke	Sinaiticus	20:21	w$)lwhy w)mr:yn lh mlpn) yd(yn )nxnn dtryc)yt mmll )nt wmlp )nt wl) nsb )nt b)p:) d)n$ )l) bqw$t) mlt) d)lh) mlp )nt	ܡܐ ܕܚܙܝܬܘܢ ܕܝܢ ܠܐܘܪܫܠܡ ܕܚܕܝܪ ܠܗ ܚܝܠܐ ܕܥܘ ܕܩܪܒ ܠܗ ܚܘܪܒܗ
Luke	Sinaiticus	20:22	$lyT ln lmtl ksp r$) lqsr )w l),	ܘܡܢ ܒܬܪ ܕܐܚܫܡܘ ܗܢܘ ܕܡܝ ܕܝܬܩܐ ܚܕܬܐ
Luke	Sinaiticus	20:23	whw )stkl by$wthwn w)mr lhwn mn) mnsyn )ntwn ly	ܘܬܘܒ ܩܪܐ ܐܢܘܢ ܦܝܠܛܘܣ ܘܐܡܪ ܠܗܘܢ܂ ܡܛܠ ܕܨܒܐ ܗܘܐ ܕܢܫܪܝܗܝ ܠܝܫܘܥ܂ ܕܠܡܢ ܨܒܝܢ ܐܢܬܘܢ ܕܐܫܪܐ ܠܟܘܢ
Luke	Sinaiticus	20:24	xwwnny dynr) clm) bktybt) dmnw )yt (lwhy wxwywhy w)mr:yn lh dqsr	ܘܐܫܠܡܘܗܝ ܪܒܝ ܟܗܢܐ ܘܩܫܝܫܐ ܠܕܝܢܐ ܕܡܘܬܐ ܘܙܩܦܘܗܝ
Luke	Sinaiticus	20:25	)mr lhwn hbw dqsr lqsr wd)lh) l)lh)	
Luke	Sinaiticus	20:26	wl) )$kxw mlth lm)xd qdm (m) w)tdmrw (l ptgmh w$tqw lhwn%	
Luke	Sinaiticus	20:27	wqrbw )n$) mn zdwq:y) hnwn d)mr:yn dlyt qymt) w$)lwhy	
Luke	Sinaiticus	20:28	w)mryn lh mlpn) mw$) ktb ln d)n nmwt )xwhy d)n$ wlyt lh bn:y) wn$bwq )ntt) nsb )ntth )xwhy dnqym zr() l)xwhy	
Luke	Sinaiticus	20:29	$wb:() )xyn )yt hww lwtn qdmy) nsb )ntt) wmyt dl) bnyn,	
Luke	Sinaiticus	20:31	w)p dtlt) nsbh, whkn) $b(tyhwn nsbwh wmytw kd l) $bqw bn:y)	
Luke	Sinaiticus	20:32	wmytt )p hy )ntt)	
Luke	Sinaiticus	20:33	bqymt) l)yn) mnhwn thw), h) gyr )ntt) l$b(:tyhwn hwt	
Luke	Sinaiticus	20:34	(n) y$w( w)mr bnw:hy d(lm) hn) yldyn wmwldyn wnsbyn n$) whwyn n$:) lgbr:)	
Luke	Sinaiticus	20:35	)ylyn dyn dlhw (lm) $ww wlhy qymt) dmn byt myt) l) n$:) hwyn lgbr:)	
Luke	Sinaiticus	20:36	)pl) lmmt m$kxyn )$twyw lhwn gyr (m ml):k) )yk bny) dqymt),	
Luke	Sinaiticus	20:37	(l myt) dyn dnqwmwn )p mw$) bdq kd mll )lh) (mh mn sny) w)mr mry) )lhh d)brhm w)lhh d)ysxq w)lhh dy(qwb	
Luke	Sinaiticus	20:38	wh) )lh) l) hw) dmyt:) )l) dx:y) klhwn gyr xy:yn )nwn lh,	
Luke	Sinaiticus	20:39	)mr:yn lh )n$) mn spr:), mlpn) $pyr )mrt,	
Luke	Sinaiticus	20:40	wtwb l) )mrxw lm$)lwth mdm%	
Luke	Sinaiticus	20:41	w)mr hw) lhwn )ykn) )mryn spr) (l m$yx) dbrh hw ddwyd	
Luke	Sinaiticus	20:42	whw dwyd )mr bktb) dmzmwrwhy d)mr mry) lmry dtb lk mn ymyny,	
Luke	Sinaiticus	20:43	(dm) d)sym b(ldbbyk kwb$) txyt r:glyk	
Luke	Sinaiticus	20:44	)n hkyl dwyd mry qr) lh )ykn) brh hw%	
Luke	Sinaiticus	20:45	wkd $m( hw) klh (m) )mr ltlm:ydwhy	
Luke	Sinaiticus	20:46	)zdhrw mn spr:) dcbyn lmhlkw b)sTw) wrxmyn $lm) b$wq:) wmwtb) myqr:) bknw$t) wry$ sm:k) b)x$:myt)	
Luke	Sinaiticus	20:47	w)klyn bt) d)r:mlt) b(lt) dmwr:kyn clwthwn hnwn nqblwn dyn) ytyr)%	
Luke	Sinaiticus	21:01	w)rym (ynwhy wxz) l(tyr) drmyn qr:bnyhwn byt gz)	
Luke	Sinaiticus	21:02	wxz) )p )ntt) xd) msknt) w)rmyt $mwn) tryn	ܘܟܕ ܡܠܘ ܬܡܢ̈ܝܐ ܝܘܡ̈ܝܢ ܐܬܓܙܪ ܛܠܝܐ ܘܐܬܩܪܝ ܫܡܗ ܝܫܘܥ ܐܝܟܢܐ ܕܐܬܐܡܪ ܡܢ ܡܠܐܟܐ ܡܢ ܩܕܡ ܕܢܬܒܛܢ ܒܟܪܣܐ
Luke	Sinaiticus	21:03	)mr bqw$t) )mrn) lkwn dhd) )rmlt) msknt) )rmyt ytyr mn kwlhwn	ܘܟܕ ܥܡܕ ܗܘܐ ܟܠܗ ܥܡܐ ܐܦ ܝܫܘܥ ܥܡܕ ܘܟܕ ܡܨܠܐ ܗܘܐ ܐܬܦܬܚܘ ܫܡܝܐ
Luke	Sinaiticus	21:04	hlyn gyr mn m) dytyr lhwn )rmyw byt qwrbn), hd) dyn mn m) dxsyr lh kl dqny) hwt )rmyth%	ܘܫܪܝ ܠܡܐܡܪ ܠܗܘܢ܂ ܝܘܡܢܐ ܐܫܬܠܡ ܟܬܒܐ ܗܢܐ ܒܐܕܢܝ̈ܟܘܢ
Luke	Sinaiticus	21:05	wkd )mrw )n$yn (l hykl) dbk):p) $pyr:t) wbqwr:bn) mcbt, )mr lhwn	ܘܣܦܪܐ ܘܦܪܝܫܐ ܡܬܚܫܒܝܢ ܗܘܘ ܘܐܡܪܝܢ ܡܢܘ ܗܢܐ ܕܡܡܠܠ ܓܘܕܦܐ ܡܢܘ ܡܫܟܚ ܠܡܫܒܩ ܚܛܗܐ ܐܠܐ ܐܢ ܐܠܗܐ ܒܠܚܘܕ
Luke	Sinaiticus	21:06	xzyn )ntwn hlyn k:)p) n)twn ywm:t) dl) t$tbq bh k)p (l k)p dl) tsttr,	ܛܘܒܝ̈ܗܘܢ ܠܕܟܦܢܝܢ ܗܫܐ ܕܢܣܒܥܘܢ܀ ܛܘܒܝܗܘܢ ܠܕܒܟܝܢ ܗܫܐ ܕܢܓܚܟܘܢ܀
Luke	Sinaiticus	21:07	w$)lwhy w)mr:yn lh mlpn) )mty hlyn nhwyn wmn) )t) m) dm$ryn hlyn dnhwyn	ܘܒܗ ܒܫܥܬܐ ܣܓܝܐܐ ܐܣܝ ܡܢ ܟܘܪܗܢܐ ܘܡܢ ܡܚܘܬܐ ܘܡܢ ܪܘܚܐ ܒܝܫܬܐ ܘܠܣ̈ܓܝܐܐ ܣܡ̈ܝܐ ܝܗܒ ܗܘܐ ܕܢܚܙܘܢ
Luke	Sinaiticus	21:08	hw dyn )mr lhwn xzw dlm) tT(wn sgy)) gyr n)twn b$my wn)mrwn d)n) )n), wzbn) qrb l) t)zlwn btrhwn,	ܗܘ ܕܝܢ ܥܢܐ ܘܐܡܪ ܠܗܘܢ ܐܡܝ ܘܐܚ̈ܝ ܗܠܝܢ ܐܢܘܢ ܐܝܠܝܢ ܕܫܡܥܝܢ ܡܠܬܐ ܕܐܠܗܐ ܘܥܒܕܝܢ܂
Luke	Sinaiticus	21:09	wm) d$m(yn )ntwn qrb) w$gw$y) l) tdxlwn (tydn )nyn gyr lwqdm hlyn lmhw) )l) l) (dkyl mTt xrt),	ܘܟܐܐ ܒܗܘܢ ܘܦܩܕ ܐܢܘܢ ܕܗܕܐ ܠܐܢܫ ܠܐ ܢܐܡܪܘܢ
Luke	Sinaiticus	21:10	nqwm gyr (m) (l (m) wmlkw (l mlkw,	ܘܒܗ ܒܫܥܬܐ ܐܪܘܙ ܒܪܘܚܐ ܕܩܘܕܫܐ ܘܐܡܪ ܡܘܕܐ ܐܢܐ ܠܟ ܐܒܐ ܡܪܗ ܕܫܡܝܐ ܘܕܐܪܥܐ ܕܟܣܝܬ ܗܠܝܢ ܡܢ ܚܟܝܡܐ ܘܡܢ ܣܟܘܠܬܢܐ ܘܓܠܝܬ ܐܢܝܢ ܠܛܠܝܐ ܐܝܢ ܐܒܝ ܕܗܟܢܐ ܗܘܐ ܨܒܝܢܐ ܩܕܡܝܟ
Luke	Sinaiticus	21:11	wzw(:) rwr:b) bdwk) dwk) wmwtn) bdwk) dwk) wkp:n) wnhwyn dx:lt) mn $my) wntxzyn )tw:t) rwrbt)	ܐܡܬܝ ܕܝܢ ܕܚܣܝܢܐ ܟܕ ܡܙܝܢ ܢܛܪ ܕܪܬܗ ܒܫܝܢܐ ܗܘ ܩܢܝܢܗ
Luke	Sinaiticus	21:12	qdm hlyn dyn klhyn nrmwn (lykwn )yd:y) wnrdpwnkwn wn$lmwnkwn lknw:$t) wlbyt )syr:) wnqrbwnkwn qdm mlk) whgmwn) mTl $my	ܗܟܢܐ ܡܢ ܕܣܐܡ ܠܗ ܣܝܡ̈ܬܐ ܘܒܐܠܗܐ ܠܐ ܥܬܝܪ܀
Luke	Sinaiticus	21:13	thw) lkwn dyn shdwt)	ܕܡܝܐ ܠܚܡܝܪܐ ܕܢܣܒܬ ܐܢܬܬܐ ܘܛܡܪܬ ܒܬܠܬ ܣܐܝܢ ܩܡܚܐ ܥܕܡܐ ܕܟܠܗ ܢܚܡܥ
Luke	Sinaiticus	21:14	wsymw blb:ykwn dl) hwytwn mtylpyn lmpq rwx)	ܘܐܬܐ ܗܘ ܥܒܕܐ ܐܡܪ ܗܠܝܢ ܠܡܪܗ ܗܝܕܝܢ ܪܓܙ ܗܘ ܡܪܐ ܒܝܬܐ ܘܐܡܪ ܠܥܒܕܗ ܕܦܘܩ ܒܥܓܠ ܠܫܘܩ̈ܐ ܘܠܫܩܩܐ ܕܡܕܝܢܬܐ ܘܐܥܠ ܠܟܐ ܠܡܣ̈ܟܢܐ ܘܠܡܣ̈ܠܝܐ ܘܠܡܚܓܪܐ ܘܠܡܟܐ̈ܒܐ ܘܠܡܥܘܪܐ
Luke	Sinaiticus	21:15	)n) gyr )tl lkwn pwm) wxkmt) )yd) dl) m$kxyn dnqwmwn lqwblkwn klhwn b(ldbb:ykwn	ܘܐܡܪ ܠܗ ܒܪܗ ܐܒܝ ܚܛܝܬ ܒܫܡܝܐ ܘܩܕܡܝܟ ܡܟܝܠ ܠܐ ܫܘܐ ܐܢܐ ܕܒܪܟ ܐܬܩܪܐ
Luke	Sinaiticus	21:16	n$lmwnkwn gyr )xykwn w)n$ykwn w)xynykwn wr:xmykwn wnmytwn mnkwn	ܘܡܬܪܓܪܓ ܗܘܐ ܕܢܡܠܐ ܟܪܣܗ ܡܢ ܡܕܡ ܕܢܦܠ ܗܘܐ ܡܢ ܦܬܘܪܗ ܕܗܘ ܥܬܝܪܐ ܘܐܦ ܟܠܒ̈ܐ ܐܬܝܢ ܗܘܘ ܡܠܚܟܝܢ ܫܚ̈ܢܘܗܝ
Luke	Sinaiticus	21:17	wthwwn sny)yn mn kl)n$ mTwl $my	ܘܠܐ ܐܡܪܝܢ ܗܪܟܐ ܗܝ ܐܘ ܗܪܬܡܢ ܗܝ ܗܐ ܓܝܪ ܡܠܟܘܬܗ ܕܐܠܗܐ ܒܝܢܬܟܘܢ܂
Luke	Sinaiticus	21:18	wmnt) xd) mn s(r) dry$kwn l) t)bd	ܐܡܪ ܗܠܝܢ ܗܐ ܡܢ ܕܛܠܐ ܐܢܐ ܢܛܪܬ ܐܢܝܢ
Luke	Sinaiticus	21:20	m) dxzytwn dyn l)wr$lm dxdyr lh xyl) d(w dqrb lh xwrbh	ܘܫܐܠܘܗܝ ܘܐܡܪ̈ܝܢ ܠܗ ܡܠܦܢܐ ܝܕܥܝܢ ܐܢܚܢܢ ܕܬܪܝܨܐܝܬ ܡܡܠܠ ܐܢܬ ܘܡܠܦ ܐܢܬ ܘܠܐ ܢܣܒ ܐܢܬ ܒܐܦ̈ܐ ܕܐܢܫ ܐܠܐ ܒܩܘܫܬܐ ܡܠܬܐ ܕܐܠܗܐ ܡܠܦ ܐܢܬ
Luke	Sinaiticus	21:21	w)ylyn dbyhwd )nwn n(rqwn lTwr) wdbgwh npqwn mnh w)ylyn dbqwr:y) l) n(lwn lh	ܘܐܝܠܝܢ ܕܒܝܗܘܕ ܐܢܘܢ ܢܥܪܩܘܢ ܠܛܘܪܐ ܘܕܒܓܘܗ ܢܦܩܘܢ ܡܢܗ ܘܐܝܠܝܢ ܕܒܩܘܪ̈ܝܐ ܠܐ ܢܥܠܘܢ ܠܗ
Luke	Sinaiticus	21:22	mTl dywm:t) )nwn dtb(t) dn$lm kl mdm dktyb%	ܒܪܡ ܕܝܢ ܗܐ ܐܝܕܗ ܕܡܫܠܡܢܝ ܥܡܝ ܥܠ ܦܬܘܪܐ
Luke	Sinaiticus	21:23	wy dyn l)ylyn dbTnn wl)ylyn dmynqn bywmt) hnwn, nhw) gyr )wlcn) rb) wrwgz) (l (m) hn),	ܗܢܘܢ ܕܝܢ ܩܥ̈ܝܢ ܗܘܘ ܙܩܦܘܗܝ ܙܩܦܝܗܝ
Luke	Sinaiticus	21:24	wnplwn bpwm) dxw.rb) wn$tbwn lkl )tr w)wr$lm thw) mtdy$) mn klhwn (mm:) (dm) dn$tlmwn zbn) d(mm)	ܘܐܢܚܢܢ ܣܒܪܝܢ ܗܘܝܢ ܕܗܘܝܘ ܥܬܝܕ ܗܘܐ ܕܢܦܪܩܝܗܝ ܠܐܝܣܪܝܠ ܘܗܐ ܬܠܬܐ ܝܘܡܝܢ ܗܐ ܡܢ ܕܗܠܝܢ ܟܠܗܝܢ ܗܘܝ
Luke	Sinaiticus	21:26	wzw() wnpqn np$t) dbny )n$) mn dxlt) dmdm d(tyd lm)t) (l )r() wnzw(wn xyl): d$my)	
Luke	Sinaiticus	21:27	whydyn nxzwnh lbrh d)n$) kd )t) b(nn) bxyl) sgy)) wb$wbx)	
Luke	Sinaiticus	21:28	m) d$ry dyn hlyn dnhwyn )dyqw w)rymw r$ykwn mTl dqrb lh pwrqnkwn%	
Luke	Sinaiticus	21:29	w)mr hw) lhwn mtl) hn) xzw ltt) wlklhwn )y:ln)	
Luke	Sinaiticus	21:30	dm) d$ryw pr(yn wyhbyn p)ryhwn mstklyn )ntwn dqrb lh qyT)	
Luke	Sinaiticus	21:31	hkn) )p )ntwn m) dxzytwn hlyn dhwyn d(w dqryb) hy mlkwt) d$my)	
Luke	Sinaiticus	21:32	)myn )mrn) lkwn dl) t(br $rbt) hd) (dm) dhlyn k:lhyn nhwyn	
Luke	Sinaiticus	21:33	$my) w)r() n(brwn wmly l) n(brn%	
Luke	Sinaiticus	21:35	)yk px) gyr n)t) (l klhwn )ylyn d(l ):pyh d)r()	
Luke	Sinaiticus	21:36	$hrw hkyl bklzbn wthwwn b(yn dt$wwn lm(rq mn hlyn d(tydn lmhw) wdtqwmwn qdm brh d)n$)	
Luke	Sinaiticus	21:38	wkwlh (m) mqdmyn hww lwth lhykl) dn$m(wnh	
Luke	Sinaiticus	22:01	wqrb hw) (d(d) dpTyr) dmtqr) pcx)	
Luke	Sinaiticus	22:02	wb(yn hww r:by khn) wspr:) )ykn) nqTlwnyhy, dxlyn hww gyr mn (m),	ܘܫܠܡܘ ܝܘܡ̈ܬܐ ܕܬܕܟܝܬܗ ܐܝܟܢܐ ܕܟܬܝܒ ܒܢܡܘܣܐ ܕܡܘܫܐ ܗܝܕܝܢ ܐܣܩܘܗܝ ܠܐܘܪܫܠܡ ܕܢܩܝܡܘܢܗ ܩܕܡ ܡܪܝܐ
Luke	Sinaiticus	22:03	(l hw) dyn sTn) byhwd) dmtqr) skrywT) d)ytwhy hw) mn mnyn) dtr(sr	ܘܢܚܬܬ ܥܠܘܗܝ ܪܘܚܐ ܕܩܘܕܫܐ ܒܕܡܘܬ ܓܘܫܡܐ ܕܝܘܢܐ ܘܩܠܐ ܐܫܬܡܥ ܡܢ ܫܡܝܐ ܐܢܬ ܗܘ ܒܪܝ ܘܚܒܝܒܝ ܕܒܟ ܐܨܛܒܝܬ܀
Luke	Sinaiticus	22:04	w)zl mll (m rby khn) wspr) )yk dn$lmywhy lhwn	ܘܣܗܕܝܢ ܗܘܘ ܠܗ ܟܠܗܘܢ ܘܡܬܕܡܪܝܢ ܗܘܘ ܒܡܠܐ ܦܐܝ̈ܬܐ ܕܢܦܩܢ ܗܘܝ ܡܢ ܦܘܡܗ܂ ܘܐܡܪܝܢ ܗܘܘ ܗܢܐ ܠܐ ܗܘܐ ܒܪܗ ܕܝܘܣܦ
Luke	Sinaiticus	22:05	wxdyw w)$twdyw dntlwn lh ksp)	ܝܫܘܥ ܕܝܢ ܝܕܥ ܡܚܫܒܬܗܘܢ ܥܢܐ ܘܐܡܪ ܠܗܘܢ ܡܢܐ ܡܬܚܫܒܝܢ ܐܢܬܘܢ ܒܠܒܘܬܟܘܢ
Luke	Sinaiticus	22:06	wb(yn hww lh pl() )ykn) dn$lmywhy lhwn bl(dy kn$)%	ܛܘܒܝܟܘܢ ܡܐ ܕܣܢܝܢ ܠܟܘܢ ܒܢܝ ܐܢܫܐ܂ ܘܡܦܪܫܝܢ ܠܟܘܢ܂ ܘܡܚܣܕܝܢ ܘܡܦܩܝܢ ܥܠܝܟܘܢ ܫܡܐ ܕܒܝܫ ܡܛܠ ܒܪܗ ܕܐܢܫܐ
Luke	Sinaiticus	22:07	wkd mTy ywm) dpcx) dbh )yt hw) (yd) dntnks pcx),	ܘܥܢܐ ܘܐܡܪ ܠܗܘܢ ܐܙܠܘ ܘܐܡܪܘ ܠܝܘܚܢܢ ܟܠܡܕܡ ܕܚܙܝܬܘܢ ܘܡܕܡ ܕܫܡܥܬܘܢ ܕܣܡܝܐ ܚܙܝܢ ܘܚ̈ܓܝܪܐ ܡܗܠܟܝܢ ܘܓܪ̈ܒܐ ܡܬܕܟܝܢ ܘܚܪ̈ܫܐ ܫܡܥܝܢ ܘܡܣܟܢܐ ܡܣܬܒܪܝܢ ܘܡܝ̈ܬܐ ܩܝܡܝܢ
Luke	Sinaiticus	22:08	$dr lk)p) wlywxnn w)mr lhwn zlw Tybw ln pcx) dnl(s	ܘܗܘܐ ܒܚܕ ܡܢ ܝܘܡ̈ܬܐ ܣܠܩ ܝܬܒ ܒܣܦܝܢܬܐ ܗܘ ܘܬܠܡܝܕܘܗܝ ܥܡܗ܂ ܘܐܡܪ ܠܗܘܢ ܢܥܒܪ ܠܗܘ ܥܒܪܐ ܕܝܡܬܐ
Luke	Sinaiticus	22:10	)mr lhwn h) m) d(lyn )ntwn lmdynt) pg( bkwn gbr) d$qyl grb) dmy), )zlw btrh	ܟܘܠ ܡܕܡ ܐܫܬܠܡ ܠܝ ܡܢ ܐܒܐ ܘܡܢܘ ܝܕܥ ܠܒܪܐ ܐܠܐ ܐܒܐ ܘܡܢܘ ܝܕܥ ܠܐܒܐ ܐܠܐ ܐܢ ܒܪܐ ܘܠܡܢ ܕܢܨܒܐ ܒܪܐ ܕܢܓܠܐ ܠܗ܂
Luke	Sinaiticus	22:11	lbyt) )yn) d()l, w)mrw lmrh dbyt) rbn )mr )ylk) hw byt m$ry) )yk) d)kwl pcx) )n) wtlm:ydy	ܐܢ ܕܝܢ ܢܐܬܐ ܡܢ ܕܚܣܝܢ ܡܢܗ ܘܢܙܟܝܘܗܝ ܘܢܫܩܘܠ ܙܝܢܗ ܗܘ ܕܬܟܝܠ ܗܘܐ ܥܠܘܗܝ ܘܐܦ ܬܚܠܘܨܗ ܡܦܠܓ ܠܗ
Luke	Sinaiticus	22:12	h) mxw) lkwn (lyt) xd) rbt) dm$wy) tmn Tybw ln,	ܘܐܡܪ ܠܬܠܡ̈ܝܕܘܗܝ ܡܛܠ ܗܢܐ ܐܡܪܢܐ ܠܟܘܢ ܠܐ ܬܐܨܦܘܢ ܕܢܦܫܐ ܡܢܐ ܬܐܟܠܘܢ ܘܐܦܠܐ ܕܦܓܪܐ ܡܢܐ ܬܠܒܫܘܢ܂
Luke	Sinaiticus	22:13	w)zlw w)$kxw )yk d)mr lhwn wTybw pcx),	ܘܪܕܐ ܗܘܐ ܒܩܘܪ̈ܝܐ ܘܒܡ̈ܕܝܢܬܐ ܘܡܠܦ ܗܘܐ܀ ܘܟܕ ܐܙܠ ܠܐܘܪܫܠܡ
Luke	Sinaiticus	22:14	wkd hwt $(t) )stmkw hw wtlm:ydwhy (mh	ܘܐܡܪ ܥܒܕܐ ܡܪܝ ܗܐ ܗܘܐ ܗܘ ܡܕܡ ܕܦܩܕܬ ܘܬܘܒ ܐܝܬ ܐܬܪܐ ܒܣܡܟܐ
Luke	Sinaiticus	22:15	)mr lhwn mrg rgt ly d)kwl (mkwn pcx), (dl) )x$,	ܐܡܪ ܐܒܘܗܝ ܠܥܒ̈ܕܘܗܝ܂ ܐܦܩܘ ܥܓܠ ܐܣܛܠܐ ܪܫܝܬܐ ܐܠܒܫܘܗܝ ܘܣܝܡܘ ܥܙܩܬܐ ܒܐܝܕܗ܂ ܘܐܣܐܢܘܗܝ ܡܣ̈ܢܐ
Luke	Sinaiticus	22:16	)mrn) lkwn gyr dmkyl l) )klywhy (dm) dt$tlm mlkwt) d)lh)	ܘܗܘܐ ܘܡܝܬ ܗܘ ܡܣܟܢܐ ܘܐܘܒܠܘܗܝ ܡܠܐܟܐ ܠܥܘܒܗ ܕܐܒܪܗܡ ܘܡܝܬ ܗܘ ܥܬܝܪܐ ܘܐܬܩܒܪ
Luke	Sinaiticus	22:19	wnsb lxm) w)wdy (lwhy, wqc) wyhb lhwn, w)mr dhnw pgry d(l )p:ykwn yhbn) hkn) hwytwn (bdyn ldwkrny	ܐܡܪ ܠܗ ܡܢ ܦܘܡܟ ܐܕܘܢܟ ܥܒܕܐ ܕܠܐ ܡܗܝܡܢ܂ ܝܕܥ ܗܘܝܬ ܠܝ ܕܓܒܪܐ ܐܢܐ ܩܫܝܐ ܘܫܩܠ ܐܢܐ ܡܕܡ ܕܠܐ ܣܡܬ ܘܚܨܕܢܐ ܡܕܡ ܕܠܐ ܙܪܥܬ
Luke	Sinaiticus	22:17	nsb ks) w)wdy (lwhy w)mr sbw hn) plgw byntkwn	ܘܐܡܪ ܗܘܐ ܠܬܠܡ̈ܝܕܘܗܝ ܢܐܬܘܢ ܝܘܡ̈ܬܐ ܕܬܬܪܓܪܓܘܢ ܕܬܚܙܘܢ ܚܕ ܡܢ ܝܘܡ̈ܬܗ ܕܒܪܗ ܕܐܢܫܐ ܘܠܐ ܬܚܙܘܢ܂
Luke	Sinaiticus	22:20	wmn btr d)x$mw hnw dmy dytq) xdt)	ܫܠܝܛ ܠܢ ܠܡܬܠ ܟܣܦ ܪܫܐ ܠܩܣܪ ܐܘ ܠܐ܂
Luke	Sinaiticus	22:18	)mrn) lkwn gyr dmn h$) l) )$t) mn p)r) hn) (dm) dt)t) mlkwth d)lh),	ܟܕ ܫܡܥ ܝܫܘܥ ܐܡܪ ܠܗ ܚܕܐ ܬܘܒ ܚܣܝܪܐ ܠܟ ܙܒܢܢ ܟܘܠ ܡܕܡ ܕܐܝܬ ܠܟ ܘܗܒ ܠܡܣܟܢܐ܂ ܘܬܗܘܐ ܠܟ ܣܝܡܬܐ ܒܫܡܝܐ܂ ܘܬܐ ܒܬܪܝ܂
Luke	Sinaiticus	22:21	brm dyn h) )ydh dm$lmny (my (l ptwr)	ܡܛܠ ܕܝܘܡ̈ܬܐ ܐܢܘܢ ܕܬܒܥܬܐ ܕܢܫܠܡ ܟܠ ܡܕܡ ܕܟܬܝܒ܀
Luke	Sinaiticus	22:23	w$ryw hww dn(qbwn byn:thwn dmnw hw ky dhd) (tyd lms(r%	ܗܘ ܕܝܢ ܕܬܠܬ ܙܒܢܝܢ ܐܡܪ ܠܗܘܢ ܡܢܐ ܓܝܪ ܕܒܝܫ ܥܒܕ ܗܢܐ܂ ܡܕܡ ܓܝܪ ܕܫܘܐ ܠܡܘܬܐ ܠܐ ܡܫܟܚ ܐܢܐ ܒܬܪܗ ܐܪܕܝܗܝ ܗܟܝܠ ܘܐܫܒܩܘܗܝ
Luke	Sinaiticus	22:24	whw) xryn) by:nthwn dmnw )yt bhwn drb	ܘܐܦ ܢܫܐ ܡܢܢ ܐܙܠ ܗܘܝ ܠܒܝܬ ܩܒܘܪܐ܂ ܐܬܪ ܕܣܝܡ ܗܘܐ܂
Luke	Sinaiticus	22:25	)mr lhwn m:lkyhwn d(mm:) mr:yhwn )nwn w)ylyn d$lyTyn )nwn wd$pyr (bdyn (bdy Tbt:) mtqryn,	
Luke	Sinaiticus	22:26	)ntwn dyn l) hkn) )l) )yn) drb bkwn nhw) )yk z(wr) w)yn) dr$) hw )yk m$m$n),	
Luke	Sinaiticus	22:27	mnw gyr rb dsmyk )w dm$m$ l) hw dsmyk )n) )yk m$m$n) byn:tkwn	
Luke	Sinaiticus	22:28	)ntwn dyn dktrtwn (my bns:ywny,	
Luke	Sinaiticus	22:29	w)n) m$twd) lkwn )yk d)$twdy ly )by mlkwt)	
Luke	Sinaiticus	22:30	dt)klwn wt$twn (my (l ptwr) dyly bmlkwty wttbwn (l tr(sr kwr:swn wtdwnwn tr(sr $b:T) dbyt )ysr)yl%	
Luke	Sinaiticus	22:31	$m(wn $m(wn h) sTn) b() dn(rblkwn )yk dlx:T)	
Luke	Sinaiticus	22:32	)n) dyn b(yt (lyk dl) txsr hymnwtk, w)p )nt bzbn )thpk w$rr l)xyk,	
Luke	Sinaiticus	22:33	)mr lh mry (mk mTyb )n), )p lbyt )syr), )p lmwt) lm)zl,	
Luke	Sinaiticus	22:34	)mr lh )mrn) lk k)p) d(dl) nqr) trngl) ywmn) t:lt zb:nyn tkpwr by dyd( )nt ly%	
Luke	Sinaiticus	22:35	)mr lhwn kd $drtkwn dl) kys) wdl) trml) wdl) msn:) dlm) mdm xsr lkwn, )mryn lh )pl) mdm	
Luke	Sinaiticus	22:36	)mr lhwn mn h$) d)yt lh kys) )w trml) n$qwl wmn dlyt lh nzbn nxth wnzbn lh syp)	
Luke	Sinaiticus	22:37	)mrn) lkwn gyr d)p hd) dktyb) d(tyd) dttml) by d(m (w:l) )tmny wmdm d(ly hw lm$lmw lh	
Luke	Sinaiticus	22:38	whnwn )mr:yn lh ly$w( h) hrk) )yt tr:yn sy:pyn, )mr lhwn spqyn lkwn%	
Luke	Sinaiticus	22:39	wnpq hw) w)zl )yk dm(d hw) lTwr) dmtqr) dbyt zyt) wtlmydwhy (mh	
Luke	Sinaiticus	22:40	wkd mTy lh ldwkt) )mr lhwn clw dl) t(lwn lnsywn),	
Luke	Sinaiticus	22:41	wprq mnhwn )yk m$d) bk)p), wsm bwrkwhy wmcl) hw)	
Luke	Sinaiticus	22:42	w)mr )b) )n cb) )nt n(brny ks) hn), )l) l) cbyny dyly nhw) )l) )n dylk,	
Luke	Sinaiticus	22:45	wqm mn clwth w)t) lwt tlmydwhy )$kx )nwn kd dmkyn mn (qthwn	
Luke	Sinaiticus	22:46	w)mr lhwn mn) dmkyn )ntwn qwmw clw dl) t(lwn lnsywn)%	
Luke	Sinaiticus	22:47	w(d hw mmll hw) )txzy kn$) sgy)), whw dmtqr) hw) yhwd) xd mn tr(sr: )t) hw) qdmyhwn wqrb n$qh ly$w(,	
Luke	Sinaiticus	22:48	)mr lh y$w( yhwd) bnw$qt) m$lm )nt lh lbr d)n$),	
Luke	Sinaiticus	22:49	kd xzw dyn tlmydwhy mdm d(tyd lmhw) )mr:yn lh mrn nmx) )nwn bsyp),	
Luke	Sinaiticus	22:50	wmx) xd mnhwn l(bdh drb khn) wnsbh )dnh dymyn),	
Luke	Sinaiticus	22:51	(n) y$w( w)mr kdw (dm) lhn), wqrb l)dnh w)syh,	
Luke	Sinaiticus	22:52	w)mr lhnwn d)tw (lwhy r:by kh:n) wsTr:TywT) wq$:y$), )yk d(l gys) npqtwn (ly, bs:yp) wbxwTr:)	
Luke	Sinaiticus	22:53	klywm d(mkwn hwyt bhykl) l) mw$Tyn hwytwn (ly )y:dy) )l) hd) hy $(tkwn w$wlTnkwn dx$wk),	
Luke	Sinaiticus	22:54	w)xdwhy w)ytywhy lbyth drb khn)% k)p) dyn )t) hw) btrh mn rwxq),	
Luke	Sinaiticus	22:55	wnwr) sym) hwt mc(t drt) wytbyn hww xdr:yh, wytb hw) k)p) bynt:hwn	
Luke	Sinaiticus	22:56	wxzth )mt) xd) dytb lwt nwr) wxrt bh w)mr) d)p hn) (mh hw)	
Luke	Sinaiticus	22:57	whw kpr w)mr )ntt) l) yd(n) lh,	
Luke	Sinaiticus	22:58	wbtr qlyl xzyhy )p )xrn) w)mr lh )p )nt mnhwn )nt, hw dyn )mr lh $bwq gbr) l) yd(n),	
Luke	Sinaiticus	22:59	whw) )yk $(t) xd) mt(zz hw) )xrn) w)mr )p hn) $ryr)yt (mh hw) w)p glyly)	
Luke	Sinaiticus	22:60	hw gyr )mr k)p) gbr) l) xkmn) mn) )mrt wbh b$(t) qr) trngl)	
Luke	Sinaiticus	22:61	w)tpny y$w( xr bh bk)p) w)tdkr kp) mlth dy$w( d)mr lh d(d l) nqr) trngl) ywmn) t:lt zb:nyn tkpwr by,	
Luke	Sinaiticus	22:62	wnpq lbr wbk) mryr)yt	
Luke	Sinaiticus	22:63	wgbr:) d)xydyn hww lh, mbzxyn hww bh, wmxyn hww lh,	
Luke	Sinaiticus	22:64	wxpyw )pwhy w)mr:yn lh )tnb) mnw mxk,	
Luke	Sinaiticus	22:65	wtwb )xr:nyt) sgy):yt) mgdpyn hww w)mr:yn (lwhy,	
Luke	Sinaiticus	22:66	wkd nght, )tkn$w q$y$) d(m), wr:by khn) wspr:), w)sqwhy lbyt knw$thwn	
Luke	Sinaiticus	22:67	w)mr:yn )n )nt hw m$yx) )mr ln )mr lhwn )n )mr lkwn l) thymnwnny	
Luke	Sinaiticus	22:68	w)n )$)lkwn l) yhbyn )ntwn ly ptgm), w)pl) $r:yn )ntwn ly,	
Luke	Sinaiticus	22:69	mn h$) gyr nhw) brh d)n$) ytb mn ymyn) d)lh),	
Luke	Sinaiticus	22:70	)mr:yn klhwn )nt hw (wd brh d)lh) )mr lhwn )ntwn )mryn d)n) )n),	
Luke	Sinaiticus	22:71	)mryn mn) mtb(y) ln shdwt) h) gyr )nxnn $m(n mn pwmh	
Luke	Sinaiticus	23:01	wqmw klh kn$) w)ytywhy lwt pylTws	
Luke	Sinaiticus	23:02	w$ryw )klyn qrcwhy, w)mryn )$kxn lhn) dmhpk (mn wkl) ln dksp r$) lqsr l) ntl, w)mr (l np$h dhwyw mlk) m$yx),	ܐܝܟܢܐ ܕܟܬܝܒ ܒܢܡܘܣܐ ܕܡܪܝܐ ܕܟܠ ܒܘܟܪܐ ܦܬܚ ܡܪܒܥܐ ܩܕܝܫܗ ܕܡܪܝܐ ܢܬܩܪܐ
Luke	Sinaiticus	23:04	)mr pylTws lr:by khn:) wlkn$) hw )n) mdm (lt) l) m$kxn) (l gbr) hn),	ܐܡܪ ܠܗܘܢ ܟܒܪ ܬܐܡܪܘܢ ܠܝ ܡܬܠܐ ܗܢܐ ܐܣܝܐ ܐܣܐ ܢܦܫܟ ܘܐܝܠܝܢ ܕܫܡܥܬܘܢ ܕܥܒܕܬ ܒܟܦܪܢܚܡ ܬܐܡܪܘܢ ܠܝ ܥܒܕ ܐܦ ܗܪܟܐ ܒܡܕܝܢܬܟ
Luke	Sinaiticus	23:05	hnwn dyn q(yn hww w)mr:yn )zy(h (m) kd mlp bklh yhwd w$ry mn glyly) (dm) lhrk),	ܐܝܢܐ ܦܫܝܩܐ ܠܡܐܡܪ ܕܫܒܝܩܝܢ ܠܟ ܚܛܗܝܟ ܐܘ ܠܡܐܡܪ ܕܩܘܡ ܗܠܟ
Luke	Sinaiticus	23:06	pylTws dyn kd $m( d)mr:yn dmn glyly) hw,	ܐܢܬܘܢ ܕܝܢ ܚܕܘ ܒܗܝ ܫܥܬܐ ܪܘܙܘ ܘܕܘܨܘ ܕܐܓܪܟܘܢ ܣܓܝ ܒܫܡܝܐ ܗܟܢܐ ܓܝܪ ܥܒܕܝܢ ܗܘܘ ܐܒܗܬܗܘܢ ܠܢܒܝܐ܀
Luke	Sinaiticus	23:07	wkd $m( dmn txyt $wlTn) hw dhrwds $drh lwt hrwds mTl d)p hw hrwds b)wr$lm hw) bhnwn ywm:t),	ܘܛܘܒܘܗܝ ܠܡܢ ܕܠܐ ܢܬܟܫܠ ܒܝ
Luke	Sinaiticus	23:08	hrwds dyn kd xz) ly$w( sgy xdy Tb cb) hw) gyr lmxzyhy mn zbn) sgy)), mTl d$m( hw) (lwhy, wsbr hw) dmdm )t) nxz) mnh dhwy)	ܘܟܕ ܪܕܝܢ ܕܡܟ ܘܗܘܬ ܥܠܥܠܐ ܕܪܘܚܐ ܒܝܡܬܐ ܘܐܬܡܠܝܬ ܣܦܝܢܬܗܘܢ ܘܩܪܝܒܝܢ ܗܘܘ ܠܡܛܒܥ
Luke	Sinaiticus	23:09	wbm:l) xkym:t) m$)l hw) lh, y$w( dyn mdm ptgm) l) )tybh	ܘܐܡܪ ܗܘܐ ܟܠ ܡܢ ܕܨܒܐ ܕܢܐܬܐ ܒܐܬܪܝ ܢܟܦܘܪ ܒܢܦܫܗ ܘܢܫܩܠ ܙܩܝܦܗ ܘܢܐܬܐ ܒܬܪܝ
Luke	Sinaiticus	23:13	pylTws dyn qr) lr:by kh:n) wl)r:kwn) wl(m) klh	ܐܬܐ ܓܒܪܐ ܚܕ ܡܫܐܠ ܗܘܐ ܠܗ ܘܐܡܪ ܠܗ ܡܪܝ ܙܥܘܪ̈ܝܢ ܐܢܘܢ ܕܚܝܝܢ
Luke	Sinaiticus	23:14	w)mr lhwn qrbtwn ly gbr) hn), w)mrtwn dmzy( (mkwn, w)n) (qbth l(ynykwn wmdm l) )$kxt btrh mn )ylyn dmr:$yn )ntwn bh,	ܐܡܪ ܠܥܒܕܗ ܦܘܩ ܠܐܘܪ̈ܚܬܐ ܘܠܒܝܬ ܣܝܓܐ ܘܥܒܕ ܕܢܥܠܘܢ ܕܢܬܡܠܐ ܒܝܬܝ
Luke	Sinaiticus	23:15	w)pl) hrwds d$drth gyr lwth wmdm d$w) lmwt) l) )$kx btrh, )pl) s(yr lh mdm dmwt),	ܘܐܝܬܝܘ ܩܛܘܠܘ ܥܓܠܐ ܗܘ ܕܦܛܡܐ ܢܐܟܘܠ ܘܢܬܒܣܡ
Luke	Sinaiticus	23:16	)rdwhy hkyl w)$bqwhy	ܘܪܡܐ ܒܫܝܘܠ ܐܪܝܡ ܥܝܢܘܗܝ ܟܕ ܡܫܬܢܩ ܘܚܙܐ ܗܘܐ ܠܐܒܪܗܡ ܡܢ ܪܘܚܩ ܘܠܠܥܙܪ ܒܥܘܒܗ܂
Luke	Sinaiticus	23:18	wyhbw klh (m) ql) w)mryn $qwlyhy lhn) w$ry lbr )b),	ܗܘ ܕܝܢ ܟܕ ܫܡܥ ܗܠܝܢ܂ ܟܪܝܬ ܠܗ ܛܒ܂ ܥܬܝܪ ܗܘܐ ܓܝܪ ܛܒ܂
Luke	Sinaiticus	23:19	hw dmTl by$:t) wq:Tl) )rm) hw) byt )syr:),	ܠܡܢܐ ܠܐ ܐܪܡܝܬ ܟܣܦܝ ܥܠ ܦܬܘܪܐ ܘܐܢܐ ܕܝܢ ܐܬܝܬ ܬܒܥܬ ܕܝܠܝ ܒܪܒܝܬܗ
Luke	Sinaiticus	23:17	wm(d hw) pylTws dnhw) $r) lhwn )syr) xd b(d(yd)	ܘܐܢ ܢܐܡܪܘܢ ܠܟܘܢ ܗܐ ܗܪܬܡܢ ܗܘ ܘܗܐ ܗܪܟܐ ܠܐ ܬܪܗܛܘܢ ܘܠܐ ܬܐܙܠܘܢ
Luke	Sinaiticus	23:20	wtwb qr) )nwn pylTws w)mr lhwn, mTl dcb) hw) dn$ryhy ly$w(, dlmn cbyn )ntwn d)$r) lkwn	ܘܗܘ ܐܣܬܟܠ ܒܝܫܘܬܗܘܢ ܘܐܡܪ ܠܗܘܢ ܡܢܐ ܡܢܣܝܢ ܐܢܬܘܢ ܠܝ
Luke	Sinaiticus	23:21	hnwn dyn q(:yn hww zqpwhy zqpyhy	ܘܝ ܕܝܢ ܠܐܝܠܝܢ ܕܒܛܢܢ ܘܠܐܝܠܝܢ ܕܡܝܢܩܢ ܒܝܘܡܬܐ ܗܢܘܢ܂ ܢܗܘܐ ܓܝܪ ܐܘܠܨܢܐ ܪܒܐ ܘܪܘܓܙܐ ܥܠ ܥܡܐ ܗܢܐ܂
Luke	Sinaiticus	23:22	hw dyn dtlt zbnyn )mr lhwn mn) gyr dby$ (bd hn), mdm gyr d$w) lmwt) l) m$kx )n) btrh )rdyhy hkyl w)$bqwhy	ܘܫܪܝܘ ܗܘܘ ܕܢܥܩܒܘܢ ܒܝܢ̈ܬܗܘܢ ܕܡܢܘ ܗܘ ܟܝ ܕܗܕܐ ܥܬܝܕ ܠܡܣܥܪ܀
Luke	Sinaiticus	23:23	whnwn tkbyn hww bql) rm) w)mr:yn lh nzdqp wxsyn hw) qlhwn wr:by khn) (mhwn	ܘܗܢܘܢ ܬܟܒܝܢ ܗܘܘ ܒܩܠܐ ܪܡܐ ܘܐܡܪ̈ܝܢ ܠܗ ܢܙܕܩܦ ܘܚܣܝܢ ܗܘܐ ܩܠܗܘܢ ܘܪ̈ܒܝ ܟܗܢܐ ܥܡܗܘܢ
Luke	Sinaiticus	23:24	wpqd hw) pylTws dnhw) cbynhwn	ܘܟܕ ܠܐ ܐܫܟܚ ܦܓܪܗ ܐܬܝ ܐܡܪܢ ܠܢ ܕܡܠܐܟܐ ܚܙܝܢ ܬܡܢ ܘܬܡܗܢ ܘܐܡܪܝܢ ܥܠܘܗܝ ܕܚܝ ܗܘ
Luke	Sinaiticus	23:25	w$r) lhwn lhw dmTl q:Tl) wby$t:) )rm) hw) byt )syr:) )yk d$)lw, wly$w( )$lm lcbynhwn,	
Luke	Sinaiticus	23:26	wkd mwblyn lh )xdw l$m(wn qyryny) d)t) hw) mn qryt) dn$qwl zqyp) wn)t) btrh dy$w(,	
Luke	Sinaiticus	23:27	w)t) hw) btrh swg)) d(m) wn$) dmrqdn hwy (lwhy w)lyn%	
Luke	Sinaiticus	23:28	w)tpny y$w( w)mr lhyn b:nt )wr$lm l) tbkyn (ly )l) bkyyn (l np$kyn w(l bny:kyn,	
Luke	Sinaiticus	23:30	whydyn t$r:yn lm)mr lTwr) dplw (lyn wlr:mt) dksynn,	
Luke	Sinaiticus	23:31	dbqys) rTyb) hlyn (bdyn, byby$) mn) n(bdwn,	
Luke	Sinaiticus	23:33	wkd )tw ldwkt) dmtqry) qrqpt) zqpwhy tmn, wlhnwn (bdy by$:t) xd mn ymynh wxd mn smlh,	
Luke	Sinaiticus	23:34	wplgw nx:twhy wnpsw (lyhwn,	
Luke	Sinaiticus	23:35	wq)m hw) (m) wxz), wmm:yqyn hww bh (mhwn )r:kwn) w)mr:yn l)xr:n) )xy nx) np$h )n hwyw m$yx) gbyh d)lh),	
Luke	Sinaiticus	23:36	wmbzxyn hww bh )p sTr:TywT) wmtqr:byn hww lwth	
Luke	Sinaiticus	23:37	w)mr:yn $lm lk )n )nt hw mlk) dyhwdy) )x) np$k, wsmw hww )p br$h klyl) d(wz:ny)	
Luke	Sinaiticus	23:38	wktyb hw) pTq) wsym l(l mnh hn) hw mlk) dyhw:dy)	
Luke	Sinaiticus	23:39	xd mn hnwn dyn (b:dy by$t) dclybyn hww mgdp hw) (lwhy w)mr lh l) hwyt mxyn) )x) np$k ywmn w)p ln,	
Luke	Sinaiticus	23:40	wk)) bh xbrh )xrn) w)mr lh )pl) mn )lh) dxlt dh) )p )nxnn bh )nxnn bdyn),	
Luke	Sinaiticus	23:41	wh) )nxnn )yk d$wyn hwyn w)yk d(bdn )tpr(n hn) dyn )pl) mdm dsn) (byd lh	
Luke	Sinaiticus	23:42	w)mr ly$w( mry )tdkryny m) d)tyt bmlkwtk	
Luke	Sinaiticus	23:43	)mr lh y$w( )myn )mrn) lk dywmn) (my thw) bprdys)	
Luke	Sinaiticus	23:44	w)yt hwy )yk $t $(yn whw) x$wk) (l kwlh )r() (dm) lt$( $(yn	
Luke	Sinaiticus	23:45	w$m$) x$k, w)cTry ):py tr() dhykl) mn mc(th%	
Luke	Sinaiticus	23:46	wqr) y$w( bql) rm) w)mr )b) b)ydyk s)m )n) lh lrwxy w$lm	
Luke	Sinaiticus	23:47	wkd xz) qnTrwn) mdm dhw) $bx l)lh) w)mr $ryr)yt hn) gbr) zdyq) hw)	
Luke	Sinaiticus	23:49	wqymyn hww mn rwxq) kwlhwn mxkmth dy$w(, wn$:) )ylyn d)ty (mh mn glyly) wxzyn hlyn,	
Luke	Sinaiticus	23:50	wgbr) xd d$mh hw) ywsp blwT) hw) gbr) zdyq) wTb) mn rmt) krk) dyhwd	
Luke	Sinaiticus	23:51	wx)r hw) lmlkwt) d$my) hn) gbr) dl) )$wy r(ynh (m )kly qrc)	
Luke	Sinaiticus	23:52	hw hn) qrb lwt pylTws w$)l pgrh dy$w(	
Luke	Sinaiticus	23:53	w)xth wkrkh bxc) wsmh bbyt qbwr) nqyr) )yn) d)n$ (dkyl lyt )tsym hw) bh	
Luke	Sinaiticus	23:54	whw hw ywm) (rwbt) hwt w$bt) ngh) hwt	
Luke	Sinaiticus	23:55	wn$) hn:yn d)ty (mh mn glyly) )ty lbyt qbwr) b(qbhwn wxzy l$ld) kd )(lwh ltmn	
Luke	Sinaiticus	23:56	whpk Tyb hr:wm) wm$x) dbsym) wb$bt) $ly )yk dpqyd%	
Luke	Sinaiticus	24:01	bxd b$b) dyn b$pr) rb) )ty hwy lbyt qbwr) w)yty hwy mdm dTyb w)ty hwy (mh:yn n$:) )xr:nyt)	
Luke	Sinaiticus	24:02	w)$kx lk)p) dm(gl) mn byt qbwr),	ܘܕܢܬܠ ܕܒܚܬܐ ܐܝܟܢܐ ܕܟܬܝܒ ܒܢܡܘܣܐ ܕܡܪܝܐ ܙܘܓܐ ܕܫܘ̈ܦܢܝܢܐ ܐܘ ܬܪ̈ܝܢ ܦܪ̈ܘܓܐ ܕܝܘܢܐ܀
Luke	Sinaiticus	24:03	w(l wl) )$kxyhy lpgr) dy$w(	ܒܪ ܡܛܬܬ ܒܪ ܂܂܂ ܂܂܂ ܂܂܂ ܒܪ ܝܢܐ ܒܪ ܂܂܂
Luke	Sinaiticus	24:04	wkd kry) hwt lhyn (l hd), )txzyw tryn )n$yn dqymyn l(l mnhyn wmbrq hw) lbw$hwn	ܐܡܪ ܠܗܘܢ ܐܡܝܢ ܐܡܪܢܐ ܠܟܘܢ ܕܠܝܬ ܢܒܝܐ ܕܡܬܩܒܠ ܒܡܕܝܢܬܗ܂
Luke	Sinaiticus	24:05	wdxl wkpy r:$yhyn wxyrn hwy b)r(), mn dxlthyn )mryn lh:yn hnwn gbr) mn) b(yn )ntyn xy) byt myt:)	ܕܬܕܥܘܢ ܕܝܢ ܐܢܬܘܢ ܕܫܠܝܛ ܗܘ ܒܪܗ ܕܐܢܫܐ ܕܢܫܒܘܩ ܚܛܗܐ ܥܠ ܐܪܥܐ ܐܡܪ ܠܡܫܪܝܐ ܠܟ ܐܡܪ ܐܢܐ ܩܘܡ ܫܩܘܠ ܥܪܣܟ ܘܙܠ ܠܒܝܬܟ
Luke	Sinaiticus	24:06	l) hw) hrk) )l) qm lh (hdyn mdm dmll (m:kyn (d hw bglyl)	ܒܪܡ ܘܝ ܠܟܘܢ ܥܬܝܪܐ ܕܩܒܠܬܘܢ ܒܥܘܬܟܘܢ
Luke	Sinaiticus	24:07	w)mr hw) lkyn d(tyd hw brh d)n$) dn$tlm b)y:dy bny )n$) xTy) wncTlb wltlt) ywmyn nqwm	ܘܟܕ ܐܙܠܘ ܬܠܡܝܕܘܗܝ ܕܝܘܚܢܢ ܫܪܝ ܠܡܐܡܪ ܠܟܢܫܐ ܥܠ ܝܘܚܢܢ ܡܢܐ ܢܦܩܬܘܢ ܠܡܚܙܐ ܩܢܝܐ ܕܡܢ ܪܘܚܐ ܡܬܙܝܥ
Luke	Sinaiticus	24:08	w)tdkr )nyn lml) hlyn	ܘܩܪܒܘ ܐܥܝܪܘܗܝ ܐܡܪܝܢ ܠܗ ܪܒܢ ܪܒܢ ܐܒܕܝܢ ܐܢܚܢܢ܂ ܘܩܡ ܘܟܐܐ ܒܪܘܚܐ ܘܒܡܚܫܘܠܐ ܕܝܡܬܐ ܘܗܘܐ ܫܠܝܐ
Luke	Sinaiticus	24:09	whpk mn byt qbwr) w)mr )nyn m:l) hlyn lxd(sr w$rk) dtlm:yd),	ܡܢ ܕܨܒܐ ܓܝܪ ܕܢܚܐ ܢܦܫܗ ܢܘܒܕܝܗ ܘܡܢ ܕܢܘܒܕ ܢܦܫܗ ܡܛܠܬܝ ܢܚܝܗ
Luke	Sinaiticus	24:10	mrym mgdlyt) wywxn wmrym brt y(qwb w$rk) d(mhyn hlyn )mr:n hwy l$lyx:)	ܐܡܪܢܐ ܠܟܘܢ ܓܝܪ ܕܣ̈ܓܝܐܐ ܢܒ̈ܝܐ ܘܡ̈ܠܟܐ ܨܒܘ ܕܢܚܙܘܢ ܡܕܡ ܕܚܙܝܢ ܐܢܬܘܢ ܘܠܐ ܚܙܘ ܘܠܡܫܡܥ ܡܕܡ ܕܐܢܬܘܢ ܫܡܥܝܢ ܘܠܐ ܫܡܥܘ܂
Luke	Sinaiticus	24:11	wmtxzyn hwy b(ynyhwn )yk dmn twyrwthyn )mrn m:l) h:lyn, wl) mhym:nyn hww lh:yn,	ܪܘܚܐ ܛܢܦܬܐ ܡܐ ܕܢܦܩܬ ܡܢ ܒܪ ܐܢܫܐ ܐܙܠܐ ܡܬܟܪܟܐ ܡܢ ܫܠܝܐ ܒܐܬܪܘܬܐ ܕܡܝܐ ܠܝܬ ܒܗܝܢ ܕܬܫܟܚ ܠܗ ܢܝܚܐ ܘܡܐ ܕܠܐ ܐܫܟܚܬ ܐܡܪܐ ܐܗܦܘܟ ܐܙܠ ܠܒܝܬܝ ܐܝܡܟܐ ܕܢܦܩܬ
Luke	Sinaiticus	24:12	$m(wn dyn qm wrhT lqbr), w)dyq wxz) kt:n) blxwd w)zl lwth wmtdmr hw) mdm dhw)%	ܐܬܒܩܘ ܒܢܥܒ̈ܐ ܕܠܐ ܙܪܥܝܢ ܘܠܐ ܚܨܕܝܢ܂ ܘܠܝܬ ܠܗܘܢ ܬܘܢ̈ܐ ܘܐܦ ܠܐ ܒܝܬ ܩܦܣ̈ܐ ܘܐܠܗܐ ܡܣܝܒܪ ܠܗܘܢ ܟܡܐ ܗܟܝܠ ܐܢܬܘܢ ܡܝܬܪܝܢ ܡܢ ܦܪܚܬܐ
Luke	Sinaiticus	24:13	w)txzy ltryn mnhwn bh bywm) kd )zlyn hww lqryt) d$mh (m)ws, wpryq) mn )wr$lm )sTdwt) $:tyn,	ܐܡܪ ܠܗ ܝܫܘܥ ܐܬܟܬܫ ܠܡܥܠ ܒܬܪܥܐ ܐܠܝܨܐ ܐܡܪܢܐ ܠܟܘܢ ܓܝܪ ܕܣܓܝܐܐ ܢܒܥܘܢ ܠܡܥܠ ܒܗ ܘܠܐ ܢܫܟܚܘܢ
Luke	Sinaiticus	24:14	wmmllyn hww xd (m xd (l h:lyn kwlhyn )ylyn dgd$,	ܐܡܪܢܐ ܠܟܘܢ ܓܝܪ ܕܚܕ ܡܢ ܗܢܘܢ ܐܢܫܐ ܕܩܪܝܢ ܗܘܘ ܠܐ ܢܛܥܡܘܢ ܡܢ ܐܚܫܡܝܬܐ܀
Luke	Sinaiticus	24:15	wkd hnwn mmllyn wm(qbyn )t) y$w( wmTy )nwn wmhlk hw) (mhwn	ܕܗܢܐ ܒܪܝ ܡܝܬܐ ܗܘܐ ܘܚܝܐ܂ ܘܐܒܝܕܐ ܗܘܐ ܘܐܫܬܟܚ ܘܫܪܝܘ ܠܡܬܒܣܡܘ
Luke	Sinaiticus	24:17	)mr lhwn mn) )nyn ml) hlyn dmmllyn )ntwn kd kmyryn )ntwn	ܐܝܟܢܐ ܓܝܪ ܕܒܪܩܐ ܒܪܩ ܡܢ ܪܫܘܗܝ ܕܫܡܝܐ ܥܕܡܐ ܠܪܫܗ ܗܟܢܐ ܢܗܘܐ ܝܘܡܗ ܕܒܪܗ ܕܐܢܫܐ
Luke	Sinaiticus	24:18	)mr lh xd mnhwn d$mh hw) qlywp) )nt hw ky nwkry) mn )wr$lm dmdm dhw) bh l) xkmt,	ܟܕ ܚܙܐ ܝܫܘܥ ܕܟܪܝܬ ܠܗ܂ ܐܡܪ ܐܝܟܢܐ ܥܛܠܐ ܠܐܝܠܝܢ ܕܐܝܬ ܠܗܘܢ ܢܟܣܐ ܕܢܥܠܘܢ ܠܡܠܟܘܬܐ ܕܐܠܗܐ
Luke	Sinaiticus	24:19	)mr lhwn mn) )mryn lh (l y$w( ncry) hw dhw) gbr) nby) w)$tkx bxyl) wb(bd) wbmlt) qdm )lh) wqdm klh (m)	ܘܐܡܪ ܠܗܢܘܢ ܕܩܝܡܝܢ ܠܘܬܗ ܣܒܘ ܡܢܗ ܡܢܝܐ ܘܗܒܘܗܝ ܠܗܘ ܕܐܝܬ ܠܘܬܗ ܥܣܪ̈ܐ ܡܢ̈ܝܢ
Luke	Sinaiticus	24:20	w)$lmwhy rby khn) wq$y$) ldyn) dmwt) wzqpwhy	ܚܘܘܢܢܝ ܕܝܢܪܐ ܨܠܡܐ ܒܟܬܝܒܬܐ ܕܡܢܘ ܐܝܬ ܥܠܘܗܝ ܘܚܘܝܘܗܝ ܘܐܡܪ̈ܝܢ ܠܗ ܕܩܣܪ
Luke	Sinaiticus	24:21	w)nxnn sbryn hwyn dhwyw (tyd hw) dnprqyhy l)ysryl wh) tlt) ywmyn h) mn dhlyn klhyn hwy	ܘܢܦܠܘܢ ܒܦܘܡܐ ܕܚܘܿܪܒܐ ܘܢܫܬܒܘܢ ܠܟܠ ܐܬܪ ܘܐܘܪܫܠܡ ܬܗܘܐ ܡܬܕܝܫܐ ܡܢ ܟܠܗܘܢ ܥܡܡ̈ܐ ܥܕܡܐ ܕܢܫܬܠܡܘܢ ܙܒܢܐ ܕܥܡܡܐ
Luke	Sinaiticus	24:22	w)p n$) mnn )zl hwy lbyt qbwr), )tr dsym hw),	ܘܗܘܐ ܚܪܝܢܐ ܒܝ̈ܢܬܗܘܢ ܕܡܢܘ ܐܝܬ ܒܗܘܢ ܕܪܒ
Luke	Sinaiticus	24:23	wkd l) )$kx pgrh )ty )mrn ln dml)k) xzyn tmn wtmhn w)mryn (lwhy dxy hw	ܘܦܩܕ ܗܘܐ ܦܝܠܛܘܣ ܕܢܗܘܐ ܨܒܝܢܗܘܢ
Luke	Sinaiticus	24:24	w)p )n$) mnn )zlw lbyt qbwr) w)$kxw hkn) )yk m) d)mr n$:) )l) lh l) xzw%	ܘܐܦ ܐܢܫܐ ܡܢܢ ܐܙܠܘ ܠܒܝܬ ܩܒܘܪܐ ܘܐܫܟܚܘ ܗܟܢܐ ܐܝܟ ܡܐ ܕܐܡܪ ܢܫ̈ܐ ܐܠܐ ܠܗ ܠܐ ܚܙܘ܀
Luke	Sinaiticus	24:25	hydyn )mr lhwn y$w( )w xsyr:y r(yn) wyqyr:y lb) lmhymnw mn hlyn klhyn )ylyn dmllw nb:y),	
Luke	Sinaiticus	24:26	l) hw) hlyn (tyd hw) dnsybr m$yx) wdn(wl lt$bxth	
Luke	Sinaiticus	24:27	w$ry hw) lm)mr lhwn mn mw$) wmn klhwn nb:y) wmp$q hw) lhwn (l np$h mn klhwn k:tb)	
Luke	Sinaiticus	24:28	wqrbw lqryt) hy d)zlyn hww lh, whw )txzy lhwn )yk dldwk) rxyq) )zl hw),	
Luke	Sinaiticus	24:29	w$ryw hnwn b(yn hww mnh )yk dlwthwn nhw) mTl dqryb) hwt lmx$k w(l (mhwn )yk dlwthwn nhw),	
Luke	Sinaiticus	24:30	wkd )stmk nsb lxm) wbrk wqc) wyhb lhwn	
Luke	Sinaiticus	24:31	wbxd) )tptx (yn:yhwn w)$twd(why, whw )$tql lh mnhwn	
Luke	Sinaiticus	24:32	w)mryn hww xd lxd l) hw) lbn yqyr hw) b)wrx) kd mp$q ln ktb:)	
Luke	Sinaiticus	24:33	wqmw bh b$(t) whpkw l)wr$lm w)$kxw lxd(sr kd kny$yn, wl)ylyn d(mhwn w)txzy	
Luke	Sinaiticus	24:34	kd )mryn $ryr)yt qm mrn w)txzy l$m(wn,	
Luke	Sinaiticus	24:35	w)p hnwn )$t(yw lhwn )ylyn dhwy b)wrx) w)ykn) )tyd( kd qc) lxm)%	
Luke	Sinaiticus	24:36	wkd hnwn mmllyn hww )$tkx q)m bynthwn w)mr lhwn $lm) (mkwn,	
Luke	Sinaiticus	24:37	whnwn )tzy(w w)trhbw wsbryn hww drwx) xzyn	
Luke	Sinaiticus	24:38	hydyn )mr lhwn y$w(, mn) mtzy(yn )ntwn, wlmn) s:lqn mx$bt) (l lbwtkwn,	
Luke	Sinaiticus	24:39	h) xzw )y:dy wr:gly wgw$w wxzw d)n) )n), lrwx) gyr bsr) wgrm) lyt lh )yk dxzyn )ntwn d)yt ly	
Luke	Sinaiticus	24:41	wkd (dm) lh$) l) hymnw mn xdwthwn wmn dxlthwn wmttmhyn hww twb )mr lhwn )yt lkwn tnn mdm lm)kl,	
Luke	Sinaiticus	24:42	whnwn yhbw lh mnt) mn nwn) dTwy)	
Luke	Sinaiticus	24:43	wkd nsb )kl l(ynyhwn	
Luke	Sinaiticus	24:44	)mr lhwn hlyn ml) mmll hwyt (mkwn kd lwtkwn dn$tlm kwl mdm dktyb (ly b)wryt) dmw$) wbnby) wbmzmwr:)	
Luke	Sinaiticus	24:45	whydyn ptx r(ynhwn lmstklw ktb)	
Luke	Sinaiticus	24:46	w)mr lhwn dhkn) hw wl) dnx$ m$yx) wdnqwm mn byt myt) ltlt) ywm:yn	
Luke	Sinaiticus	24:47	wntkrz b$my tybwt) w$wbqn) dx:Th) bkwlhwn (m:m) w$wry) mn )wr$lm	
Luke	Sinaiticus	24:48	w)ntwn )nwn sh:d) dhlyn	
Luke	Sinaiticus	24:49	w)n) )$dr (lykwn mwlknh d)by qww )ntwn bmdynt) (dm) dtlb$wn xyl) mn rwm)	
Luke	Sinaiticus	24:50	w)pq )nwn (dm) lbyt (ny) w)rym )y:dwhy wbrk )nwn,	
Luke	Sinaiticus	24:51	wkd brk )nwn )trym mnhwn	
Luke	Sinaiticus	24:52	whnwn hpkw l)wr$lm bxdwt) rbt)	
Luke	Sinaiticus	24:53	wmbrkyn hww bkl zbn bhykl) l)lh)%	
Luke	Sinaiticus	99:98	$lm )wnglywn dlwq)%	
