book	witness	ref	cal_text	syriac_text
Matthew	Sinaiticus	01:01	ktb) dtw:ldt) dy$w( m$yx) brh ddwyd brh d)brhm	ܟܬܒܐ ܕܬܘ̈ܠܕܬܐ ܕܝܫܘܥ ܡܫܝܚܐ ܒܪܗ ܕܕܘܝܕ ܒܪܗ ܕܐܒܪܗܡ
Matthew	Sinaiticus	01:02	)brhm )wld l)ysxq )ysxq )wld ly(qwb, y(qwb )wld lyhwd) w)x:why	ܘܟܕ ܐܬܝܠܕ ܝܫܘܥ ܒܝܬ ܠܚܡ ܕܝܗܘܕܐ ܒܝܘܡܝ ܗܪܘܕܣ ܡܠܟܐ ܘܗܐ ܡܓܘܫܐ ܐܬܘ ܡܢ ܡܕܢܚܐ ܠܐܘܪܫܠܡ
Matthew	Sinaiticus	01:03	yhwd) )wld lprc wlzrx mn tmr prc )wld lxcrwn xcrwn )wld l)rm	ܒܗܢܘܢ ܝܘܡܬܐ ܐܬܐ ܝܘܚܢܢ ܡܥܡܕܢܐ ܘܡܟܪܙ ܗܘܐ ܒܡܕܒܪܐ ܕܝܗܘܕܐ܂
Matthew	Sinaiticus	01:04	)rm )wld l(myndb (myndb )wld lnx$wn nx$wn )wld l$l)	ܗܝܕܝܢ ܝܫܘܥ ܐܬܕܒܪ ܡܢ ܪܘܚܐ ܠܡܕܒܪܐ ܕܢܬܢܣܐ ܡܢ ܐܟܠ ܩܪܨܐ܂
Matthew	Sinaiticus	01:05	$l) )wld lb(z mn rxb b(z )wld l(bd mn r(wt (wbd )wld l)y$y	ܟܕ ܚܙܐ ܠܟܢܫܐ ܣܓܝ̈ܐܐ ܣܠܩ ܠܗ ܠܛܘܪܐ ܘܟܕ ܝܬܒ ܩܪܒܘ ܠܘܬܗ ܬܠܡ̈ܝܕܘܗܝ
Matthew	Sinaiticus	01:06	)y$y )wld ldwyd mlk) dwyd )wld l$lmwn mn )ntth d)wry)	ܘܠܐ ܬܥܒܕܘܢ ܙܕܝܩܘܬܟܘܢ ܠܥܝܢ ܒ̈ܢܝ ܐܢܫܐ ܐܝܟ ܕܬܬܚܙܘܢ ܠܗܘܢ ܕܠܐ ܐܓܪܐ ܠܝܬ ܠܟܘܢ ܠܘܬ ܐܒܘܟܘܢ ܕܒܫܡܝܐ
Matthew	Sinaiticus	01:07	$lmwn )wld lrxb(m rxb(m )wld l)by) )by) )wld l)s),	
Matthew	Sinaiticus	01:08	)s) )wld lyw$pT yw$pT )wld lywrm ywrm )wld l(wzy)	
Matthew	Sinaiticus	01:09	(wzy) )wld lywtm, ywtm )wld l)xz )xz )wld lxzqy),	ܘܥܠ ܠܣܦܝܢܬܐ ܘܥܒܪ ܐܬܐ ܠܡܕܝܢܬܗ
Matthew	Sinaiticus	01:10	xzqy) )wld lmn$) mn$) )wld l)mwn )mwn )wld lyw$y)	ܘܩܪܐ ܠܬܪܥܣܪܬܗ ܘܝܗܒ ܠܗܘܢ ܫܘܠܛܢܐ ܠܡܦܩܘ ܪ̈ܘܚܐ ܛܢܦ̈ܬܐ ܘܠܡܐܣܝܘ ܟܘܠ ܟܐܒ ܘܟܪܗܢ܂
Matthew	Sinaiticus	01:11	yw$y) )wld lywkny) wl)xw:hy bglwt) dbbl%	ܘܗܘܐ ܕܟܕ ܫܠܡ ܡܪܢ ܠܡܦܩܕܘ ܠܬܪ̈ܥܣܪ ܬܠܡܝܕܘܗܝ ܫܢܝ ܠܗ ܡܢ ܬܡܢ ܠܡܠܦܘ ܘܠܡܟܪܙܘ ܒܡܕܝܢܬܗܘܢ
Matthew	Sinaiticus	01:12	mn btr glwt) dyn dbbl ywkny) )wld l$)lt)yl $)lt)yl )wld lzwrbbl	ܒܗܘ ܙܒܢܐ ܡܗܠܟ ܗܘܐ ܝܫܘܥ ܒܝܘܡܐ ܕܫܒܬܐ ܒܝܬ ܙܪܥܐ ܘܟܦܢܘ ܬܠܡܝܕܘܗܝ ܘܫܪܝܘ ܡܠܓܝܢ ܫܒܠܐ ܘܐܟܠܝܢ
Matthew	Sinaiticus	01:13	zwrbbl )wld l)bywr )bywr )wld l)lyqym )lyqym )wld l(zwr,	ܒܗܘ ܝܘܡܐ ܢܦܩ ܗܘܐ ܝܫܘܥ ܝܬܒ ܥܠ ܝܕ ܝܡܐ
Matthew	Sinaiticus	01:14	(zwr )wld lcdwq cdwq )wld l)kyn )kyn )wld l)lywd,	ܒܙܒܢܐ ܕܝܢ ܫܡܥ ܗܪܘܕܣ ܪܫܐ ܪܒܝܥܝܐ ܫܡܥܗ ܕܝܫܘܥ܂
Matthew	Sinaiticus	01:15	)lywd )wld l)ly(zr )ly(zr )wld lmtn mtn )wld ly(qwb	ܗܝܕܝܢ ܩܪܒܘ ܠܗ ܡܢ ܐܘܪܫܠܡ ܣܦܪ̈ܐ ܘܦܪ̈ܝܫܐ ܘܐܡܪܝܢ ܠܗ܂
Matthew	Sinaiticus	01:16	y(qwb )wld lywsp ywsp dmkyr) hwt lh mrym btwlt), )wld ly$w( dmtqr) m$yx)%	ܘܩܪܒܘ ܦܪ̈ܝܫܐ ܘܙܕܘܩܝܐ ܘܡܢܣܝܢ ܠܗ ܘܫܐܠܝܢ ܠܗ ܐܬܐ ܡܢ ܫܡܝܐ ܕܢܚܘܐ ܐܢܘܢ܂
Matthew	Sinaiticus	01:17	klhyn hlyn $rbt) mn )brhm (dm) ldwyd $r:bt) )rb(sr) wmn dwyd (dm) lglwt) dbbl $r:bt) )r:b(sr:) wmn glwt) dbbl (dm) lm$yx) $r:bt) )r:b(sr:)%	
Matthew	Sinaiticus	01:19	ywsp dyn b(lh mTl dkyn hw) l) cb) hw) dnprsyh lmrym w)tr(y dbhyl)yt ndllyh	ܘܗܘܐ ܕܟܕ ܫܠܡ ܝܫܘܥ ܡܠܐ ܗܠܝܢ ܫܢܝ ܠܗ ܡܢ ܓܠܝܠܐ ܘܐܬܐ ܠܗ ܠܬܚܘܡܐ ܕܝܗܘܕ ܠܥܒܪܐ ܕܝܘܪܕܢܢ܂
Matthew	Sinaiticus	01:20	kd hlyn dyn )tr(y )txzy lh ml)k) dmry) bxzw) w)mr lh ywsp brh ddwyd l) tdxl lmsb lmrym )nttk hw gyr dmtyld mnh mn rwx) hw dqwd$)	ܕܡܝܐ ܡܠܟܘܬܐ ܕܫܡܝܐ ܠܓܒܪܐ ܡܪܒܝܬܐ ܕܢܦܩ ܒܫܦܪܐ ܠܡܐܓܪ ܦܥ̈ܠܐ ܠܟܪܡܗ܂
Matthew	Sinaiticus	01:21	t)ld lk dyn br) wtqr) $mh y$w( hw gyr nxywhy l(mh mn xThw:hy,	
Matthew	Sinaiticus	01:23	h) btwlt) tbTn wt)ld br) wnqrwn $mh (mnw)yl dmtrgm )lhn (mn	ܗܝܕܝܢ ܐܡܪ ܝܫܘܥ ܠܟܢܫܐ ܘܠܬܠܡܝܕܘܗܝ
Matthew	Sinaiticus	01:24	kd qm dyn ywsp mn $nth (bd )yk dpqd lh ml)k) dmry) wdbr l)ntth	ܘܟܕ ܢܦܩ ܝܫܘܥ ܡܢ ܗܝܟܠܐ ܠܡܐܙܠ܂ ܘܩܪܒܘ ܬܠܡܝܕܘܗܝ܂ ܡܚܘܝܢ ܠܗ ܒܢܝܢܐ ܕܗܝܟܠܐ
Matthew	Sinaiticus	01:25	wyldt lh br) wqr) $mh y$w(%	ܗܝܕܝܢ ܬܬܕܡܐ ܡܠܟܘܬܐ ܕܫܡܝܐ ܠܥܣܪ̈ ܒܬܘܠܢ ܕܫܩܠ ܠܡܦܕܝ̈ܗܝܢ ܘܢܦܩ ܠܐܘܪܥ ܚܬܢܐ ܘܟܠܬܐ
Matthew	Sinaiticus	02:05	)mr:yn lh byt lxm dyhwd), hkn) gyr ktyb bnby)	ܘܫܪܝ ܠܡܐܡܪ ܠܗܘܢ܀
Matthew	Sinaiticus	02:06	w)p )nty byt lxm dyhwd) l) hwyt bcyr) mn m:lk) dyhwd) mnky gyr npwq mlk) dhw nr(ywhy l(my )ysryl	ܡܐ ܕܥܒܕ ܐܢܬ ܙܕܩܬܐ ܠܐ ܬܩܪܐ ܩܪܢܐ ܩܕܡܝܟ ܐܝܟ ܕܥܒܕܝܢ ܢܣܒܝܢ ܒܐ̈ܦܐ ܒܟܢܘܫ̈ܬܐ܂ ܘܒܫܩܩܐ܂ ܕܢܫܬܒܚܘܢ ܡܢ ܒ̈ܢܝ ܐܢܫܐ ܐܡܝܢ ܐܡܪܢܐ ܠܟܘܢ ܕܩܒܠܘ ܐܓܪܗܘܢ܂
Matthew	Sinaiticus	02:07	hydyn hrwds mT$y)yt qr) lhnwn mgw:$) wm(qb hw) lhwn dnd( b)yn) zbn) )txzy lhwn kwkb),	
Matthew	Sinaiticus	02:08	w$dr )nwn lbyt lxm, w)mr lhwn zlw (qbw (lwhy (l Tly), wm) d)$kxtwnyhy tw xwwnny d)zl )p )n) )sgwd lh	
Matthew	Sinaiticus	02:09	hnwn dyn kd qblw pwqdn) dmlk) )zlw w)txzy lhwn kwkb) hw dxzw hww bmdnx), )zl hw) qdmyhwn (dm) d)t) qm )tr dtmn hw) Tly),	ܘܐܙܠܘ ܠܗܘܢ ܘܩܪܒܘ ܡܫܪܝܐ ܟܕ ܪܡܐ ܒܥܪܣܐ ܘܟܕ ܚܙܐ ܡܪܢ ܗܝܡܢܘܬܗܘܢ ܐܡܪ ܠܗܘ ܡܫܪܝܐ ܠܐ ܬܕܚܠ ܒܪܝ ܫܒܝܩܝܢ ܠܟ ܚܛܗܝܟ
Matthew	Sinaiticus	02:10	hnwn dyn kd xzwwhy lkwkb) xdwt) rbt) xdyw	ܘܗ̈ܠܝܢ ܫܡܗܐ ܕܬܠܡ̈ܝܕܘܗܝ ܬܪ̈ܥܣܪ܂ ܩܕܡܝܐ ܫܡܥܘܢ ܟܐܦܐ ܘܐܢܕܪܝܘܣ ܐܚܘܗܝ ܘܝܥܩܘܒ ܘܝܘܚܢܢ ܒ̈ܢܝ ܙܒܕܝ
Matthew	Sinaiticus	02:11	w(lw lbyt) wxzwwhy lTly) (m mrym )mh wnplw wsgdw lh, wptxw symthwn wqrbw lh qwrbn) dhb) wmwr) wlbwnt)	ܝܘܚܢܢ ܕܝܢ ܟܕ ܫܡܥ ܒܝܬ ܐܣܝܪܐ ܥܒܕܘܗܝ ܕܡܪܢ ܫܕܪ ܠܬܠܡܝܕܘܗܝ
Matthew	Sinaiticus	02:12	w)txzy lhwn bxzw) dl) nhpkwn lwt hrwds, whnwn b)wrx) )xrt) )zlw l)trhwn	ܟܕ ܚܙܘ ܐܢܘܢ ܦܪܝܫܐ ܐܡܪܝܢ ܠܗ ܠܡܢܐ ܬܠܡܝܕܝܟ ܥܒܕܝܢ ܡܕܡ ܕܠܐ ܫܠܝܛ ܠܡܥܒܕ
Matthew	Sinaiticus	02:13	wmn btrhwn )txzy lywsp ml)k) dmry) bxlm), w)mr lh qwm $qwl lTly) wl)mh w(rwq lmcryn wtmn hwy (dm) d)mrn) lk mTl d(tyd hw hrwds lmb(yh lTly) )ykn) dnwbdywhy	ܘܐܬܟܢܫܘ ܠܘܬܗ ܟܢܫܐ ܣܓܝ̈ܐܐ ܘܣܠܩ ܘܝܬܒ ܠܗ ܒܣܦܝܢܬܐ ܘܟܘܠܗ ܟܢܫܐ ܩܐܡ ܗܘܐ ܥܠ ܣܦܪܝ ܝܡܐ
Matthew	Sinaiticus	02:14	ywsp dyn qm $qlh lTly) wl)mh blly) w)zl lh lmcryn,	ܘܐܡܪ ܠܥܒ̈ܕܘܗܝ܂ ܗܢܘ ܝܘܚܢܢ ܡܥܡܕܢܐ ܩܡ ܡܢ ܒܝܬ ܡܝܬܐ ܡܛܠ ܗܢܐ ܣܓܝ ܚܝܠܗ܂
Matthew	Sinaiticus	02:15	wtmn hw) (dm) dmyt hrwds mlk), dntml) mdm d)tmll mn mry) bpwm )$(y) nby), d)mr hw) mn mcryn qryt lbry	ܠܡܢܐ ܥܒܪܝܢ ܬܠܡܝܕܝܟ ܥܠ ܦܘܩܕܢܐ ܕܣܒܝܢ ܠܐ ܓܝܪ ܡܫܝܓܝܢ ܐܝܕܝܗܘܢ ܘܐܟܠܝܢ ܠܚܡܐ
Matthew	Sinaiticus	02:17	hydyn $lmt mlt) d)mr hw) )rmy) nby)	
Matthew	Sinaiticus	02:18	ql) )$tm( brmt) )ly) wbky) wtnxt) sgy)t) ql) drxyl dbky) hwt (l bnyh wl) cby) hwt lmtby)w mTl dl) )ytyh:wn%	ܩܪܐ ܝܫܘܥ ܛܠܝܐ ܚܕ ܘܐܩܝܡܗ ܒܝܢܬܗܘܢ
Matthew	Sinaiticus	02:19	kd myt dyn hrwds mlk) )txzy lywsp bmcryn ml)k) dmry)	ܘܐܬܘ ܒܬܪܗ ܟܢܫ̈ܐ ܣܓ̈ܝܐܐ ܘܐܣܝ ܐܢܘܢ܀
Matthew	Sinaiticus	02:20	w)mr lh bxlm) qwm $qwl lTly) wl)mh w)zl l)r() d)ysr)yl mTl dmytw lhwn )ylyn db(yn hww np$h dTly)	ܘܩܨ ܥܡܗܘܢ ܡܢ ܕܝܢܪܐ ܚܕ ܠܦܥܠܐ ܚܕ ܒܝܘܡܐ ܚܕ ܘܫܕܪ ܐܢܘܢ ܠܟܪܡܗ
Matthew	Sinaiticus	02:21	whw qm $qlh lTly) wl)mh w)t) l)r() d)ysr)yl	
Matthew	Sinaiticus	02:22	kd $m( dyn ywsp d)rkl)ws hw) mlk) bdwkt hrwds )bwhy dxl lm)zl ltmn wxz) bxlm) dn)zl lh l)tr) dglyl)	ܐܬܕܡܝܬ ܡܠܟܘܬܐ ܕܫܡܝܐ ܠܓܒܪܐ ܡܠܟܐ܂ ܕܥܒܕ ܡܫܬܘܬܐ ܠܒܪܗ
Matthew	Sinaiticus	02:23	w)t) ltmn w(mr hw) bmdynt) dmtqry) ncrt w)tmlyt mlt) d)myr) bnby) dncry) ntqr),	ܥܠ ܟܘܪܣܝܐ ܕܡܘܫܐ ܝܬܒܘ ܣܦܪ̈ܐ ܘܦܪ̈ܝܫܐ
Matthew	Sinaiticus	03:02	w)mr hw) dtwbw mTl dqrbt lh mlkwt) d$my),	ܟܕ ܫܡܥ ܕܝܢ ܗܪܘܕܣ ܡܠܟܐ ܐܬܕܠܚ ܘܟܠܗ ܐܘܪܫܠܡ ܥܡܗ
Matthew	Sinaiticus	03:03	hnw dktyb (lwhy b)$(y) nby) d)mr hw) dTybw )wrx) lmry)	ܗܢܘ ܕܟܬܝܒ ܥܠܘܗܝ ܒܐܫܥܝܐ ܢܒܝܐ ܕܐܡܪ ܗܘܐ ܕܛܝܒܘ ܐܘܪܚܐ ܠܡܪܝܐ
Matthew	Sinaiticus	03:05	hydyn )tyn hww lwth bn:y )wr$lm wklh yhwd) wklh (br) dywrdnn nhr)	ܛܘܒ̈ܝܗܘܢ ܠܡܣ̈ܟܢܐ ܒܪܘܚܗܘܢ ܕܕܝܠܗܘܢ ܗܝ ܡܠܟܘܬܐ ܕܫܡܝܐ܀
Matthew	Sinaiticus	03:06	wm(md hw) lhwn bywrdnn nhr) kd mwdyn hww )n$ )n$ bxThwhy,	ܐܢܬ ܕܝܢ ܡܐ ܕܥܒܕ ܐܢܬ ܙܕܩܬܐ܂ ܣܡܠܟ ܠܐ ܬܕܥ ܡܢܐ ܥܒܕܐ ܝܡܝܢܟ
Matthew	Sinaiticus	03:07	kd xz) dyn sgy)) d)tyn lm(mwdyth mn pr:y$) wzdwqy) )mr lhwn yld) d)kdn) mnw xwykwn lm(rq mn rwgz) d(tyd lm)t)	
Matthew	Sinaiticus	03:08	(bdw hkyl p)r) d$wyn ltybwt)	ܐܝܕܗ ܡܪܢ ܘܩܪܒ ܠܗ ܘܐܡܪ ܠܗ ܨܒܐ ܐܢܐ ܐܬܕܟܐ ܘܒܗ ܒܫܥܬܐ ܐܬܕܟܝ ܡܢܗ ܓܪܒܐ
Matthew	Sinaiticus	03:09	wl) t)mrwn d)b) )yt ln )brhm )mr )n) lkwn gyr dm$kx )lh) mn hlyn kp) lmqmw bny) l)brhm	ܐܢܫܐ ܕܝܢ ܡܢ ܣܦܪܐ ܐܡܪܘ ܗܢܐ ܡܓܕܦ
Matthew	Sinaiticus	03:10	wh) mTy lh nrg) (l (qr:yhwn d)yln) wkwl )yln) dp)r:) l) (bd mtpsq wbnwr) npl	ܘܦܝܠܝܦܘܣ ܘܒܪ ܬܘܠܡܝ ܘܬܐܘܡܐ ܘܡܬܝ ܡܟܣܐ ܘܝܥܩܘܒ ܒܪ ܚܠܦܝ
Matthew	Sinaiticus	03:11	)n) dyn m(mdn) lkwn bmy) ltybwt) hw dyn )yn) d)t) btry rb hw mny, )yn) dl) $wn) msnwhy lm$ql hw n(mdkwn bnwr) wbrwx) dqwd$)	ܘܫܠܚ ܠܗ ܐܢܬ ܗܘ ܗܘ ܕܐܬܐ ܐܘ ܠܐܚܪܝܢ ܡܣܟܝܢ ܐܢܚܢܢ
Matthew	Sinaiticus	03:12	hw d)xyd rp$) b)ydh wmdk) )drh wx:T) xml b)wcrh wtbn) mwqd bnwr) dl) d(k)%	ܐܡܪ ܠܗܘܢ ܠܐ ܩܪܝܬܘܢ ܡܢܐ ܥܒܕ ܕܘܝܕ ܟܕ ܟܦܢ ܘܐܝܠܝܢ ܕܥܡܗ
Matthew	Sinaiticus	03:13	hydyn )t) y$w( mn glyl) lwt ywxnn dn(mdywhy bywrdnn	ܘܡܡܠܠ ܥܡܗܘܢ ܣܓܝ ܒܦܠܐ̈ܬܐ ܘܐܡܪ ܗܘܐ ܗܐ ܢܦܩ ܙܪܘܥܐ ܠܡܙܪܥ ܙܪܥܐ܂
Matthew	Sinaiticus	03:14	wklyhy ywxnn w)mr lh )n) x$xn) d)nt t(mdny w)nt lwty )tyt	ܗܪܘܕܣ ܓܝܪ ܐܚܕܗ ܗܘܐ ܠܝܘܚܢܢ ܘܐܪܡܝܗ ܒܝܬ ܐܣܝܪ̈ܐ ܡܛܠ ܗܪܘܕܝܐ ܐܢܬܬ ܦܝܠܦܘܣ ܐܚܘܗܝ܂
Matthew	Sinaiticus	03:15	(n) y$w( w)mr lh $bwq dh$) mTl dhkn) y)) ln dnml) kwlh k)nwt) hydyn $bqh dn(md	ܗܘ ܕܝܢ ܥܢܐ ܘܐܡܪ ܠܗܘܢ ܠܡܢܐ ܐܦ ܐܢܬܘܢ ܥܒܪܝܢ ܐܢܬܘܢ ܥܠ ܦܘܩܕܢܐ ܕܐܠܗܐ ܡܛܠ ܦܘܩܕܢܝܟܘܢ܂
Matthew	Sinaiticus	03:17	wql) )$tm( mn $my) d)mr lh )nt hw bry wxbyby dbk )cTbyt%	
Matthew	Sinaiticus	04:01	hydyn y$w( )tdbr mn rwx) lmdbr) dntns) mn )kl qrc),	ܐܪܡ ܐܘܠܕ ܠܥܡܝܢܕܒ ܥܡܝܢܕܒ ܐܘܠܕ ܠܢܚܫܘܢ ܢܚܫܘܢ ܐܘܠܕ ܠܫܠܐ
Matthew	Sinaiticus	04:02	wmn btr )r:b(yn ywm:yn w)r:b(yn ly:lwn dc)m hw), kpn	ܘܟܢܫ ܟܠܗܘܢ ܪܒܝ ܟܗܢܐ ܘܣܦܪ̈ܐ ܕܥܡܐ ܘܐܡܪ ܠܗܘܢ ܕܐܝܠܟܐ ܡܬܝܠܕ ܡܫܝܚܐ܂
Matthew	Sinaiticus	04:03	wqrb lwth mnsyn) w)mr lh )n brh )nt d)lh) )mr lhlyn k)p) dnhwyn lxm),	ܗܘ ܕܝܢ ܝܘܚܢܢ ܠܒܝܫ ܗܘܐ ܠܒܘܫܐ ܕܒܥܘܐ ܕܓܡ̈ܠܐ ܘܐܣܝܪ ܗܘܐ ܒܚܨܘ̈ܗܝ ܥܪܩܬܐ ܘܡܐܟܠܬܗ ܩܡܨܐ ܘܕܒܫܐ ܕܛܘܪܐ܂
Matthew	Sinaiticus	04:05	hydyn dbrh )kl qrc) w)ytyh lmdynt qwd$) w)qymh (l knp) dhykl),	ܛܘܒ̈ܝܗܘܢ ܠܐܒ̈ܝܠܐ ܕܗܢܘܢ ܢܬܒܝܐܘܢ܀
Matthew	Sinaiticus	04:07	)mr lh y$w( ktyb hw dl) tns) lmry) )lhk,	
Matthew	Sinaiticus	04:08	twb dbrh sTn) w)sq )qymh (l Twr) )yn) dTb rm wxwyh kwlhyn mlkwt) d(lm) hn)	ܐܡܪ ܠܗ ܡܪܢ ܕܠܡܐ ܠܐܢܫ ܐܡܪ ܐܢܬ ܐܠܐ ܐܙܠ ܚܘܐ ܢܦܫܟ ܠܟܗܢܐ ܘܩܪܒ ܩܘܪܒܢܐ ܐܝܟ ܕܦܩܕ ܡܘܫܐ ܕܬܗܘܐ ܠܗܘܢ ܣܗܕܘܬܐ܀
Matthew	Sinaiticus	04:09	w)mr lh hlyn mlkwt) w$wbx:yhyn xzyt lk )tl )nyn )n tpl tsgwd qdmy	ܡܪܢ ܟܕ ܚܙܐ ܡܚܫܒܬܗܘܢ ܐܡܪ ܠܗܘܢ ܡܢܐ ܡܬܚܫܒܝܢ ܐܢܬܘܢ ܒܝܫܐ ܒܠܒܟܘܢ
Matthew	Sinaiticus	04:10	hydyn )mr lh y$w( zl lbstrk sTn) ktyb gyr lmry) )lhk tsgwd wlh blxwdwhy tplwx	ܘܫܡܥܘܢ ܩܢܢܝܐ ܘܝܗܘܕܐ ܒܪ ܝܥܩܘܒܿ ܘܝܗܘܕܐ ܣܟܪܝܛܐ ܕܗܘ ܗܘܐ ܡܫܠܡܢܐ܂
Matthew	Sinaiticus	04:12	wkd $m( dyn dywxnn )ttxd $ny lh lglyl)	ܐܝܟܢܐ ܥܠ ܗܘܐ ܠܒܝܬܗ ܕܐܠܗܐ ܘܠܚܡܐ ܕܐܦܐ ܂܂܂ ܂܂܂ ܂܂܂ ܂܂܂ ܠܗ ܫܠܝܛ ܂܂܂ ܂܂܂ ܂܂܂ ܂܂܂ ܂܂܂ ܂܂܂ ܂܂܂ ܂܂܂ ܂܂܂ ܂܂܂
Matthew	Sinaiticus	04:14	dttml) mlt) d)myr) b)$(y) nby) d)mr	ܐܡܪ ܗܘܐ ܠܗ ܓܝܪ ܝܘܚܢܢ ܕܠܐ ܫܠܝܛ ܠܟ ܠܡܣܒܗ܂
Matthew	Sinaiticus	04:15	)r() dzblwn w)r() dnptly )wrx) dym) w(brwhy dywrdnn nhr) glyl) d(mm)	ܐܠܗܐ ܓܝܪ ܐܡܪ ܝܩܪ ܠܐܒܘܟ ܘܠܐܡܟ ܘܡܢ ܕܡܨܚܐ ܠܐܒܘܗܝ ܘܠܐܡܗ ܡܡܬ ܢܡܘܬ܂
Matthew	Sinaiticus	04:17	mn hydyn $ry hw) y$w( lmkrzw w)mr dqrbt lh mlkwt) d$my)	
Matthew	Sinaiticus	04:19	)mr lhwn tw btry w)(bdkwn cyd) dbny )n$)	ܗܘ ܕܝܢ ܥܢܐ ܘܐܡܪ ܠܗܘܢ ܠܐ ܩܪܝܬܘܢ ܕܡܢ ܕܥܒܕ ܠܕܟܪܐ ܐܦ ܠܢܩܒܬܐ ܗܘ ܥܒܕ
Matthew	Sinaiticus	04:20	hnwn dyn bh b$(t) $bqw mcydthwn w)tw btrh,	ܐܡܪ ܠܗܘܢ ܙܠܘ ܐܦ ܐܢܬܘܢ ܠܟܪܡܐ ܘܡܐ ܕܙܕܩ ܐܬܠ ܠܟܘܢ܂
Matthew	Sinaiticus	04:21	wqrb twb wxz) tr:yn )xyn )xr:nyn ly(qwb wlywxnn kd ytbyn bspynt), (m zbdy )bwhwn, wmtqnyn mcydthwn, wqr) )nwn	
Matthew	Sinaiticus	04:22	hnwn dyn $bqw l)bwhwn bspynt) w)zlw btrh	ܬܘܒ ܫܕܪ ܥܒ̈ܕܐ ܐܚܪܢܐ ܘܐܡܪ ܐܡܪܘ ܠܗܢܘܢ ܕܩܪܝܢ ܗܐ ܟܠ ܡܕܡ ܡܛܝܒ ܗܘ ܐܬܘ ܠܒܝܬ ܡܫܬܘܬܐ
Matthew	Sinaiticus	04:23	wmtkrk hw) y$w( bkwlh glyl) wmlp hw) bknw$:thwn wmkrz hw) sbrt) dmlkwt) wm)s) hw) kl k)b) wkl kwrhn, db(m)	ܘܐܣܪܝܢ ܡܘܒ̈ܠܐ ܝܩܝܪ̈ܬܐ ܘܣܝܡܝܢ ܥܠ ܟܬܦܬܐ ܕܒܢ̈ܝ ܐܢܫܐ܂ ܘܗܢܘܢ ܕܝܢ ܠܐ ܩܪܒܝܢ ܠܗܝܢ
Matthew	Sinaiticus	04:25	wkd hw) kn$) sgy)), dmn glyl) wmn (srt mdynt) wmn )wr$lm wmn yhwd) wmn (brh dywrdnn,	ܚܟܝ̈ܡܬܐ ܕܝܢ ܢܣܒ ܡܫܚܐ ܒܡܐܢܐ ܥܡ ܠܡܦܕܝܗܝܢ܂
Matthew	Sinaiticus	05:01	kd xz) lkn$) sgy:)) slq lh lTwr) wkd ytb qrbw lwth tlm:ydwhy	ܫܠܐ ܐܘܠܕ ܠܒܥܙ ܡܢ ܪܚܒ ܒܥܙ ܐܘܠܕ ܠܥܒܕ ܡܢ ܪܥܘܬ ܥܘܒܕ ܐܘܠܕ ܠܐܝܫܝ
Matthew	Sinaiticus	05:02	w$ry lm)mr lhwn%	ܐܡܪ̈ܝܢ ܠܗ ܒܝܬ ܠܚܡ ܕܝܗܘܕܐ܂ ܗܟܢܐ ܓܝܪ ܟܬܝܒ ܒܢܒܝܐ
Matthew	Sinaiticus	05:03	Twb:yhwn lms:kn) brwxhwn ddylhwn hy mlkwt) d$my)%	ܗܝܕܝܢ ܐܬܝܢ ܗܘܘ ܠܘܬܗ ܒܢ̈ܝ ܐܘܪܫܠܡ ܘܟܠܗ ܝܗܘܕܐ ܘܟܠܗ ܥܒܪܐ ܕܝܘܪܕܢܢ ܢܗܪܐ
Matthew	Sinaiticus	05:04	Twb:yhwn l)b:yl) dhnwn ntby)wn%	ܗܝܕܝܢ ܕܒܪܗ ܐܟܠ ܩܪܨܐ ܘܐܝܬܝܗ ܠܡܕܝܢܬ ܩܘܕܫܐ ܘܐܩܝܡܗ ܥܠ ܟܢܦܐ ܕܗܝܟܠܐ܂
Matthew	Sinaiticus	05:05	Twb:yhwn lmkyk) dhnwn n)rtwnh )r()%	ܛܘܒ̈ܝܗܘܢ ܠܡܟܝܟܐ ܕܗܢܘܢ ܢܐܪܬܘܢܗ ܐܪܥܐ܀
Matthew	Sinaiticus	05:06	Twb:yhwn l)ylyn dkpnyn wchyn lknwt) dhnwn nsb(wn%	
Matthew	Sinaiticus	05:07	Twb:yhwn lmr:xmn) d(lyhwn nhwwn r:xm)%	
Matthew	Sinaiticus	05:08	Twby:hwn l)ylyn ddkyn blbhwn dhnwn nxzwnh l)lh)%	ܒܬܪ ܗܠܝܢ ܩܪܒ ܠܗ ܟܝܠܪܟܐ ܘܒܥܐ ܗܘܐ ܡܢܗ
Matthew	Sinaiticus	05:09	Twby:hwn l(b:dy $lm) dhnwn bn:why d)lh) ntqrwn%	ܐܝܢܐ ܦܫܝܩܐ ܠܡܐܡܪ ܕܫܒܝܩܝܢ ܠܟ ܚܛܗ̈ܝܟ܂ ܐܘ ܠܡܐܡܪ ܕܩܘܡ ܗܠܟ
Matthew	Sinaiticus	05:10	Twb:yhwn l)ylyn dr:dypyn mTl zdyqwt), ddylhwn hy mlkwt) d$my)%	ܘܫܕܪ ܡܪܢ ܗܠܝܢ ܬܪ̈ܥܣܪ ܬܠܡ̈ܝܕܘܗܝ ܘܦܩܕ ܐܢܘܢ ܘܐܡܪ ܠܗܘܢ ܒܐܘܪܚܐ ܕܥܡ̈ܡܐ ܠܐ ܬܐܙܠܘܢ ܘܠܟܪܟܐ ܕܫܡܪ̈ܝܐ ܠܐ ܬܥܠܘܢ
Matthew	Sinaiticus	05:11	Twb:ykwn kd nhwyn snyn lkwn bny )n$) wrdpyn lkwn wm) d)mryn (lykwn dby$ mTwl $my dyly,	ܗܐ ܓܝܪ ܣܡܝܐ ܚܙܝܢ ܘܚܓܝܪܐ ܡܗܠܟܝܢ ܘܓܪ̈ܒܐ ܡܬܕܟܝܢ ܘܚܪܫܐ ܫܡܥܝܢ ܘܡܝܬܐ ܩܝܡܝܢ
Matthew	Sinaiticus	05:12	)ntwn dyn xdw wrwzw bhw ywm) d)grkwn sgy hw b$my) hkn) gyr r:dpyn hww )bhyhwn lnby)%	܂܂܂ ܂܂܂ ܂܂܂ ܂܂܂ ܂܂܂ ܂܂܂ ܂܂܂ ܂܂܂ ܂܂܂ ܂܂܂ ܂܂܂ ܂܂܂ ܂܂܂ ܂܂܂
Matthew	Sinaiticus	05:14	)ntwn )nwn nwhrh d(lm), wl) m$kx) mdynt) d(l Twr) bny) dtT$)	ܘܨܒܐ ܗܘܐ ܠܡܩܛܠܗ ܘܕܚܠ ܗܘܐ ܡܢ ܥܡܗ ܡܛܠ ܕܐܝܟ ܕܠܢܒܝܐ ܐܚܝܕܝܢ ܗܘܘ ܠܗ
Matthew	Sinaiticus	05:15	wl) )n$ mnhr $rg) ws)m lh txyt s)t) )l) s)m lh l(l mn mnrt) wlkl d)yt bbyt) mnhr,	ܐܢܬܘܢ ܕܝܢ ܐܡܪ̈ܝܢ܂ ܐܢܬܘܢ ܕܡܢ ܕܢܐܡܪ ܠܐܒܘܗܝ ܘܠܐܡܗ ܩܘܪܒܢ ܐܢ ܬܬܗܢܐ ܡܢܝ܂ ܘܗܢܐ ܠܐ ܠܐܒܘܗܝ ܘܠܐ ܠܐܡܗ ܡܝܩܪ܂
Matthew	Sinaiticus	05:19	wmn dn$r) xd mn pwq:dn) h:lyn z(wr) wnlp hkn) lbn:y )n$) bcyr) ntqr) bmlkwt) d$my) kwl dn(bd dyn wnlp hkn) hn) rb) ntqr) bmlkwt) d$my)	ܡܛܠ ܗܢܐ ܢܫܒܘܩ ܓܒܪܐ ܠܐܒܘܗܝ ܘܠܐܡܗ ܘܢܩܦ ܠܐܢܬܬܗ ܘܢܗܘܘܢ ܬܪ̈ܝܗܘܢ ܚܕ ܒܣܪ
Matthew	Sinaiticus	05:20	)mrn) lkwn gyr d)l) t)tr zdyqwtkwn mn dspr:) wpr:y$) l) t(lwn lmlkwt)%	ܘܢܦܩ ܬܘܒ ܒܫܬ ܫ̈ܥܝܢ ܘܒܬܫ̈ܥ ܘܗܟܘܬ ܥܒܕ
Matthew	Sinaiticus	05:21	$m(twn d)t)mr lqdm:y) l) tqTwl wkwl mn dnqTwl ntxyb bdyn),	
Matthew	Sinaiticus	05:22	)n) dyn )mrn) lkwn dkwl mn drgz (l )xwhy )yq) nhw) mxyb bdyn) wkwl dn)mr l)xwhy rq) mxyb hw bknw$t), wmn dn)mr l)xwhy $Ty) mxyb hw lghn) dnwr)%	ܗܢܘܢ ܕܝܢ ܒܣܘ ܘܐܝܬ ܕܐܙܠ ܠܩܪܝܬܗ܂ ܘܐܝܬ ܕܐܙܠ ܠܬܐܓܪܬܐ܂
Matthew	Sinaiticus	05:24	$bwq qwrbnk tmn (l mdbx) wzl lwqdm )tr() (m )xwk whydyn t) qrb qwrbnk	ܣܓܝܐܐ ܓܝܪ ܢܐܬܘܢ ܒܫܡܝ ܘܢܐܡܪܘܢ ܕܐܢܐ ܐܢܐ ܡܫܝܚܐ ܘܣܓܝܐܐ ܢܛܥܘܢ
Matthew	Sinaiticus	05:26	w)myn )mr )n) lk dl) tpwq mn tmn (dm) dttl $mwn) )xry)	ܐܡܪܝܢ ܗܘܘ ܠܐ ܒܥܕܥܝܕܐ ܘܠܐ ܒܦܨܚܐ ܕܠܐ ܢܗܘܐ ܫܓܘܫܝܐ ܒܥܡܐ
Matthew	Sinaiticus	05:27	$m(twn d)t)mr l) tgwr	ܗܘ ܕܝܢ ܫܕܝܗܝ ܟܣܦܐ ܒܗܝܟܠܐ ܘܫܢܝ ܘܐܙܠ ܬܠܐ ܠܗ ܘܐܬܚܢܩ܂
Matthew	Sinaiticus	05:28	)n) dyn )mrn) lkwn dkl mn dxz) )ntt) wr)g lh, grh blbh	ܥܢܐ ܡܠܐܟܐ ܘܐܡܪ ܠܢܫ̈ܐ ܐܢܬܝܢ ܠܐ ܬܕܚܠܢ ܝܕܥܢܐ ܓܝܪ ܕܠܝܫܘܥ ܗܘ ܕܐܙܕܩܦ ܒܥܝܢ ܐܢܬܝܢ
Matthew	Sinaiticus	05:29	)n dyn (ynk dymyn) mk$l) lk xcyh $dyh mnk, pqx lk gyr dxd hdmk n)bd wl) kwlh pgrk n)zl lghn)	
Matthew	Sinaiticus	05:31	)t)mr dmn d$bq )ntth ntl lh )grt) ddwl)	
Matthew	Sinaiticus	05:33	$m(twn d)t)mr dl) t)m) mwmt $wqr) )l) ttl lmry) mwmt)	
Matthew	Sinaiticus	05:34	)n) dyn )mrn) lkwn dqnwmkwn l) t)mwn, l) b$my) dkwrsyh )nwn d)lh)	
Matthew	Sinaiticus	05:35	wl) b)r() dkwb$) hy txyt r:glwhy, wl) b)wr$lm mTl dmdynth hy dmlk) rb),	
Matthew	Sinaiticus	05:37	)l) thw) mltkwn )yn )yn wl) l), mdm dmn hlyn ytyr mn by$) hw%	
Matthew	Sinaiticus	05:38	$m(twn d)t)mr d(yn) xlp (yn), w$n) xlp $n),	
Matthew	Sinaiticus	05:39	)n) dyn )mrn) lkwn dl) tqwmwn lqbl by$), )l) mn dmx) lk (l pkk qrb lh )xrn),	
Matthew	Sinaiticus	05:40	wmn dcb) dndwn (mk wnsb kwtynk $bwq lh )p mrTwTk,	
Matthew	Sinaiticus	05:41	mn dm$xr lk dt)zl (mh myl )zl (mh twb tr:yn )xrnyn,	
Matthew	Sinaiticus	05:42	wmn d$)l lk hb lh, wmn dcb) lm)zp mnk l) tklyhy%	
Matthew	Sinaiticus	05:43	$m(twn d)t)mr dtrxm lqrybk wtsn) lb(ldbbk,	
Matthew	Sinaiticus	05:44	)n) dyn )mr )n) lkwn dr:xmw lb(ldbbykwn, wclw (l )ylyn dr:dpyn lkwn,	
Matthew	Sinaiticus	05:46	)n gyr txbwn )ylyn dmxbyn lkwn mnw )grkwn )p mks:) hkn) (bdyn,	
Matthew	Sinaiticus	05:48	hww hkyl )ntwn gmyr:) )ykn) d)bwkwn db$my) gmyr hw,	
Matthew	Sinaiticus	06:01	wl) t(bdwn zdyqwtkwn l(yn b:ny )n$) )yk dttxzwn lhwn dl) )gr) lyt lkwn lwt )bwkwn db$my)	ܐܝܫܝ ܐܘܠܕ ܠܕܘܝܕ ܡܠܟܐ ܕܘܝܕ ܐܘܠܕ ܠܫܠܡܘܢ ܡܢ ܐܢܬܬܗ ܕܐܘܪܝܐ
Matthew	Sinaiticus	06:02	m) d(bd )nt zdqt) l) tqr) qrn) qdmyk )yk d(bdyn nsbyn b):p) bknw$:t), wb$qq), dn$tbxwn mn b:ny )n$) )myn )mrn) lkwn dqblw )grhwn,	ܘܐܦ ܐܢܬܝ ܒܝܬ ܠܚܡ ܕܝܗܘܕܐ ܠܐ ܗܘܝܬ ܒܨܝܪܐ ܡܢ ܡ̈ܠܟܐ ܕܝܗܘܕܐ ܡܢܟܝ ܓܝܪ ܢܦܘܩ ܡܠܟܐ ܕܗܘ ܢܪܥܝܘܗܝ ܠܥܡܝ ܐܝܣܪܝܠ
Matthew	Sinaiticus	06:03	)nt dyn m) d(bd )nt zdqt), smlk l) td( mn) (bd) ymynk	ܘܡܥܡܕ ܗܘܐ ܠܗܘܢ ܒܝܘܪܕܢܢ ܢܗܪܐ ܟܕ ܡܘܕܝܢ ܗܘܘ ܐܢܫ ܐܢܫ ܒܚܛܗܘܗܝ܂
Matthew	Sinaiticus	06:04	dthw) zdqtk bksy), w)b) dxz) bksy) npr(k bgly),	ܘܐܡܪ ܠܗ܂ ܐܢ ܒܪܗ ܐܢܬ ܕܐܠܗܐ ܦܠ ܡܢ ܗܡܟܐ ܟܬܝܒ ܗܘ ܓܝܪ ܕܠܡܠܐܟܘܗܝ ܢܦܩܕ ܥܠܝܟ ܕܢܢܛܪܘܢܟ ܘܥܠ ܕܪܥܝܗܘܢ ܢܫܩܠܘܢܟ ܕܠܐ ܬܬܩܠ ܒܪܓܠܟ ܒܟܐܦܐ
Matthew	Sinaiticus	06:08	l) hkyl ttdmwn lhwn, yd( hw gyr )bwkwn (d )ntwn l) t$)lwnh mn) mtb() lkwn	ܘܐܡܪ ܥܒܕܝ ܡܫܪܝ ܘܪܡܐ ܒܒܝܬܐ ܒܬܫܢܝܩܐ ܪܒܐ
Matthew	Sinaiticus	06:09	)ntwn hkyl hkn) hwytwn mclyn% )bwn db$my) ntqd$ $mk,	ܕܬܕܥܘܢ ܕܝܢ ܕܫܠܝܛ ܗܘ ܒܪܗ ܕܐܢܫܐ ܥܠ ܐܪܥܐ ܠܡܫܒܩ ܚܛܗ̈ܐ ܗܝܕܝܢ ܐܡܪ ܠܗܘ ܡܫܪܝܐ ܩܘܡ ܫܩܘܠ ܥܪܣܟ ܘܐܙܠ ܠܒܝܬܟ
Matthew	Sinaiticus	06:10	wt)t)	ܐܠܐ ܙܠܘ ܠܟܘܢ ܠܥܢܐ ܕܛܥܬ ܡܢ ܒܝܬ ܐܝܣܪܝܠ
Matthew	Sinaiticus	08:03	)ydh mrn wqrb lh w)mr lh cb) )n) )tdk) wbh b$(t) )tdky mnh grb)	ܥܒܕܘ ܗܟܝܠ ܦܐܪܐ ܕܫܘܝܢ ܠܬܝܒܘܬܐ
Matthew	Sinaiticus	08:04	)mr lh mrn dlm) l)n$ )mr )nt )l) )zl xw) np$k lkhn) wqrb qwrbn) )yk dpqd mw$) dthw) lhwn shdwt)%	ܬܘܒ ܕܒܪܗ ܣܛܢܐ ܘܐܣܩ ܐܩܝܡܗ ܥܠ ܛܘܪܐ ܐܝܢܐ ܕܛܒ ܪܡ ܘܚܘܝܗ ܟܘܠܗܝܢ ܡܠܟܘܬܐ ܕܥܠܡܐ ܗܢܐ
Matthew	Sinaiticus	08:06	w)mr (bdy m$ry wrm) bbyt) bt$nyq) rb)	ܠܐ ܗܟܝܠ ܬܬܕܡܘܢ ܠܗܘܢ܂ ܝܕܥ ܗܘ ܓܝܪ ܐܒܘܟܘܢ ܥܕ ܐܢܬܘܢ ܠܐ ܬܫܐܠܘܢܗ ܡܢܐ ܡܬܒܥܐ ܠܟܘܢ
Matthew	Sinaiticus	08:07	)mr lh )n) )t) w)sywhy	
Matthew	Sinaiticus	08:08	(n) hw kly)rk) w)mr lh mry l) $wn) dt(wl txyt mTlly )l) )mr bmlt) wnt)s) Tlyy	ܥܢܐ ܗܘ ܟܠܝܐܪܟܐ ܘܐܡܪ ܠܗ ܡܪܝ ܠܐ ܫܘܢܐ ܕܬܥܘܠ ܬܚܝܬ ܡܛܠܠܝ ܐܠܐ ܐܡܪ ܒܡܠܬܐ ܘܢܬܐܣܐ ܛܠܝܝ
Matthew	Sinaiticus	08:10	kd $m( dyn mrn )tdmr w)mr l)ylyn d)tyn btrh )myn )mrn) lkwn d)pl) )yk hd) hymnwt) )$kxt byt )ysryl	ܟܪܝܗܐ ܐܣܘ ܡܝ̈ܬܐ ܐܩܝܡܘ ܓܪܒܐ ܕܟܘ ܘܫܐ̈ܕܐ ܐܦܩܘ ܡܓܢ ܢܣܒܬܘܢ ܡܓܢ ܗܒܘ
Matthew	Sinaiticus	08:11	)mrn) lkwn dsg:y)) n)twn mn mdnx) wmn m(rb) wnstmkwn (m )brhm w)ysxq wy(qwb bmlkwt) d$my)	ܘܐܠܐ ܡܢܐ ܢܦܩܬܘܢ ܠܡܚܙܐ ܓܒܪܐ ܕܢܚܬܐ ܪܟܝܟܐ ܠܒܝܫ ܗܐ ܐܝܠܝܢ ܕܪܟܝܟܐ ܠܒܝܫܝܢ ܒܝܬ ܡ̈ܠܟܐ ܐܢܘܢ
Matthew	Sinaiticus	08:12	wbnyh dmlkwt) npqwn lx$wk) bry) tmn nhw) bky) wxrwq $n)	ܡܪܗ ܓܝܪ ܕܫܒܬܐ ܒܪܗ ܗܘ ܕܐܢܫܐ
Matthew	Sinaiticus	08:14	w)t) mrn lbyth d$m(wn k)p) wxz) lxmth drmy) w)xyd) lh )$t),	ܗܝ ܕܝܢ ܡܛܠ ܕܡܠܦܐ ܗܘܬ ܡܢ ܐܡܗ ܐܡܪܬ ܗܒ ܠܝ ܗܪܟܐ ܒܦܝܢܟܐ ܪܫܗ ܕܝܘܚܢܢ ܡܥܡܕܢܐ
Matthew	Sinaiticus	08:15	wqrb l)ydh wbh b$(t) $bqth )$t) wqmt wm$m$) hwt lhwn,	ܥܡܐ ܗܢܐ ܒܣܦܘܬܗ ܗܘ ܡܝܩܪ ܠܝ܂ ܘܒܠܒܗ ܪܚܝܩ ܡܢܝ܂
Matthew	Sinaiticus	08:16	m(r:by $m$) dyn qrbw lh klhwn )ylyn d)yt hw) lhwn $)d) w)pq )nwn bmlth w)ylyn dby$ by$ (bydyn )sy )nwn	ܝܫܘܥ ܕܝܢ ܝܕܥ ܘܐܡܪ ܡܢܐ ܡܬܚܫܒܝܢ ܐܢܬܘܢ ܒܝܢܬܟܘܢ ܚܣܝܪܝ ܗܝܡܢܘܬܐ ܕܠܐ ܢܣܒܬܘܢ ܠܟܘܢ ܠܚܡܐ
Matthew	Sinaiticus	08:17	dntml) mdm d)t)mr b)$(y) d)mr hw) dhw nsb mr:(yn wn$qwl kwr:hnyn	
Matthew	Sinaiticus	08:19	wqrb spr) xd w)mr lh rby )t) btrk l)tr d)zl )nt,	ܐܡܪ ܠܗܘܢ ܡܘܫܐ ܡܛܠ ܩܫܝܘܬܐ ܕܠܒܟܘܢ ܗܘ ܐܦܣ ܠܟܘܢ ܕܬܫܪܘܢ ܢܫܝܟܘܢ ܡܢ ܒܪܫܝܬ ܕܝܢ ܠܐ ܗܘܐ ܗܟܢܐ
Matthew	Sinaiticus	08:21	)xrn) dyn mn tlmydwhy )mr lh mry )ps ly lwqdm )zl )qbwr l)by w)t)	
Matthew	Sinaiticus	08:22	)mr lh $bwq my:t) qbr:yn mytyhwn w)nt t) btry%	ܗܝܕܝܢ ܐܡܪ ܠܥܒ̈ܕܘܗܝ ܡܫܬܘܬܐ ܡܛܝܒܐ ܗܝ ܘܗܢܘܢ ܕܩܪ̈ܝܢ ܠܐ ܫܘܝܢ ܗܘܘ ܠܗ܂
Matthew	Sinaiticus	08:23	wslq mrn lspynt) wtlmydwhy )tyn hww btrh	ܐܢܬܘܢ ܠܐ ܬܩܪܘܢ ܪܒܝ ܚܕ ܗܘ ܡܠܦܢܟܘܢ ܘܐܢܬܘܢ ܟ̈ܠܟܘܢ ܐܚ̈ܐ
Matthew	Sinaiticus	08:24	whw) mx$wl) rb) bymt) wqryb) hwt lmtksyw bg:ll), hw dyn dmyk hw)	ܗܠܝܢ ܕܝܢ ܟܠܗܝܢ ܪܫܐ ܐܢܝܢ ܕܚܒܠܐ
Matthew	Sinaiticus	08:26	)mr dyn lhwn y$w( lmn) dxwltnyn )ntwn hydyn qm wk)) brwx) wbym) whw) $ly) rb)	ܚܙܘ ܕܝܢ ܬܠܡܝܕܘܗܝ ܘܐܡܪܘ ܠܡܢܐ ܐܒܕܢܐ ܗܢܐ
Matthew	Sinaiticus	08:27	hnwn dyn )n$) tmyhyn hww w)mryn mnw hn) dym) wrwx) m$tm(yn lh%	ܡܛܠ ܗܢܐ ܐܬܩܪܝܬ ܗܝ ܩܘܪܝܬ ܕܡ ܥܕܡܐ ܠܝܘܡܢܐ܂
Matthew	Sinaiticus	08:28	wkd )t) l)tr) dgdr:y) pg(w bh tryn gbryn d)ytyhwn (lyhwn $)d) wby$) hww Tb wnpqyn hww mn qbr) dl) )n$ m$kx hw), lm(br bhy )wrx)	
Matthew	Sinaiticus	08:31	wb(yn hww mnh hnwn $):d) w)mryn d)n mpq )nt ln $dryn lmr(yt) hy dxzyr)	
Matthew	Sinaiticus	08:33	w(rqw r(wt) w(lw lmdynt) w)$t(yw kl mdm d(bd whlyn d$):d)	
Matthew	Sinaiticus	08:34	wnpqt klh mdynt) l)wr( dmrn wkd xz)why b(w mnh dn$n) mn lwthwn	
Matthew	Sinaiticus	09:01	w(l lspynt) w(br )t) lmdynth	ܥܘܙܝܐ ܐܘܠܕ ܠܝܘܬܡ܂ ܝܘܬܡ ܐܘܠܕ ܠܐܚܙ ܐܚܙ ܐܘܠܕ ܠܚܙܩܝܐ܂
Matthew	Sinaiticus	09:02	w)zlw lhwn wqrbw m$ry) kd rm) b(rs) wkd xz) mrn hymnwthwn )mr lhw m$ry) l) tdxl bry $byqyn lk xThyk	ܗܢܘܢ ܕܝܢ ܟܕ ܩܒܠܘ ܦܘܩܕܢܐ ܕܡܠܟܐ ܐܙܠܘ ܘܐܬܚܙܝ ܠܗܘܢ ܟܘܟܒܐ ܗܘ ܕܚܙܘ ܗܘܘ ܒܡܕܢܚܐ܂ ܐܙܠ ܗܘܐ ܩܕܡܝܗܘܢ ܥܕܡܐ ܕܐܬܐ ܩܡ ܐܬܪ ܕܬܡܢ ܗܘܐ ܛܠܝܐ܂
Matthew	Sinaiticus	09:03	)n$) dyn mn spr) )mrw hn) mgdp	ܘܠܐ ܬܐܡܪܘܢ ܕܐܒܐ ܐܝܬ ܠܢ ܐܒܪܗܡ ܐܡܪ ܐܢܐ ܠܟܘܢ ܓܝܪ ܕܡܫܟܚ ܐܠܗܐ ܡܢ ܗܠܝܢ ܟܦܐ ܠܡܩܡܘ ܒܢܝܐ ܠܐܒܪܗܡ
Matthew	Sinaiticus	09:04	mrn kd xz) mx$bthwn )mr lhwn mn) mtx$byn )ntwn by$) blbkwn	ܘܐܡܪ ܠܗ ܗܠܝܢ ܡܠܟܘܬܐ ܘܫܘܒܚ̈ܝܗܝܢ ܚܙܝܬ ܠܟ ܐܬܠ ܐܢܝܢ ܐܢ ܬܦܠ ܬܣܓܘܕ ܩܕܡܝ
Matthew	Sinaiticus	09:05	)yn) p$yq) lm)mr d$byqyn lk xTh:yk, )w lm)mr dqwm hlk	ܛܘܒܝ̈ܗܘܢ ܠܥܒ̈ܕܝ ܫܠܡܐ ܕܗܢܘܢ ܒܢ̈ܘܗܝ ܕܐܠܗܐ ܢܬܩܪܘܢ܀
Matthew	Sinaiticus	09:06	dtd(wn dyn d$lyT hw brh d)n$) (l )r() lm$bq xTh:) hydyn )mr lhw m$ry) qwm $qwl (rsk w)zl lbytk	ܐܢܬܘܢ ܗܟܝܠ ܗܟܢܐ ܗܘܝܬܘܢ ܡܨܠܝܢ܀ ܐܒܘܢ ܕܒܫܡܝܐ ܢܬܩܕܫ ܫܡܟ܂
Matthew	Sinaiticus	09:07	wqm $ql (rsh w)zl lbyth	
Matthew	Sinaiticus	09:08	wkd xzw kn$) dxlw wm$bxyn hww l)lh) dyhb hn) $wlTn) lb:ny )n$)%	ܐܦ ܐܢܐ ܓܝܪ ܓܒܪܐ ܐܢܐ ܕܐܝܬ ܠܝ ܫܘܠܛܢܐ ܘܣܛܪܛܝܘܛܐ ܐܝܬ ܬܚܝܬ ܐܝܕܝ܂ ܘܐܡܪ ܐܢܐ ܠܗܢܐ ܕܐܙܠ ܘܐܙܠ ܘܠܐܚܪܢܐ ܐܡܪܢܐ ܕܬܐ ܘܐܬܐ ܘܠܥܒܕܝ ܐܡܪ ܐܢܐ ܕܥܒܕ ܙܦܠܢ ܘܥܒܕ
Matthew	Sinaiticus	09:10	wkd smykyn bbyt) )tw xTy) wmks) sgy)) wkd )klw )stmkw lwt mrn wlwt tlmydwhy	ܠܐ ܬܩܢܘܢ ܠܟܘܢ ܕܗܒܐ ܘܟܣܦܐ ܘܐܦ ܠܐ ܢܚܫܐ ܒܟܝܣܝܟܘܢ
Matthew	Sinaiticus	09:11	hydyn kd xzyn pry$) )mryn ltlmydwhy lmn) (m mks) wxTy) )klyn )ntwn w$tyn	ܘܐܠܐ ܡܢܐ ܢܦܩܬܘܢ ܠܡܚܙܐ ܢܒܝܐ ܐܝܢ ܐܡܪܢܐ ܠܟܘܢ ܕܡܝܬܪ ܗܘ ܡܢ ܢܒܝܐ
Matthew	Sinaiticus	09:12	hw dyn kd $m( )mr l) snyqyn xlym) (l )sy), )l) )ylyn dby$ by$ (bydyn	ܘܟܕ ܫܢܝ ܡܢ ܬܡܢ ܐܬܐ ܠܟܢܘܫܬܗܘܢ
Matthew	Sinaiticus	09:13	)zlw dyn ylpw mnw xnn) b(n) wl) dbxt) l) gyr )tyt d)qr) lzdyq) )l) lxTy) ltybwt)	ܟܠ ܕܐܝܬ ܠܗ ܐܕܢܐ ܢܫܡܥ
Matthew	Sinaiticus	09:14	hydyn )tw tlm:ydwhy dywxnn w)mryn mnw d)nxnn wpr:y$) cymyn )nxnn xpyTy)yt, wtlm:ydyk l) cymyn	ܘܟܪܝܬ ܠܗ ܠܡܠܟܐ ܘܡܛܠ ܡܘܡܬܐ ܘܡܛܠ ܣܡܝܟܐ ܦܩܕ ܕܢܬܝܗܒ ܠܗܿ
Matthew	Sinaiticus	09:17	w)p l) rmyn xmr) xdt), bzq:) bly:t) dl) xmr) mcr) lhyn lzq:) whw xmr) mt)$d wzq:) )bdn, )l) rmyn xmr) xdt) bzq) xdt:t) wtr:yhwn mtnTr:yn,	
Matthew	Sinaiticus	09:18	kd hw dyn mmll hw) (mhwn, wh) rb knw$thwn xd )t) npl hw) sgd lh w)mr brty h$) mytt )l) sym )ydk wtx),	ܐܢ ܥܝܢܟ ܡܟܫܠܐ ܠܟ ܚܨܝܗ ܫܕܝܗ ܡܢܟ ܦܩܚ ܠܟ ܓܝܪ ܕܬܥܘܠ ܠܚܝܐ܂ ܟܕ ܐܝܬ ܠܟ ܚܕܐ ܥܝܢܐ ܘܠܐ ܟܕ ܐܝܬ ܠܟ ܬܪ̈ܬܝܢ ܘܬܐܙܠ ܠܓܗܢܐ ܕܢܘܪܐ܀
Matthew	Sinaiticus	09:19	wqm mrn )zl (mh hw wtlm:ydwhy,	ܐܡܪܢܐ ܠܟܘܢ ܕܝܢ ܕܡܢ ܕܢܫܪܐ ܐܢܬܬܗ ܕܠܐ ܓܘܪܐ ܘܢܣܒ ܐܚܪܬܐ ܡܓܪ ܓܐܪ
Matthew	Sinaiticus	09:20	wh) )ntt) drd) hw) dmh $n:yn trt(sr:) w)tt wqrbt lknp) dmrTw:T)h	ܘܟܕ ܐܬܘ ܗܢܘܢ ܕܒܚܕܥܣܪܐ ܫ̈ܥܝܢ ܫܩܠܘ ܕܝܢܪ ܕܝܢܪ
Matthew	Sinaiticus	09:21	)mr) hwt gyr bynyh. wlnp$h., d)pn lnx:twhy qrb) )n) mt)sy) )n)	
Matthew	Sinaiticus	09:22	hw dyn )tpny lh w)mr lh l) tdxlyn brty hymnwtky )xytky wmn hy $(t) )txlmt )ntt) hy,	ܡܟܝܠ ܦܘܩܘ ܠܒܝܬ ܐܘܪ̈ܚܬܐ ܘܠܟܘܠ ܕܡܫܟܚܝܢ ܐܢܬܘܢ ܩܪܘܘܗܝ ܠܒܝܬ ܡܫܬܘܬܐ܂
Matthew	Sinaiticus	09:23	wkd )t) mrn lbyth dhw rb knw$t) wxz) lzmr) wlkn$) hw dm$tg$yn hww	ܘܐܒܐ ܠܐ ܬܩܪܘܢ ܠܟܘܢ ܒܐܪܥܐ ܚܕ ܗܘ ܓܝܪ ܐܒܘܟܘܢ ܕܒܫܡܝܐ
Matthew	Sinaiticus	09:24	)mr lhwn $nw lhl Tlyt) gyr l) mytt )l) mdmk hw dmk) hnwn dyn gxkyn hww (lwhy,	ܘܗܝܕܝܢ ܢܫܠܡܘܢܟܘܢ ܠܐܘܠܨܢܐ ܘܢܩܛܠܘܢܟܘܢ ܘܢܗܘܐ ܣܢܐ ܠܟܘܢ ܟܘܠ ܐܢܫ ܡܛܘܠ ܫܡܝ
Matthew	Sinaiticus	09:25	kd dyn )pqwhy lkn$) hw lbr )t) qrb l)ydh wbr $(th qmt	ܐܡܪ̈ܢ ܠܗ̈ܝܢ ܗ̈ܠܝܢ ܚܟܝܡ̈ܬܐ ܕܠܡܐ ܠܐ ܢܣܦܩ ܠܢ ܘܠܟܝ̈ܢ܂ ܐܠܐ ܙܠܝܢ ܠܘܬ ܐܝܠܝܢ ܕܡܙܒܢܝܢ ܘܙܒܢܢ ܠܟܝ̈ܢ܂
Matthew	Sinaiticus	09:26	wnpq Tb) hn) bklh )r(h hy	ܡܫܟܚ ܗܘܐ ܓܝܪ ܗܢܐ ܕܢܙܕܒܢ ܒܣܓܝ ܘܢܬܝܗܒ ܠܡܣ̈ܟܢܐ
Matthew	Sinaiticus	09:27	wkd (br mrn dbqwhy tryn smy) wq(yn bql) rm) )trxm (lyn brh ddwyd	ܗܝܕܝܢ ܐܬܡܠܝ ܡܕܡ ܕܐܬܐܡܪ ܒܢܒܝܐ ܕܐܡܪ ܗܘܐ ܕܢܣܒܬ ܬ̈ܠܬܝܢ ܕܟܣܦܐ ܕܡܘܗܝ ܕܝܩܝܪܐ ܕܝܩܪܬ ܡܢ ܒܢܝ̈ܗܘܢ ܕܐܝܣܪܐܝܠ
Matthew	Sinaiticus	09:28	wkd )t) lbyt) qrbw lh hnwn smy) )mr lhwn mhymnyn )ntwn dm$kx )n) d)(bd hd), )mr:yn lh )yn mrn mhymnyn )nxnn	
Matthew	Sinaiticus	09:29	hydyn qrb l(ynyhwn w)mr )ykn) dhymntwn nhw) lkwn	
Matthew	Sinaiticus	09:30	wbh b$(t) )tptx (ynyhwn, wk)) bhwn mrn w)mr lhwn h) xzw dlm) l)n$ )mryn )ntwn	
Matthew	Sinaiticus	09:31	hnwn dyn kd npqw lkl )n$ )Tbw bh b)r() hy	
Matthew	Sinaiticus	09:32	wmn btr dnpqw qrbw lh xr$) xd drkyb lh $)d)	
Matthew	Sinaiticus	09:33	wkd npq mnh $)d) mll xr$) hw, wmtdmryn hww kn$:) w)mr:yn dl) mmtwm )txzy hkn) byt )ysr)yl%	
Matthew	Sinaiticus	09:35	wmhlk hw) mrn bmdyn:t) wbqwry) wmlp hw) bknw$thwn, wmkrz hw) sbrt) dmlkwt), wm)s) hw) kwl k)b wkl kwrhn	
Matthew	Sinaiticus	09:36	kd xz) dyn kn$:) )trxm (lyhwn dl)yn hww $ryn )yk (n) dlyt lhwn r(y)	
Matthew	Sinaiticus	09:37	hydyn )mr lt:lmydwhy xcd) sgy wp(l) z(wryn	
Matthew	Sinaiticus	09:38	b(w hkyl mn mrh dxcd) dnpq p(:l) lxcdh	
Matthew	Sinaiticus	10:02	wh:lyn $mh) dtlm:ydwhy tr:(sr, qdmy) $m(wn k)p) w)ndryws )xwhy wy(qwb wywxnn b:ny zbdy	ܗܢܘܢ ܕܝܢ ܟܕ ܚܙܘܘܗܝ ܠܟܘܟܒܐ ܚܕܘܬܐ ܪܒܬܐ ܚܕܝܘ
Matthew	Sinaiticus	10:03	wpylypws wbr twlmy wt)wm) wmty mks) wy(qwb br xlpy	ܘܗܐ ܡܛܝ ܠܗ ܢܪܓܐ ܥܠ ܥܩܪ̈ܝܗܘܢ ܕܐܝܠܢܐ ܘܟܘܠ ܐܝܠܢܐ ܕܦܐܪ̈ܐ ܠܐ ܥܒܕ ܡܬܦܣܩ ܘܒܢܘܪܐ ܢܦܠ
Matthew	Sinaiticus	10:04	w$m(wn qnny) wyhwd) br y(qwb. wyhwd) skryT) dhw hw) m$lmn),	ܗܝܕܝܢ ܐܡܪ ܠܗ ܝܫܘܥ ܙܠ ܠܒܣܬܪܟ ܣܛܢܐ ܟܬܝܒ ܓܝܪ ܠܡܪܝܐ ܐܠܗܟ ܬܣܓܘܕ ܘܠܗ ܒܠܚܘܕܘܗܝ ܬܦܠܘܚ
Matthew	Sinaiticus	10:06	)l) zlw lkwn l(n) dT(t mn byt )ysryl	ܘܬܐܬܐ
Matthew	Sinaiticus	10:07	wm) d)zltwn )krzw w)mrw qrbt mlkwt) d$my)	
Matthew	Sinaiticus	10:08	kryh) )sw my:t) )qymw grb) dkw w$):d) )pqw mgn nsbtwn mgn hbw	ܟܕ ܫܡܥ ܕܝܢ ܡܪܢ ܐܬܕܡܪ ܘܐܡܪ ܠܐܝܠܝܢ ܕܐܬܝܢ ܒܬܪܗ ܐܡܝܢ ܐܡܪܢܐ ܠܟܘܢ ܕܐܦܠܐ ܐܝܟ ܗܕܐ ܗܝܡܢܘܬܐ ܐܫܟܚܬ ܒܝܬ ܐܝܣܪܝܠ
Matthew	Sinaiticus	10:11	l)yn) krk) d(lyn )ntwn hwytwn $)lyn mnw $w) wtmn hww (dm) dnpqyn )ntwn	ܗܢܘ ܕܥܠܘܗܝ ܟܬܝܒ ܕܗܐ ܡܫܕܪܢܐ ܡܠܐܟܝ ܩܕܡ ܐܦܝ̈ܟ ܕܢܬܩܢ ܐܘܪܚܐ ܩܕܡܝܟ
Matthew	Sinaiticus	10:12	wm) d(lyn )ntwn lh lbyt) hbw $lm) lbyt) hw	ܘܗܐ ܓܒܪܐ ܚܕ ܕܐܝܕܗ ܕܝܡܝܢܐ ܝܒܝܫܐ ܗܘܬ ܘܡܫܐܠܝܢ ܗܘܘ ܠܗ ܘܐܡܪܝܢ ܕܐܢ ܗܘ ܫܠܝܛ ܕܢܫܟܚܘܢ ܢܐܟܠܘܢ ܩܪܨܘܗܝ
Matthew	Sinaiticus	10:13	w)n d$w) byt) hw $lmkwn nhw) (lwhy w)l) $lmkwn (lykwn ntwb	ܘܩܪܒܘ ܬܠܡܝܕ̈ܘܗܝ ܘܐܡܪܝܢ ܠܗ ܡܢܐ ܗܘ ܕܒܦܠܐܬܐ ܡܡܠܠ ܐܢܬ ܥܡܗܘܢ܂
Matthew	Sinaiticus	10:14	mn dl) mqbl lkwn wl) $m( mlykwn m) dnpqyn )ntwn mn byt) hw )w mn mdynt) hy hwytwn npcyn xl) dr:glykwn	ܘܫܕܪ ܫܩܠ ܪܫܗ ܕܝܘܚܢܢ ܡܢ ܒܝܬ ܐܣܝܪ̈ܐ
Matthew	Sinaiticus	10:17	)zdhrw mn bn:y )n$) dm$lmyn lkwn lbyt dyn) wdnngdwnkwn bknw$thwn	
Matthew	Sinaiticus	10:18	wqdm m:lk) whg:mwn) tqwmwn, mTl $my wlshdwthwn dylhwn wd(mm:),	ܚܙܘ ܕܠܡܐ ܬܒܣܘܢ ܒܚܕ ܡܢ ܗܠܝܢ ܙܥܘܪ̈ܐ ܐܡܪܢܐ ܠܟܘܢ ܓܝܪ ܕܡܠܐܟܝܗܘܢ ܒܟܘܠܙܒܢ ܚܙܝܢ ܐܦܘܗܝ ܕܐܒܝ ܕܒܫܡܝܐ
Matthew	Sinaiticus	10:19	m) dmqrbyn lkwn l) t)cpwn mn) t)mrwn mtyhb lkwn gyr bhy $(t) m) dt)mrwn	ܐܡܪܝܢ ܠܗ ܬܠܡܝܕܘܗܝ ܐܢ ܗܟܢܐ ܐܝܬ ܥܕܠܝܐ ܒܝܬ ܓܒܪܐ ܠܐܢܬܬܐ ܠܐ ܦܩܚ ܠܡܣܒ ܐܢܬܬܐ܂
Matthew	Sinaiticus	10:20	l) hw) gyr )ntwn mmllyn, )l) rwx) hy d)bwkwn mmll) bkwn,	ܘܟܕ ܐܬܘ ܩܕܡ̈ܝܐ ܣܒܪ̈ܝܢ ܗܘܘ ܕܠܗܘܢ ܝܬܝܪ ܢܬܠ ܘܢܣܒܘ ܐܦ ܗܢܘܢ ܕܝܢܪ ܕܝܢܪ
Matthew	Sinaiticus	10:21	n$lm gyr )x) l)xwhy lmwt) w)b) lbrh lmwt) wnqwmwn bn:y) l)bhyhwn, wnmytwn )nwn	
Matthew	Sinaiticus	10:22	wnhwwn snyn lkwn bny )n$) mTwl $my )yn) dyn dnsybr (dm) lxrt) hw nx)%	ܘܢܦܩܘ ܥܒ̈ܕܐ ܗܢܘܢ ܠܒܝܬ ܐܘܪ̈ܚܬܐ ܘܟܢܫܘ ܟܘܠ ܕܐܫܟܚܘ ܒܝܫ̈ܐ ܘܛܒܐ ܘܐܬܡܠܝ ܒܝܬ ܡܫܬܘܬܐ ܣܡ̈ܝܟܐ܂
Matthew	Sinaiticus	10:23	m) dr:dpyn lkwn bhn) krk), (rwqw lkwn mnh l)xrn), w)n b)xrn) rdpyn lkwn (rwqw lkwn l)xrn), w)myn gyr )mr )n) lkwn dl) t$lmwn )nwn kwlhwn kr:k) dbyt )ysr)yl, (dm) dn)t) brh d)n$),	ܘܐܦܠܐ ܬܬܩܪܘܢ ܡܠܦܢܐ ܡܛܠ ܕܡܠܦܢܟܘܢ ܡܫܝܚܐ ܗܘ܂
Matthew	Sinaiticus	10:24	lyt tlmyd) dmytr mn rbh,	ܗܝܕܝܢ ܢܬܟܫܠܘܢ ܣܓܝܐܐ ܘܚܕ ܠܚܕ ܢܫܠܡܘܢ ܘܢܣܢܘܢ ܚܕ ܠܚܕ
Matthew	Sinaiticus	10:26	l) hkyl tdxlwn mnhwn lyt gyr mdm dks) dl) ntgl), wl) dmT$y, dl) ntyd(	ܝܫܘܥ ܕܝܢ ܝܕܥ ܘܐܡܪ ܠܗܘܢ ܡܢܐ ܡܠܐܝܢ ܠܗ ܠܐܢܬܬܐ ܥܒܕܐ ܫܦܝܪܐ ܘܛܒܐ ܥܒܕܬ ܠܘܬܝ
Matthew	Sinaiticus	10:27	mdm d)mrn) lkwn bx$wk) )mrwhy )ntwn bnwhr), wmdm d$m(yn )ntwn b)dnykwn )krzw (l )gr:),	ܘܝܗܒܬ ܐ̈ܢܝܢ ܠܩܘܪܝܬ ܦܚܪܐ ܐܝܟ ܕܦܩܕ ܠܝ ܡܪܝܐ܀
Matthew	Sinaiticus	10:28	wl) tdxlwn mn )ylyn dqTlyn pgr) wnp$) l) $lyTyn, lmqTl, dxlw dyn ytyr)yt mn hw dm$kx pgr) wnp$) lmrmyw bghn),	
Matthew	Sinaiticus	10:29	tr:tyn cpr:yn mzdbnn b)sr wxd) mnhyn bl(d mn )bwkwn l) npl) (l )r(),	
Matthew	Sinaiticus	10:30	w)pn mn:) ds(r:kwn klhyn mn:yn )n:yn	
Matthew	Sinaiticus	10:31	l) hkyl tdxlwn mTl mn cpr:) sgy) ytyr:yn )ntwn	
Matthew	Sinaiticus	10:32	kl )n$ dnwd) by, )p )wd) bh qdm )by db$my)	
Matthew	Sinaiticus	10:33	wmn dnkpwr by qdm bny )n$) )p )n) )kpwr bh qdm )by db$my)	
Matthew	Sinaiticus	10:34	l) tsbrwn d$yn) )tyt d)rm) b)r() l) )tyt d)rm) $yn) )l) syp)	
Matthew	Sinaiticus	10:35	)tyt gyr d)plwg br) (l )bwhy wbrt) (l )mh wklt) (l xmth,	
Matthew	Sinaiticus	10:36	wb(ldbbwhy dgbr) bn:y byth,	
Matthew	Sinaiticus	10:37	mn drxm dyn l)bwhy wl)mh ytyr mn dly hw l) $w) ly, wmn drxm brh )w brth, ytyr mn dly hw l) $w) ly	
Matthew	Sinaiticus	10:38	wkl dl) $ql zqyph w)t) btry l) $w) ly	
Matthew	Sinaiticus	10:39	kl dn$kx gyr np$h, nwbdyh wkl dnwbd np$h mTwlty n$kxyh,	
Matthew	Sinaiticus	10:40	mn dmqbl lkwn ly hw mqbl, wmn dly mqbl mqbl lmn d$drny,	
Matthew	Sinaiticus	10:41	mn dmqbl gyr nby) b$m nby) )gr) dnby) mqbl wmn dmqbl zdyq) b$m zdyq) )gr) dzdyq) nsb,	
Matthew	Sinaiticus	10:42	wkl mn dn$q) ks) dmy:) qr:yr) lxd mn hlyn z(wr:) b$m) dtlmydwt) )myn )mrn) lkwn dl) n)bd )grh%	
Matthew	Sinaiticus	11:01	whw) dkd $lm mrn lmpqdw ltr:(sr tlmydwhy $ny lh mn tmn lmlpw wlmkrzw bmdynthwn	ܝܘܫܝܐ ܐܘܠܕ ܠܝܘܟܢܝܐ ܘܠܐܚܘ̈ܗܝ ܒܓܠܘܬܐ ܕܒܒܠ܀
Matthew	Sinaiticus	11:02	ywxnn dyn kd $m( byt )syr) (bdwhy dmrn $dr ltlmydwhy	ܘܥܠܘ ܠܒܝܬܐ ܘܚܙܘܘܗܝ ܠܛܠܝܐ ܥܡ ܡܪܝܡ ܐܡܗ ܘܢܦܠܘ ܘܣܓܕܘ ܠܗ܂ ܘܦܬܚܘ ܣܝܡܬܗܘܢ ܘܩܪܒܘ ܠܗ ܩܘܪܒܢܐ ܕܗܒܐ ܘܡܘܪܐ ܘܠܒܘܢܬܐ
Matthew	Sinaiticus	11:03	w$lx lh )nt hw hw d)t) )w l)xryn mskyn )nxnn	ܐܢܐ ܕܝܢ ܡܥܡܕܢܐ ܠܟܘܢ ܒܡܝܐ ܠܬܝܒܘܬܐ ܗܘ ܕܝܢ ܐܝܢܐ ܕܐܬܐ ܒܬܪܝ ܪܒ ܗܘ ܡܢܝ܂ ܐܝܢܐ ܕܠܐ ܫܘܢܐ ܡܣܢܘܗܝ ܠܡܫܩܠ ܗܘ ܢܥܡܕܟܘܢ ܒܢܘܪܐ ܘܒܪܘܚܐ ܕܩܘܕܫܐ
Matthew	Sinaiticus	11:04	w(n) mrn w)mr lhwn zlw xww lywxnn mdm dxzyn )ntwn wmdm d$m(yn )ntwn	ܗܝܕܝܢ ܫܢܝ ܡܢ ܠܘܬܗ ܡܢܣܝܢܐ ܥܕ ܙܒܢܐ ܘܩܪܒܘ ܡܠܐܟܐ ܘܡܫܡܫ̈ܝܢ ܗܘܘ ܠܗ ܠܝܫܘܥ܀
Matthew	Sinaiticus	11:05	h) gyr smy) xzyn wxgyr) mhlkyn wgr:b) mtdkyn wxr$) $m(yn wmyt) qymyn	ܛܘܒ̈ܝܟܘܢ ܟܕ ܢܗܘܝܢ ܣܢܝܢ ܠܟܘܢ ܒܢܝ ܐܢܫܐ ܘܪܕܦܝܢ ܠܟܘܢ ܘܡܐ ܕܐܡܪܝܢ ܥܠܝܟܘܢ ܕܒܝܫ ܡܛܘܠ ܫܡܝ ܕܝܠܝ܂
Matthew	Sinaiticus	11:06	wTwbwhy lmn dl) ntk$l by	
Matthew	Sinaiticus	11:07	wmn btr hlyn $ry mrn lm)mr lkn$) (l ywxnn mn) npqtwn lxwrb) lmxz) qny) dbrwx) mtzy()	
Matthew	Sinaiticus	11:08	w)l) mn) npqtwn lmxz) gbr) dnxt) rkyk) lby$ h) )ylyn drkyk) lby$yn byt m:lk) )nwn	ܐܡܪܢܐ ܠܟܘܢ ܕܣܓ̈ܝܐܐ ܢܐܬܘܢ ܡܢ ܡܕܢܚܐ ܘܡܢ ܡܥܪܒܐ ܘܢܣܬܡܟܘܢ ܥܡ ܐܒܪܗܡ ܘܐܝܣܚܩ ܘܝܥܩܘܒ ܒܡܠܟܘܬܐ ܕܫܡܝܐ
Matthew	Sinaiticus	11:09	w)l) mn) npqtwn lmxz) nby) )yn )mrn) lkwn dmytr hw mn nby)	ܗܝܕܝܢ ܟܕ ܚܙܝܢ ܦܪܝܫܐ ܐܡܪܝܢ ܠܬܠܡܝܕܘܗܝ ܠܡܢܐ ܥܡ ܡܟܣܐ ܘܚܛܝܐ ܐܟܠܝܢ ܐܢܬܘܢ ܘܫܬܝܢ
Matthew	Sinaiticus	11:11	)myn )mrn) lkwn dl) qm by:lydy n$) drb mn ywxnn m(mdn) z(wr) dyn bmlkwt) d$my) rb hw mnh	ܐܡܝܢ ܐܡܪܢܐ ܠܟܘܢ ܕܠܐ ܩܡ ܒܝ̈ܠܝܕܝ ܢܫܐ ܕܪܒ ܡܢ ܝܘܚܢܢ ܡܥܡܕܢܐ ܙܥܘܪܐ ܕܝܢ ܒܡܠܟܘܬܐ ܕܫܡܝܐ ܪܒ ܗܘ ܡܢܗ
Matthew	Sinaiticus	11:12	mn ywmy ywxnn m(mdn) (dm) lh$) )lyc) hy mlkwt) d$my) w)lwcyh mxTpyn lh	ܐܡܪ ܠܗܘܢ ܡܢܘ ܓܒܪܐ ܡܢܟܘܢ ܕܐܝܬ ܠܗ ܥܪܒܐ ܘܢܦܠ ܒ܂܂܂ܐ ܒܝܘܡܐ ܕܫܒܬܐ ܘܠܐ ܢܓܕ ܡܣܩ ܠܗ
Matthew	Sinaiticus	11:13	klhwn gyr nby) (dm) lywxnn )tnbyw	ܗܘ ܕܝܢ ܥܢܐ ܘܐܡܪ ܠܗܘܢ ܡܛܘܠ ܕܠܟܘܢ ܗܘ ܝܗܝܒ ܠܡܕܥ ܐܪܙܐ ܕܡܠܟܘܬܐ ܠܗܢܘܢ ܕܝܢ ܠܐ ܝܗܝܒ ܠܗܘܢ
Matthew	Sinaiticus	11:14	w)n cbyn )ntwn lmqblw hwyw )ly) d(tyd lm)t)	ܘܐܝܬܝܘ ܪܫܗ ܕܝܘܚܢܢ ܒܦܝܢܟܐ ܘܐܬܝܗܒ ܠܗ ܠܛܠܝܬܐ ܘܗܝ ܐܘܒܠܬܗ ܠܐܡܗܿ
Matthew	Sinaiticus	11:15	mn d)yt lh )dn) n$m(%	ܕܠܐ ܗܘܐ ܡܕܡ ܕܥܐܠ ܠܦܘܡܐ ܡܣܝܒ ܠܗ ܠܒܪ ܐܢܫܐ ܐܠܐ ܡܕܡ ܕܢܦܩ ܡܢ ܦܘܡܐ܂ ܗܘ ܡܣܝܒ ܠܗ ܠܒܪ ܐܢܫܐ
Matthew	Sinaiticus	11:16	lmn dyn )dmyh $rbt) hd), dmy) lTly) dytbyn b$wq) w$lxyn lxbryhwn,	ܐܝܟܘ ܠܐ ܡܣܬܟܠܝܢ ܐܢܬܘܢ ܕܠܐ ܗܘܐ ܥܠ ܠܚܡܐ ܐܡܪܬ ܠܟܘܢ ܐܙܕܗܪܘ ܡܢ ܚܡܝܪܐ ܕܦܪ̈ܝܫܐ ܘܕܙ̈ܕܘܩܝܐ
Matthew	Sinaiticus	11:17	zmrn lkwn wl) rqdtwn w)lyn lkwn wl) )rqdtwn,	ܡܕܡ܂
Matthew	Sinaiticus	11:18	)t) gyr lh ywxnn l) )kl wl) $t) w)mr:yn $)d) bh	
Matthew	Sinaiticus	11:19	w)t) brh d)n$) )kl w$t) w)mryn h) gbr) )kwl) w$ty) wrxm) dmks) wdx:Ty) w)zddqt xkmt) mn bnyh%	ܐܡܪ ܠܗܘܢ ܠܐ ܗܘܐ ܟܠ ܐܢܫ ܣܦܩ ܠܗ ܠܡܠܬܐ ܗܕܐ ܐܠܐ ܐܝܠܝܢ ܕܝܗܝܒ ܠܗܘܢ
Matthew	Sinaiticus	11:20	hydyn $ry hw) y$w( lmxsdw mdynt) )ylyn dxwy bhyn xyl) sgy)) wl) tbw	ܟܕ ܚܙܘ ܕܝܢ ܪܛܢܝܢ ܥܠ ܡܪܒܝܬܐ
Matthew	Sinaiticus	11:21	w)mr wy lky kwrzyn wy lky byt cyd) d)lw bcwr wbcydn hww xyl) dhww bkyn kbr dyn bs:q) wbqTm) tbw	
Matthew	Sinaiticus	11:22	mTl hn) )mrn) lkyn dlcwr wlcydwn nhw) p$yx bywm) ddyn) ytyr mn dlkyn	ܘܟܕ ܥܠ ܡܠܟܐ ܠܡܚܙܐ ܣܡܝ̈ܟܐ ܚܙܐ ܬܡܢ ܓܒܪܐ ܕܠܐ ܠܒܝܫ ܗܘܐ ܠܒܘܫ̈ܐ ܕܡܫܬܘܬܐ܂
Matthew	Sinaiticus	11:23	w)nty kprnxwm d)trymty l$my) (dm) l$ywl txtyn d)lw bsdwm )txzyw xy:l) dbkyn )txzyw qym) hy lywmn)	ܘܕܨܒܐ ܒܟܘܢ ܕܢܗܘܐ ܪܒ ܢܗܘܐ ܠܟܘܢ ܡܫܡܫܢܐ܂
Matthew	Sinaiticus	11:24	)mrn) dl)r() dsdwm nhw) nyx bywm) ddyn) ytyr mn dlky%	ܘܣܓܝܐܐ ܢܒܝܐ ܕܫܘܩܪܐ ܢܩܘܡܘܢ ܘܢܛܥܘܢ ܣܓ̈ܝܐܐ
Matthew	Sinaiticus	11:25	bhw zbn) (n) y$w( w)mr mwd) )n) lk )b) mr) d$my) wd)r() dksyt hlyn mn xkym:) wglyt )nyn lTly)	ܒܐܚܪܝܬܐ ܕܝܢ ܐܬܝ ܗ̈ܢܝܢ ܒܬܘ̈ܠܬܐ ܘܐܡܪܢ ܡܪܢ ܡܪܢ ܦܬܚ ܠܢ܂
Matthew	Sinaiticus	11:26	)yn )by dhkn) hw) cbyn) qdmyk	ܐܝܬܝܗܘܢ ܡܣܟܢܐ ܓܝܪ ܒܟܠܙܒܢ ܠܘܬܟܘܢ ܐܢܘܢ ܐܢܐ ܕܝܢ ܠܐ ܒܟܠܙܒܢ ܠܘܬܟܘܢ ܐܢܐ
Matthew	Sinaiticus	11:27	kl mdm )$tlm ly mn )by wl) )n$ yd( lbr) )l) )n )b) wl) l)b) )n$ yd( )l) )n br) wmn dcb) br) dngl) lh	ܝܫܘܥ ܕܝܢ ܩܡ ܩܕܡ ܗܓܡܘܢܐ ܘܫܐܠܗ ܘܐܡܪ ܠܗ ܐܢܬ ܗܘ ܡܠܟܐ ܕܝܗܘ̈ܕܝܐ܂ ܐܡܪ ܠܗ ܝܫܘܥ ܐܢܬ ܐܡܪܬ܂
Matthew	Sinaiticus	11:28	)tw lwty klkwn l)y) w$qyly mwbl) w)n) )nyxkwn	
Matthew	Sinaiticus	11:29	w$qwlw nyry (lykwn wylpw mny dnyx )n) mkyk )n) blby wt$kxwn nyx) lnp$:tkwn	
Matthew	Sinaiticus	11:30	nyry gyr bsym hw wmwbly qlyl)%	
Matthew	Sinaiticus	12:01	bhw zbn) mhlk hw) y$w( bywm) d$bt) byt zr() wkpnw tlmydwhy w$ryw mlgyn $bl) w)klyn	ܡܢ ܒܬܪ ܓܠܘܬܐ ܕܝܢ ܕܒܒܠ ܝܘܟܢܝܐ ܐܘܠܕ ܠܫܐܠܬܐܝܠ ܫܐܠܬܐܝܠ ܐܘܠܕ ܠܙܘܪܒܒܠ
Matthew	Sinaiticus	12:02	kd xzw )nwn pry$) )mryn lh lmn) tlmydyk (bdyn mdm dl) $lyT lm(bd	ܘܐܬܚܙܝ ܠܗܘܢ ܒܚܙܘܐ ܕܠܐ ܢܗܦܟܘܢ ܠܘܬ ܗܪܘܕܣ܂ ܘܗܢܘܢ ܒܐܘܪܚܐ ܐܚܪܬܐ ܐܙܠܘ ܠܐܬܪܗܘܢ
Matthew	Sinaiticus	12:03	)mr lhwn l) qrytwn mn) (bd dwyd kd kpn w)ylyn d(mh	ܗܘ ܕܐܚܝܕ ܪܦܫܐ ܒܐܝܕܗ ܘܡܕܟܐ ܐܕܪܗ ܘܚ̈ܛܐ ܚܡܠ ܒܐܘܨܪܗ ܘܬܒܢܐ ܡܘܩܕ ܒܢܘܪܐ ܕܠܐ ܕܥܟܐ܀
Matthew	Sinaiticus	12:04	)ykn) (l hw) lbyth d)lh) wlxm) d)p) ,,, ,,, ,,, ,,, lh $lyT ,,, ,,, ,,, ,,, ,,, ,,, ,,, ,,, ,,, ,,,	ܘܟܕ ܫܡܥ ܕܝܢ ܕܝܘܚܢܢ ܐܬܬܚܕ ܫܢܝ ܠܗ ܠܓܠܝܠܐ
Matthew	Sinaiticus	12:05	,,, ,,, ,,, ,,, ,,, ,,, ,,, ,,, ,,, ,,, ,,, ,,, ,,, ,,,	ܐܢܬܘܢ ܕܝܢ ܚܕܘ ܘܪܘܙܘ ܒܗܘ ܝܘܡܐ ܕܐܓܪܟܘܢ ܣܓܝ ܗܘ ܒܫܡܝܐ ܗܟܢܐ ܓܝܪ ܪ̈ܕܦܝܢ ܗܘܘ ܐܒܗܝܗܘܢ ܠܢܒܝܐ܀
Matthew	Sinaiticus	12:06	,,, ,,, ,,, gyr dh) rb mn hykl) hrk)	
Matthew	Sinaiticus	12:07	w)lw yd(yn hwytwn mnw xnn) b() )n) wl) dbxt) l) mxybyn hwytwn lzky)	
Matthew	Sinaiticus	12:08	mrh gyr d$bt) brh hw d)n$)	ܘܒܢܝܗ ܕܡܠܟܘܬܐ ܢܦܩܘܢ ܠܚܫܘܟܐ ܒܪܝܐ ܬܡܢ ܢܗܘܐ ܒܟܝܐ ܘܚܪܘܩ ܫܢܐ
Matthew	Sinaiticus	12:09	wkd $ny mn tmn )t) lknw$thwn	ܗܘ ܕܝܢ ܟܕ ܫܡܥ ܐܡܪ ܠܐ ܣܢܝܩܝܢ ܚܠܝܡܐ ܥܠ ܐܣܝܐ܂ ܐܠܐ ܐܝܠܝܢ ܕܒܝܫ ܒܝܫ ܥܒܝܕܝܢ
Matthew	Sinaiticus	12:11	)mr lhwn mnw gbr) mnkwn d)yt lh (rb) wnpl b,,,) bywm) d$bt) wl) ngd msq lh	ܡܢ ܝܘܡܝ ܝܘܚܢܢ ܡܥܡܕܢܐ ܥܕܡܐ ܠܗܫܐ ܐܠܝܨܐ ܗܝ ܡܠܟܘܬܐ ܕܫܡܝܐ ܘܐܠܘܨܝܗ ܡܚܛܦܝܢ ܠܗ
Matthew	Sinaiticus	12:12	km) hkyl ytyr br )n$) mn (rb) mkyl $lyT hw b$bt) lm(bd d$pyr	ܟܡܐ ܗܟܝܠ ܝܬܝܪ ܒܪ ܐܢܫܐ ܡܢ ܥܪܒܐ ܡܟܝܠ ܫܠܝܛ ܗܘ ܒܫܒܬܐ ܠܡܥܒܕ ܕܫܦܝܪ
Matthew	Sinaiticus	12:13	hydyn )mr lgbr) hw p$wT )ydk wp$T )ydh wtqnt )yk xbrth	ܡܢ ܕܐܝܬ ܓܝܪ ܢܬܝܗܒ ܠܗ
Matthew	Sinaiticus	12:14	wkd npqw pry$) nsbw (lwhy mlk) )ykn) nwbdwnyhy	ܘܫܩܠܘ ܬܠܡܝܕܘܗܝ ܫܠܕܗ ܘܩܒܪܘܗܝ ܘܐܬܘ ܚܘܝܘ ܠܝܫܘܥ܂
Matthew	Sinaiticus	12:15	y$w( dyn yd( w$ny mn tmn w)zlw btrh )n$) sgy)) wlklhwn )sy	ܗܝܕܝܢ ܩܪܒܘ ܬܠܡܝܕܘܗܝ ܘܐܡܪ̈ܝܢ ܠܗ ܝܕܥܬ ܕܦܪ̈ܝܫܐ ܟܕ ܫܡܥܘ ܡܠܬܐ ܗܕܐ ܐܬܟܫܠܘ܂
Matthew	Sinaiticus	12:16	wk)) hw) bhwn bhnwn dl)n$ l) n)mrwn	ܗܝܕܝܢ ܐܣܬܟܠܘ ܕܠܐ ܗܘܐ ܡܢ ܚܡܝܪܐ ܐܡܪ ܠܡܙܕܗܪܘ ܐܠܐ ܡܢ ܝܘܠܦܢܗܘܢ ܕܦܪ̈ܝܫܐ ܘܕܙܕܘܩܝܐ܂
Matthew	Sinaiticus	12:17	dntml) mdm d)t)mr b)$(y) nby) d)mr hw)	ܐܡܪܢܐ ܠܟܘܢ ܕܝܢ ܕܐܦ ܐܠܝܐ ܐܬܐ ܘܠܐ ܝܕܥܘܗܝ ܐܠܐ ܥܒܕܘ ܒܗ ܟܠ ܡܐ ܕܨܒܘ܂ ܘܒܪܗ ܕܐܢܫܐ ܥܬܝܕ ܗܘ ܕܢܚܫ ܡܢܗܘܢ܂
Matthew	Sinaiticus	12:18	h) ,,, ,,, ,,, ,,, ,,, ,,, ,,, ,,, )cTbyt ,,, ,,, bh ,,, ,,, rwxy )sym (lwhy dnkrz dyn) l(mm)	ܐܝܟܢܐ ܡܬܚܙܐ ܠܟܘܢ܂ ܐܢ ܢܗܘܝܢ ܠܓܒܪܐ ܡܐܐ ܥܢܐ ܘܬܛܥܐ ܚܕܐ ܡܢܗܝܢ ܘܠܐ ܫܒܩ ܬܫ̈ܥܝܢ ܘܬܫܥ ܒܛܘܪܐ ܘܐܙܠ ܒܥܐ ܠܗܝ ܕܛܥܬ
Matthew	Sinaiticus	12:19	l) nq() wl) nryb wl) )n$ n$m( qlh	ܐܝܬ ܓܝܪ ܡܗܝܡܢܐ ܕܡܢ ܟܪܣܐ ܕܐܡܗܘܢ ܗܘܘ ܡܗܝܡܢܐ ܐܝܬ ܡܗܝܡܢܐ ܕܒܢ̈ܝ ܐܢܫܐ ܥܒܕܘ ܐܢܘܢ ܘܐܝܬ ܕܗܢܘܢ ܥܒܕܘ ܢܦܫܗܘܢ ܡܗܝܡܢܐ ܡܛܠ ܡܠܟܘܬܐ ܕܫܡܝܐ ܟܘܠ ܕܡܨܐ ܒܚܝܠܐ ܕܢܣܝܒܪ ܢܣܝܒܪ܀
Matthew	Sinaiticus	12:20	qny) r(y() l) ntbr w$rg) dmTpTp l) nd(k (dm) dnpq dyn) lzkwt)	ܘܐܡܪ̈ܝܢ ܗܠܝܢ ܐܚܪ̈ܝܐ ܕܚܕܐ ܗܘ ܫܥܐ ܦܠܚܘ ܐܫܘܝܬ ܐܢܘܢ ܥܡܢ ܕܫܩܠܢ ܝܘܩܪܗ ܕܝܘܡܐ܂ ܒܚܘܡܐ܂
Matthew	Sinaiticus	12:21	wb$mh nsbrwn (mm)%	
Matthew	Sinaiticus	12:22	hydyn qrbw lh gbr) xd d$)d) d(wyr hw) bh wxr$ w)syh wmll xr$) hw w$m( wxz)	ܐܡܪ ܠܗ ܪܚܡܝ ܐܝܟܢܐ ܥܠܬ ܠܗܪܟܐ ܕܢܚ̈ܬܐ ܕܡܫܬܘܬܐ ܠܝܬ ܠܟ ܗܘ ܕܝܢ ܫܬܩ ܠܗ
Matthew	Sinaiticus	12:23	wkn$) mtdmryn hww w)mryn dlm) ky hnw brh ddwyd	ܟܠ ܕܢܪܝܡ ܓܝܪ ܢܦܫܗ ܢܬܡܟܟ ܘܟܠ ܕܢܡܟ ܢܦܫܗ ܢܬܪܝܡ܀
Matthew	Sinaiticus	12:24	pry$) dyn kd $m(w )mrw hn) $):d) l) mpq )l) bb(lzbwb r$hwn ddyw)	ܘܡܛܠ ܣܓܝܐܘܬ ܥܘܠܐ ܢܦܘܓ ܚܘܒܐ ܕܣܓܝܐܐ
Matthew	Sinaiticus	12:25	kd xz) dyn tr(ythwn )mr lhwn kl mlkw dttplg (l np$h txrb ,,, ,,, wmdyn) dntplg ,,, ,,, ,,, ,,,	ܗܘ ܕܝܢ ܥܢܐ ܘܐܡܪ ܐܡܝܢ ܐܡܪܢܐ ܠܟ̈ܝܢ ܕܠܐ ܝܕܥܢܐ ܠ̈ܟܝܢ
Matthew	Sinaiticus	12:26	,,, ,,, ,,, ,,, (l np$h mtplg ,,, ,,, tqwm ,,,	ܗܕܐ ܕܝܢ ܕܐܪܡܝܬ ܡܫܚܐ ܗܢܐ ܥܠ ܦܓܪܝ ܐܝܟ ܕܠܡܩܒܪܢܝ ܥܒܕܬ
Matthew	Sinaiticus	12:27	,,, ,,, ,,, ,,, ,,, ,,, ,,, ,,, ,,, ,,, ,,, ,,, ,,, ,,, ,,, ,,, ,,, ,,,	ܘܟܕ ܐܟܠܝܢ ܗܘܘ ܩܪ̈ܨܘܗܝ ܪ̈ܒܝ ܟܗܢܐ ܘܦܪ̈ܝܫܐ ܗܘ ܡܕܡ ܦܬܓܡ ܠܐ ܝܗܒ ܗܘܐ ܠܗܘܢ
Matthew	Sinaiticus	12:28	,,, ,,, ,,, ,,, ,,, ,,, ,,, ,,, ,,, ,,, ,,, ,,, ,,, ,,, ,,, ,,,	
Matthew	Sinaiticus	12:29	,,, ,,, ,,, ,,, m$kx ,,, ,,, ,,, ,,, ,,, ,,, ,,, ,,, ,,, ,,, ,,, ,,, ,,, ,,, ,,, ,,, ,,, ,,, ,,,	
Matthew	Sinaiticus	12:30	,,, ,,, ,,, ,,, ,,, ,,, ,,, l) kn$ (my mbdr	
Matthew	Sinaiticus	12:32	wkl dn)mr mlt) (l brh d)n$) n$tbq lh kl d(l rwx) dyn dqwd$) ngdp l) n$tbq lh, l) bhn) (lm) wl) b(lm) d(tyd	
Matthew	Sinaiticus	12:33	)w (bd )yln) Tb) wp):rwhy Tbyn, )w (bd )yln) by$) wp)r:why by$yn mn p)r:why gyr ntyd( )yln)	
Matthew	Sinaiticus	12:34	yld) dx:wwt) )ykn) m$kxyn )ntwn Tbt) lmmllw dby$:) )ntwn mn twtr:) hw gyr dlb) mpq pwm),	
Matthew	Sinaiticus	12:35	wgbr) Tb) mn sym:t) Tbt) dblbh mpq Tbt) wgbr) by$) mn symt) by$:t) dblbh by$t) mmll,	
Matthew	Sinaiticus	12:37	mn mlyk gyr tzddq wmn m:lyk ttxyb%	
Matthew	Sinaiticus	12:38	hydyn )mr:yn lh )n$) mn spr:) wpr:y$) mlpn) cbyn )nxnn dnxz) mnk mdm )t)	
Matthew	Sinaiticus	12:39	hw dyn (n) w)mr lhwn $rbt) by$t) wgyrt) b(y) )t) )t) l) ttyhb lh )l) )n )th dywnn nby)	
Matthew	Sinaiticus	12:40	w)ykn) dhw) ywnn nby) bkrsh dnwn) )ymm:) tlt) wlylw:t) tlt) hkn) nhw) brh d)n$) blbh d)r() tlt) ywmyn wtlt) lylwn,	
Matthew	Sinaiticus	12:41	gbr:) bny nynw) nqwmwn bdyn) (m $rbt) hd) nxybwnh dhnwn tbw bkrwzth dywnn, wh) drb mn ywnn hrk)	
Matthew	Sinaiticus	12:42	mlkt) dtymn) tqwm bdyn) (m $rbt) hd) wtxybyh, d)tt mn swp) d)r() dt$m( xkmth d$lymwn wh) drb. mn $lymwn hrk)%	
Matthew	Sinaiticus	12:43	rwx) dTnpwt) m) dnpqt mn br )n$) )zl) mtkrk) b)tr:wt) dm:y) lyt bhwn dt$kx lh nyx) wm) dl) )$kxt	
Matthew	Sinaiticus	12:44	)mr) )hpwk )zl lbyty mn )tr dnpqt, w)n )tt )$kxth kd sryq wxmym wmcbt	
Matthew	Sinaiticus	12:45	hydyn )zl) dbr) $b:( r:wx) dmnh by$:n w(ln w(mrn bh, whwy) )xryth dgbr) by$) mn qdmyth hkn) nhw) lh l$rbt) hd) by$t)%	
Matthew	Sinaiticus	12:46	wkd hw mmll lkn$) h) )mh w)xwhy qymyn lbr wcbyn lmmllw (mh	
Matthew	Sinaiticus	12:48	hw dyn (n) w)mr lhw d)mr lh, mny )my )w )nwn )x:y	
Matthew	Sinaiticus	12:49	wp$T )ydh lwt tlmydwhy w)mr hlyn )nwn )my w)x:y,	
Matthew	Sinaiticus	12:50	kwl mn d(bd gyr cbynh d)by db$my) hwyw )xy w)xwty w)my%	
Matthew	Sinaiticus	13:02	w)tkn$w lwth kn$) sgy:)) wslq wytb lh bspynt) wkwlh kn$) q)m hw) (l spry ym)	ܘܡܢ ܒܬܪܗܘܢ ܐܬܚܙܝ ܠܝܘܣܦ ܡܠܐܟܐ ܕܡܪܝܐ ܒܚܠܡܐ܂ ܘܐܡܪ ܠܗ ܩܘܡ ܫܩܘܠ ܠܛܠܝܐ ܘܠܐܡܗ ܘܥܪܘܩ ܠܡܨܪܝܢ ܘܬܡܢ ܗܘܝ ܥܕܡܐ ܕܐܡܪܢܐ ܠܟ ܡܛܠ ܕܥܬܝܕ ܗܘ ܗܪܘܕܣ ܠܡܒܥܝܗ ܠܛܠܝܐ ܐܝܟܢܐ ܕܢܘܒܕܝܘܗܝ
Matthew	Sinaiticus	13:03	wmmll (mhwn sgy bpl):t) w)mr hw) h) npq zrw() lmzr( zr(),	ܗܝܕܝܢ ܐܬܐ ܝܫܘܥ ܡܢ ܓܠܝܠܐ ܠܘܬ ܝܘܚܢܢ ܕܢܥܡܕܝܘܗܝ ܒܝܘܪܕܢܢ
Matthew	Sinaiticus	13:07	w)xrn) npl byt kwb:) wy(w kwb:) (mh wxnqwhy	
Matthew	Sinaiticus	13:08	w)xrn) dyn npl b)r() Tbt) wyhb p:)r) )yt dm:)) w)yt d$:tyn w)yt dtltyn	ܗܝܕܝܢ ܐܡܪ ܡܪܢ ܠܟܠܝܪܟܐ ܗܘ ܙܠ ܐܝܟܢܐ ܕܗܝܡܢܬ ܢܗܘܐ ܠܟ ܘܒܗ ܒܫܥܬܐ ܐܬܚܠܡ ܛܠܝܗ܀
Matthew	Sinaiticus	13:09	kl d)yt lh )dn) n$m(	ܐܙܠܘ ܕܝܢ ܝܠܦܘ ܡܢܘ ܚܢܢܐ ܒܥܢܐ ܘܠܐ ܕܒܚܬܐ ܠܐ ܓܝܪ ܐܬܝܬ ܕܐܩܪܐ ܠܙܕܝܩܐ ܐܠܐ ܠܚܛܝܐ ܠܬܝܒܘܬܐ
Matthew	Sinaiticus	13:10	wqrbw tlmyd:why w)mryn lh mn) hw dbpl)t) mmll )nt (mhwn,	ܘܐܢ ܕܫܘܐ ܒܝܬܐ ܗܘ ܫܠܡܟܘܢ ܢܗܘܐ ܥܠܘܗܝ ܘܐܠܐ ܫܠܡܟܘܢ ܥܠܝܟܘܢ ܢܬܘܒ
Matthew	Sinaiticus	13:11	hw dyn (n) w)mr lhwn mTwl dlkwn hw yhyb lmd( )rz) dmlkwt) lhnwn dyn l) yhyb lhwn	ܟܠܗܘܢ ܓܝܪ ܢܒܝܐ ܥܕܡܐ ܠܝܘܚܢܢ ܐܬܢܒܝܘ
Matthew	Sinaiticus	13:12	mn d)yt gyr ntyhb lh	ܗܝܕܝܢ ܐܡܪ ܠܓܒܪܐ ܗܘ ܦܫܘܛ ܐܝܕܟ ܘܦܫܛ ܐܝܕܗ ܘܬܩܢܬ ܐܝܟ ܚܒܪܬܗ
Matthew	Sinaiticus	13:13	wmn dlyt lh w)p hw mdm d)yt lh ntnsb mnh mTl hn) bpl)t) mmll )n) (mhwn dmdm dxzyn l) nxzwn wmdm d$m(yn l) n$m(wn wl) nstklwn, dl) mmtwm ntpnwn	ܘܡܢ ܕܠܝܬ ܠܗ ܘܐܦ ܗܘ ܡܕܡ ܕܐܝܬ ܠܗ ܢܬܢܣܒ ܡܢܗ ܡܛܠ ܗܢܐ ܒܦܠܐܬܐ ܡܡܠܠ ܐܢܐ ܥܡܗܘܢ ܕܡܕܡ ܕܚܙܝܢ ܠܐ ܢܚܙܘܢ ܘܡܕܡ ܕܫܡܥܝܢ ܠܐ ܢܫܡܥܘܢ ܘܠܐ ܢܣܬܟܠܘܢ܂ ܕܠܐ ܡܡܬܘܡ ܢܬܦܢܘܢ
Matthew	Sinaiticus	13:14	dt$lm (lyhwn nbywth d)$(y) nby), d)mr hw) $m() t$m(wn wl) tstklwn, wmxz) txzwn wl) txzwn,	ܝܫܘܥ ܕܝܢ ܟܕ ܫܡܥ ܫܢܝ ܡܢ ܬܡܢ ܠܐܬܪܐ ܚܘܪܒܐ ܒܠܚܘܕܘܗܝ ܘܟܕ ܫܡܥܘ ܟܢܫܐ ܕܡܢ ܡ̈ܕܝܢܬܐ ܐܙܠܘ ܠܗܘܢ ܒܬܪܗ ܒܪܓܠ܂
Matthew	Sinaiticus	13:15	)t(by lh gyr lbh d(m) hn) w):dnyhwn )wqrw dl) n$m(wn w(yn:yhwn (mcw dl) nxzwn b(yn:yhwn wn$m(wn b)dnyhwn wnstklwn blbhwn%	ܗܘ ܕܝܢ ܥܢܐ ܘܐܡܪ ܟܠ ܢܨܒܬܐ ܕܐܒܐ ܕܒܫܡܝܐ ܠܐ ܢܨܒܗ ܬܬܥܩܪ
Matthew	Sinaiticus	13:16	dylkwn dyn Twb:yhyn l(ynykwn dxzyn, Twbyhyn l)dn:ykwn d$m(n	ܘܟܕ ܐܬܐ ܝܫܘܥ ܠܬܚܘܡܐ ܕܩܣܪܝܐ ܕܦܝܠܝܦܘܣ ܡܫܐܠ ܗܘܐ ܠܬܠܡܝܕܘܗܝ ܘܐܡܪ ܡܢܐ ܐܡܪ̈ܝܢ ܥܠܝ ܐܢܫܐ ܡܢܘ ܠܡ ܗܢܐ ܒܪܗ ܕܐܢܫܐ
Matthew	Sinaiticus	13:17	)myn gyr )mrn) lkwn dsgy)) nb:y) wzdyq) )trgrgw lmxz) mdm d)ntwn xzyn wl) xzw wlm$m( mdm d)ntwn $m(yn wl) $m(w	ܗܝܕܝܢ ܐܣܬܟܠܘ ܬܠܡ̈ܝܕܘܗܝ ܕܥܠ ܝܘܚܢܢ ܗܘ ܐܡܪ ܠܗܘܢ܀
Matthew	Sinaiticus	13:18	)ntwn hkyl $m(w mtl) dzrw()	ܘܡܐ ܕܐܫܟܚܗ ܐܡܝܢ ܐܡܪܢܐ ܠܟܘܢ܂ ܕܚܕܐ ܒܗ܂ ܝܬܝܪ ܡܢ ܗܠܝܢ ܬܫ̈ܥܝܢ ܘܬܫܥ ܕܠܐ ܛܥܝ
Matthew	Sinaiticus	13:19	kwl )n$ d$m( mlt) dmlkwt) wl) mstkl )t) by$) wxTp lh lzr() mn lbh hnw d)zdr( (l yd )wrx)	ܗܝܕܝܢ ܩܪܒܘ ܠܗ ܛܠܝ̈ܐ ܕܢܣܝܡ ܐܝܕܗ ܥܠܝܗܘܢ ܘܢܨܠܐ܂ ܘܟܐܘ ܒܗܘܢ ܬܠܡܝܕܘܗܝ܂
Matthew	Sinaiticus	13:20	whw d)zdr( (l $w() hnw d$m( mlt) wbxdwt) mqbl lh,	ܗܘ ܕܝܢ ܥܢܐ ܘܐܡܪ ܠܚܕ ܡܢܗܘܢ ܪܚܡܝ ܠܐ ܡܗܪ ܐܢܐ ܠܟ ܠܐ ܗܘܐ ܒܕܝܢܪ ܩܨܬ ܥܡܟ܂
Matthew	Sinaiticus	13:21	mTl dlyt lh (qr) bh zbn z(wr q)m bh m) dhw) dyn )wlcn) )w rdwpy) mTl mlt) (gl mtk$l	
Matthew	Sinaiticus	13:22	whw dnpl byt kwb:) hnw d$m( mlt) wbrny) hw d(lm) hn) wbT(yy d(wtr), whlyn xn:qyn lh wdl) p)r:yn hw),	ܗܝܕܝܢ ܐܡܪ ܡܠܟܐ ܠܡܫܡܫ̈ܢܐ ܐܚܕܘܗܝ ܒܐ̈ܝܕܘܗܝ ܘܒܪ̈ܓܠܘܗܝ ܘܐܦܩܘܗܝ ܠܚܫܘܟܐ ܒܪܝܐ ܬܡܢ ܢܗܘܐ ܒܟܝܐ ܘܚܘܪܩ ܫ̈ܢܐ
Matthew	Sinaiticus	13:23	whw dnpl b)r() Tbt) hw hw d$m( mlt) wmstkl bh whydyn yhb p)r:) w(bd )yt dm:)) w)yt d$tyn w)yt dtltyn	ܘܝ ܠܟܘܢ ܕܝܢ ܣܦܪ̈ܐ ܘܦܪ̈ܝܫܐ ܢܣܒܝܢ ܒܐܦ̈ܐ ܐܚܝܕܝܢ ܐܢܬܘܢ ܐܩܠܝܕܐ ܕܡܠܟܘܬܐ ܕܫܡܝܐ ܩܕܡ ܒܢ̈ܝ ܐܢܫܐ ܠܐ ܓܝܪ ܐܢܬܘܢ ܥܠܝܢ܂ ܘܠܐ ܠܐܝܠܝܢ ܕܐܬܝܢ ܠܡܥܠ ܫܒܩܝܢ ܐܢܬܘܢ܀
Matthew	Sinaiticus	13:24	twb )wsp w)mr lhwn mtl) )xrn) dmy) mlkwt) d$my) lgbr) dzr( zr() Tb) bqryth	ܐܠܐ ܡܢ ܕܡܣܝܒܪ ܥܕܡܐ ܠܚܪܬܐ ܗܘ ܢܚܐ
Matthew	Sinaiticus	13:25	wkd dmkw )n$) )t) b(ldbb) wzr( zyzn) byt x:T) w)zl	ܐܬܥܝܪܘ ܗܟܝܠ ܕܠܐ ܐܢܬܘܢ ܝܕܥܬܘܢ ܠܗ ܠܝܘܡܐ ܘܠܐ ܠܫܥܬܐ
Matthew	Sinaiticus	13:26	wkd y() (sb) w(bd p)r:) )txzyw zyzn)	ܐܡܝܢ ܐܡܪܢܐ ܠܟܘܢ ܕܐܝܟܐ ܕܬܬܟܪܙ ܣܒܪܬܝ ܗܕܐ ܒܟܠܗ ܥܠܡܐ ܬܬܡܠܠ ܐܦ ܡܕܡ ܕܥܒܕܬ ܐܢܬܬܐ ܗܕܐ ܠܕܘܟܪܢܗ܀
Matthew	Sinaiticus	13:27	qrbw (bd) lwt mrhwn w)mr:yn lh mrn l) zr() Tb) zr(t bqrytk mn )ymk) bh zyzn)	ܗܝܕܝܢ ܐܡܪ ܠܗ ܦܝܠܛܘܣ ܠܐ ܫܡܥ ܐܢܬ ܟܡܐ ܣܗܕܝܢ ܡܣܗ̈ܕܝܢ ܥܠܝܟ܂
Matthew	Sinaiticus	13:28	)mr lhwn gbr) b(ldbb) (bd hd) )mr:yn lh (bd:why )n cb) )nt n)zl nlqwT )nwn	
Matthew	Sinaiticus	13:29	)mr lhwn l) dlm) kd lqTyn )ntwn zyz:n) t(qrwn )p xT) (mhwn,	
Matthew	Sinaiticus	13:30	)l) $bwqw rbyn )kxd) (dm) lxcd) wbhw zbn) dxcd) )mr )n) lxcwd:) lqTw lwqdm zyz:n) w)swrw )nwn msryt) )yk dlnwr) wx:T) kn$w )nyn l)wcr:)%	
Matthew	Sinaiticus	13:31	w)mr hw) lhwn mtl) )xrn) dmy) mlkwt) d$my) lprdt) dxrdl) dnsb gbr) zr(h bqryth	
Matthew	Sinaiticus	13:32	wz(wry) hy mn klhwn zr(wn), wm) drbt rb) hy mn kwlhwn yr:qwn) whwy) )yln) w)ty) xywt knp) w$kn) bswkyh;	
Matthew	Sinaiticus	13:33	mtl) )xrn) dmy) mlkwt) d$my) lxmyr) dnsbt )ntt) )T$yt b:tlt s)yn qmx) (dm) dhw) kwlh xmyr)	
Matthew	Sinaiticus	13:34	hlyn klhyn mll y$w( lkn$) bpl):t) wdl) pl)t) l) mmll hw) (mhwn	
Matthew	Sinaiticus	13:35	dntml) mdm d)tmll bnby) d)mr hw) )ptx pmy bm:tl) w)mr ks:yt) dmn qdym%	
Matthew	Sinaiticus	13:36	hydyn $bq lkn$) w)t) lbyt) wqrbw tlm:ydwhy w)mr:yn lh p$q ln mtl) hw dzyz:n) dqryt)	
Matthew	Sinaiticus	13:37	hw dyn (n) w)mr lhwn zrw(h dzr() Tb) brh hw d)n$)	
Matthew	Sinaiticus	13:38	wqryt) (lm) hy, wzr() Tb) hlyn )nwn bn:yh dmlkwt) wzyz:n) bnw:hy )nwn dby$),	
Matthew	Sinaiticus	13:39	wzrw(hwn hwyw by$) wxcd) $wlmh d(lm) wxcw:d) ml)k)	
Matthew	Sinaiticus	13:40	)kzn) hkyl dmtlqTyn zyzn:) wyqdyn bnwr) hkn) nhw) b$wlmh d(lm),	
Matthew	Sinaiticus	13:42	wnrmwn )nwn b)twn) dnwr) tmn nhw) bky) wxwrq $:n)	
Matthew	Sinaiticus	13:43	whydyn zdyq:) nnhrwn bmlkwt) d)bwhwn, mn d)yt lh )dn) dn$m( n$m(%	
Matthew	Sinaiticus	13:44	dmy) mlkwt) d$my) lsymt) dsym) bqryt), dmn d)$kxh T$yh, wbxdwth, )zl zbn kl d)yt lh wzbn lh lqryt) hy%	
Matthew	Sinaiticus	13:45	twb dmy) mlkwt) d$my) lgbr) tgr) db() hw) mrgnyt)	
Matthew	Sinaiticus	13:47	twb dmy) mlkwt) d$my) lmcydt) rbt) dnplt bym) wmn kl gns kn$t	
Matthew	Sinaiticus	13:50	wnrmwn )nwn b)twn) dnwr) tmn nhw) bky) wxwrq $n)	
Matthew	Sinaiticus	13:51	)stkltwn hlyn klhyn )mryn lh )yn	
Matthew	Sinaiticus	13:53	wkd $lm y$w( mt:l) hlyn $ny lh mn tmn	
Matthew	Sinaiticus	13:54	w)t) lh lmdynth, wmlp hw) lhwn bknw:$thwn )yk dntmhwn, w)mryn )ymk) lh lhn) hd) xkmt) klh wxyl)	
Matthew	Sinaiticus	13:55	l) hw) hn) br ywsp w$mh l)mh mrym w)xwhy y(qwb wywsp w$m(wn wyhwd)	
Matthew	Sinaiticus	13:56	w)xwth klhyn lwtn, mn )ymk) lh hlyn klhyn lhn)	
Matthew	Sinaiticus	13:57	wmtk$lyn hww bh y$w( dyn )mr lhwn lyt nby) dmcT(r )l) bmdynth wbbyth	
Matthew	Sinaiticus	13:58	wl) (bd tmn xyl) sgy)) mTl xsyrwt hymnwthwn%	
Matthew	Sinaiticus	14:01	bzbn) dyn $m( hrwds r$) rby(y) $m(h dy$w(,	ܥܙܘܪ ܐܘܠܕ ܠܨܕܘܩ ܨܕܘܩ ܐܘܠܕ ܠܐܟܝܢ ܐܟܝܢ ܐܘܠܕ ܠܐܠܝܘܕ܂
Matthew	Sinaiticus	14:02	w)mr l(b:dwhy, hnw ywxnn m(mdn) qm mn byt myt) mTl hn) sgy xylh,	ܝܘܣܦ ܕܝܢ ܩܡ ܫܩܠܗ ܠܛܠܝܐ ܘܠܐܡܗ ܒܠܠܝܐ ܘܐܙܠ ܠܗ ܠܡܨܪܝܢ܂
Matthew	Sinaiticus	14:03	hrwds gyr )xdh hw) lywxnn w)rmyh byt )syr:) mTl hrwdy) )ntt pylpws )xwhy,	ܘܟܠܝܗܝ ܝܘܚܢܢ ܘܐܡܪ ܠܗ ܐܢܐ ܚܫܚܢܐ ܕܐܢܬ ܬܥܡܕܢܝ ܘܐܢܬ ܠܘܬܝ ܐܬܝܬ
Matthew	Sinaiticus	14:04	)mr hw) lh gyr ywxnn dl) $lyT lk lmsbh,	ܕܬܬܡܠܐ ܡܠܬܐ ܕܐܡܝܪܐ ܒܐܫܥܝܐ ܢܒܝܐ ܕܐܡܪ
Matthew	Sinaiticus	14:07	w)$twdy lh bmwmt) dkl m) dt$)lywhy ntl lh	
Matthew	Sinaiticus	14:08	hy dyn mTl dmlp) hwt mn )mh )mrt hb ly hrk) bpynk) r$h dywxnn m(mdn)	ܘܐܬܐ ܡܪܢ ܠܒܝܬܗ ܕܫܡܥܘܢ ܟܐܦܐ ܘܚܙܐ ܠܚܡܬܗ ܕܪܡܝܐ ܘܐܚܝܕܐ ܠܗ ܐܫܬܐ܂
Matthew	Sinaiticus	14:09	wkryt lh lmlk) wmTl mwmt) wmTl smyk) pqd dntyhb lh.	ܗܝܕܝܢ ܐܬܘ ܬܠܡ̈ܝܕܘܗܝ ܕܝܘܚܢܢ ܘܐܡܪܝܢ ܡܢܘ ܕܐܢܚܢܢ ܘܦܪ̈ܝܫܐ ܨܝܡܝܢ ܐܢܚܢܢ ܚܦܝܛܝܐܝܬ܂ ܘܬܠܡ̈ܝܕܝܟ ܠܐ ܨܝܡܝܢ
Matthew	Sinaiticus	14:10	w$dr $ql r$h dywxnn mn byt )syr:)	ܡܢ ܕܠܐ ܡܩܒܠ ܠܟܘܢ ܘܠܐ ܫܡܥ ܡܠܝܟܘܢ ܡܐ ܕܢܦܩܝܢ ܐܢܬܘܢ ܡܢ ܒܝܬܐ ܗܘ ܐܘ ܡܢ ܡܕܝܢܬܐ ܗܝ ܗܘܝܬܘܢ ܢܦܨܝܢ ܚܠܐ ܕܪ̈ܓܠܝܟܘܢ
Matthew	Sinaiticus	14:11	w)ytyw r$h dywxnn bpynk) w)tyhb lh lTlyt) why )wblth l)mh.	ܘܐܢ ܨܒܝܢ ܐܢܬܘܢ ܠܡܩܒܠܘ ܗܘܝܘ ܐܠܝܐ ܕܥܬܝܕ ܠܡܐܬܐ
Matthew	Sinaiticus	14:12	w$qlw tlmydwhy $ldh wqbrwhy w)tw xwyw ly$w(,	ܘܟܕ ܢܦܩܘ ܦܪܝܫܐ ܢܣܒܘ ܥܠܘܗܝ ܡܠܟܐ ܐܝܟܢܐ ܢܘܒܕܘܢܝܗܝ
Matthew	Sinaiticus	14:13	y$w( dyn kd $m( $ny mn tmn l)tr) xwrb) blxwdwhy wkd $m(w kn$) dmn m:dynt) )zlw lhwn btrh brgl,	ܕܬܫܠܡ ܥܠܝܗܘܢ ܢܒܝܘܬܗ ܕܐܫܥܝܐ ܢܒܝܐ܂ ܕܐܡܪ ܗܘܐ ܫܡܥܐ ܬܫܡܥܘܢ ܘܠܐ ܬܣܬܟܠܘܢ܂ ܘܡܚܙܐ ܬܚܙܘܢ ܘܠܐ ܬܚܙܘܢ܂
Matthew	Sinaiticus	14:14	wkd )tkn$ s:gy)) )trxm (lyhwn wlkryhyhwn )sy,	ܘܟܕ ܐܬܟܢܫ ܣ̈ܓܝܐܐ ܐܬܪܚܡ ܥܠܝܗܘܢ ܘܠܟܪܝܗܝܗܘܢ ܐܣܝ܂
Matthew	Sinaiticus	14:15	wkd hw) rm$) )mryn lh tlmydwhy )tr) xwrb $ry lkn$) n)zlwn lqwr:y) dnzbnwn lhwn sybrt)	ܫܒܘܩܘ ܠܗܘܢ ܢܓܘ̈ܕܐ ܐܢܘܢ ܕܣܡ̈ܝܐ܂ ܣܡܝܐ ܕܝܢ ܕܠܣܡܝܐ ܡܕܒܪ ܥܡܗ ܒܓܘܡܨܐ ܢܦܠ܂
Matthew	Sinaiticus	14:16	)mr lhwn l) mtb() lhwn lm)zl hbw lhwn )ntwn lml(s	ܐܡܪܝܢ ܠܗ ܐܝܬ ܕܐܡܪ̈ܝܢ ܕܝܘܚܢܢ ܗܘ ܡܥܡܕܢܐ܂ ܐܚܪ̈ܢܐ ܐܡܪ̈ܝܢ ܕܐܠܝܐ ܗܘ ܐܚܪ̈ܢܐ ܐܡܪ̈ܝܢ ܕܐܪܡܝܐ ܗܘ܂ ܐܚܪ̈ܢܐ ܐܡܪ̈ܝܢ ܕܚܕ ܡܢ ܢܒܝܐ ܗܘ
Matthew	Sinaiticus	14:17	)mryn lh lyt tnn ,,, ,,, xm$ ,,, wtryn nwnyn	ܘܟܕ ܐܬܐ ܝܫܘܥ ܠܘܬ ܟܢܫܐ ܐܬܐ ܓܒܪܐ ܚܕ ܢܦܠ ܥܠ ܒܘܪ̈ܟܘܗܝ܂
Matthew	Sinaiticus	14:18	)mr lhwn )ytw )nwn ly	ܗܟܢܐ ܠܐ ܨܒܐ ܐܒܝ ܕܒܫܡܝܐ܂ ܕܢܐܒܕ ܚܕ ܡܢ ܗܠܝܢ ܙܥܘܪ̈ܐ܀
Matthew	Sinaiticus	14:21	hwyn hww dyn hnwn d)klw xm$) )lpyn sTr mn Tly:) wn$),	
Matthew	Sinaiticus	14:22	wpqd ltlmydwhy dntbwn b)lp) wnqdmwnh l(br) dymt) (d $r) lkn$) hnwn	ܣܓܝܐܝܢ ܐܢܘܢ ܓܝܪ ܩܪܝܐ ܘܙܥܘܪ̈ܝܢ ܓܒ̈ܝܐ܀
Matthew	Sinaiticus	14:23	wkd $r) )nwn slq lTwr) blxwdwhy lmclyw wkd hw) rm$) blxwdwhy hw) tmn	
Matthew	Sinaiticus	14:24	wspynt) ,,, ,,, ,,, ,,, ,,, ,,, hwt ,,, ,,, ,,, ,,, ,,, w)$tg$t (lyhwn ymt) mTl drwx) lqblhwn hwt	ܘܬܬܟܪܙ ܗܢܐ ܣܒܪܬܐ ܕܡܠܟܘܬܐ ܒܟܠܗ ܥܠܡܐ ܠܣܗܕܘܬܐ ܕܟܠܗܘܢ ܥܡܡܐ ܘܗܝܕܝܢ ܢܐܬܐ ܫܘܠܡܐ
Matthew	Sinaiticus	14:26	kd xzw dmhlk (l glly ym) )tzy(w w)mr:yn d$)d) hw wmn dxlthwn yhbw ql),	ܗܝܕܝܢ ܐܙܠ ܚܕ ܡܢ ܬܪܥܣܪ ܕܡܬܩܪܐ ܝܗܘܕܐ ܣܟܪܝܘܛܐ ܠܘܬ ܪܒܝ ܟܗܢܐ
Matthew	Sinaiticus	14:28	(n) $m(wn k)p) w)mr lh )n )nt hw )ps d)t) lwtk (l my)	
Matthew	Sinaiticus	14:29	hw dyn )mr lh t) wnxt $m(wn k)p) mn spynt) wmhlk hw) (l my) w)t) lwt y$w(	
Matthew	Sinaiticus	14:30	kd xz) rwx) d($yn) dxl w$ry lmTb( wqr) bql) rm) w)mr mry )xny	
Matthew	Sinaiticus	14:32	wkd slqw lspynt) psqt rwx)	
Matthew	Sinaiticus	14:33	wqrbw hnwn dbspynt) sgdw lh w)mryn $ryr)yt )nt hw brh d)lh)%	
Matthew	Sinaiticus	14:34	wkd slqw lyb$) )tw lgnsr,	
Matthew	Sinaiticus	14:35	w)$twd(why b:ny )tr) hw $drw l)trhwn, w)ytyw lh klhwn )ylyn dby$ by$ (bydyn hww	
Matthew	Sinaiticus	14:36	wb(yn hww mnh dnqrbwn lknp) dmrTwTh blxwd wkl )ylyn dqrbyn hww xyyn hww%	
Matthew	Sinaiticus	15:01	hydyn qrbw lh mn )wr$lm spr:) wpr:y$) w)mryn lh,	ܐܠܝܘܕ ܐܘܠܕ ܠܐܠܝܥܙܪ ܐܠܝܥܙܪ ܐܘܠܕ ܠܡܬܢ ܡܬܢ ܐܘܠܕ ܠܝܥܩܘܒ
Matthew	Sinaiticus	15:02	lmn) (bryn tlmydyk (l pwqdn) dsbyn l) gyr m$ygyn )ydyhwn w)klyn lxm)	ܘܬܡܢ ܗܘܐ ܥܕܡܐ ܕܡܝܬ ܗܪܘܕܣ ܡܠܟܐ܂ ܕܢܬܡܠܐ ܡܕܡ ܕܐܬܡܠܠ ܡܢ ܡܪܝܐ ܒܦܘܡ ܐܫܥܝܐ ܢܒܝܐ܂ ܕܐܡܪ ܗܘܐ ܡܢ ܡܨܪܝܢ ܩܪܝܬ ܠܒܪܝ
Matthew	Sinaiticus	15:03	hw dyn (n) w)mr lhwn lmn) )p )ntwn (bryn )ntwn (l pwqdn) d)lh) mTl pwqdnykwn,	ܥܢܐ ܝܫܘܥ ܘܐܡܪ ܠܗ ܫܒܘܩ ܕܗܫܐ ܡܛܠ ܕܗܟܢܐ ܝܐܐ ܠܢ ܕܢܡܠܐ ܟܘܠܗ ܟܐܢܘܬܐ ܗܝܕܝܢ ܫܒܩܗ ܕܢܥܡܕ
Matthew	Sinaiticus	15:04	)lh) gyr )mr yqr l)bwk wl)mk wmn dmcx) l)bwhy wl)mh mmt nmwt,	ܐܪܥܐ ܕܙܒܠܘܢ ܘܐܪܥܐ ܕܢܦܬܠܝ ܐܘܪܚܐ ܕܝܡܐ ܘܥܒܪܘܗܝ ܕܝܘܪܕܢܢ ܢܗܪܐ ܓܠܝܠܐ ܕܥܡܡܐ
Matthew	Sinaiticus	15:05	)ntwn dyn )mr:yn, )ntwn dmn dn)mr l)bwhy wl)mh qwrbn )n tthn) mny, whn) l) l)bwhy wl) l)mh myqr,	ܘܠܐ ܐܢܫ ܡܢܗܪ ܫܪܓܐ ܘܣܐܡ ܠܗ ܬܚܝܬ ܣܐܬܐ ܐܠܐ ܣܐܡ ܠܗ ܠܥܠ ܡܢ ܡܢܪܬܐ ܘܠܟܠ ܕܐܝܬ ܒܒܝܬܐ ܡܢܗܪ܂
Matthew	Sinaiticus	15:06	wbTltwn mlt) d)lh) mTl pwqdnykwn,	
Matthew	Sinaiticus	15:07	nsby b)p) $pyr )tnby (lykwn )$(y) nby) d)mr hw)	
Matthew	Sinaiticus	15:08	(m) hn) bspwth hw myqr ly, wblbh rxyq mny,	ܘܩܪܒ ܠܐܝܕܗ ܘܒܗ ܒܫܥܬܐ ܫܒܩܬܗ ܐܫܬܐ ܘܩܡܬ ܘܡܫܡܫܐ ܗܘܬ ܠܗܘܢ܂
Matthew	Sinaiticus	15:09	sryq)yt dyn dxlyn ly mlpyn ywlpn) dpwqdn) dbny )n$)%	ܐܡܪ ܠܗܘܢ ܡܪܢ ܠܐ ܡܫܟܚܝܢ ܒ̈ܢܘܗܝ ܕܓܢܘܢܐ ܠܡܛܪ ܐܒܠܐ ܟܡܐ ܕܚܬܢܐ ܥܡܗܘܢ ܢܐܬܘܢ ܕܝܢ ܝܘܡ̈ܬܐ ܕܢܬܥܠܐ ܡܢܗܘܢ ܚܬܢܐ ܘܗܝܕܝܢ ܢܨܘܡܘܢ܀
Matthew	Sinaiticus	15:10	wqr) lkn:$) w)mr lhwn $m(w w)stklw	ܘܐܡܝܢ ܐܡܪ ܐܢܐ ܠܟܘܢ ܕܠܐܪܥܐ ܕܣܕܘܡ ܘܕܥܡܘܪܐ ܢܗܘܐ ܦܫܝܚ ܒܝܘܡܐ ܕܕܝܢܐ ܝܬܝܪ ܡܢ ܕܠܟܪܟܐ ܗܘ܂
Matthew	Sinaiticus	15:11	dl) hw) mdm d()l lpwm) msyb lh lbr )n$) )l) mdm dnpq mn pwm), hw msyb lh lbr )n$)	ܡܢ ܕܐܝܬ ܠܗ ܐܕܢܐ ܢܫܡܥ܀
Matthew	Sinaiticus	15:12	hydyn qrbw tlmydwhy w)mr:yn lh yd(t dpr:y$) kd $m(w mlt) hd) )tk$lw,	ܝܫܘܥ ܕܝܢ ܝܕܥ ܘܫܢܝ ܡܢ ܬܡܢ ܘܐܙܠܘ ܒܬܪܗ ܐܢܫܐ ܣܓܝܐܐ ܘܠܟܠܗܘܢ ܐܣܝ
Matthew	Sinaiticus	15:13	hw dyn (n) w)mr kl ncbt) d)b) db$my) l) ncbh tt(qr	ܐܬܥܒܝ ܠܗ ܓܝܪ ܠܒܗ ܕܥܡܐ ܗܢܐ ܘܐ̈ܕܢܝܗܘܢ ܐܘܩܪܘ ܕܠܐ ܢܫܡܥܘܢ ܘܥܝܢ̈ܝܗܘܢ ܥܡܨܘ ܕܠܐ ܢܚܙܘܢ ܒܥܝܢ̈ܝܗܘܢ ܘܢܫܡܥܘܢ ܒܐܕܢܝܗܘܢ ܘܢܣܬܟܠܘܢ ܒܠܒܗܘܢ܀
Matthew	Sinaiticus	15:15	(n) $m(wn k)p) w)mr lh p$q ln mtl) hn)	ܥܢܐ ܫܡܥܘܢ ܟܐܦܐ ܘܐܡܪ ܠܗ ܦܫܩ ܠܢ ܡܬܠܐ ܗܢܐ
Matthew	Sinaiticus	15:16	)mr lh )pl) )ntwn (dm) lh$) l) mstklyn )ntwn,	ܐܡܪ ܠܗܘܢ ܐܢܬܘܢ
Matthew	Sinaiticus	15:18	wmdm dmn lb) npq mn pwm) hw npq whw msyb lh lbr )n$)	ܐܿܢ ܕܝܢ ܢܣܟܠ ܒܟ ܐܚܘܟ܂ ܐܟܣܝܗܝ ܒܝܢܝܟ ܘܠܗ܂ ܐܢ ܫܡܥܟ ܝܬܪܬ ܐܚܘܟ܂
Matthew	Sinaiticus	15:19	mn lb) hw gyr npqn mx$bt) by$t) dqTl) wdgwr) wdznywt) wdgnbwt) wdshdwt $wqr) wgwdp)	ܘܣܡ ܐܝܕܗ ܥܠܝܗܘܢ ܘܐܙܠ܀
Matthew	Sinaiticus	15:20	hlyn )nyn dmsybn lh lbr )n$) kd )n$ gyr n)kwl lxm) kd l) m$gn )ydwhy l) mstyb br )n$)	ܠܐ ܫܠܝܛ ܐܢܐ ܒܒܝܬܝ ܕܐܥܒܕ ܡܐ ܕܨܒܐ ܐܢܐ ܐܘ ܥܝܢܟ ܒܝܫܐ ܕܐܢܐ ܛܒ ܐܢܐ
Matthew	Sinaiticus	15:21	wnpq y$w( mn tmn w)zl lh ltxwm) dcwr wdcydn,	
Matthew	Sinaiticus	15:22	wh) )ntt) kn(nyt) npqt mnhwn mn tx:wm) hnwn, wz(qt w)mr) rxm (ly mry brh ddwyd brty by$)yt mtdbr) mn $)d)	ܗܝܕܝܢ ܐܙܠܘ ܦܪ̈ܝܫܐ ܢܣܒܘ ܡܠܟܐ ܕܐܝܟܢܐ ܢܨܘܕܘܢܗ ܒܡܠܬܐ
Matthew	Sinaiticus	15:23	hw dyn l) yhb lh ptgm) wqrbw tlmydwhy wb(w mnh w)mr:yn $ryh dh) q(y) w)ty) btrn	ܘܝ ܠܟܘܢ ܣܦܪ̈ܐ ܘܦܪ̈ܝܫܐ ܢܣ̈ܒܝ ܒܐܦܐ ܕܡܬܟܪܟܝܢ ܐܢܬܘܢ ܝܡܐ ܘܝܒܫܐ ܕܬܥܒܕܘܢ ܚܕ ܓܝܘܪܐ ܘܡܐ ܕܗܘܐ ܥܒܕܝܢ ܐܢܬܘܢ ܠܗ ܒܪܗ ܕܓܗܢܐ ܐܥܦܐ ܥܠܝܟܘܢ܀
Matthew	Sinaiticus	15:24	hw dyn (n) w)mr lhwn l) )$tdrt )l) lwt (n) hlyn dT(y mn byt )ysr)yl	ܡܐ ܕܝܢ ܕܚܙܝܬܘܢ ܐܬܐ ܕܛܢܦܘܬܐ ܕܐܬܐܡܪ ܒܕܢܝܐܝܠ ܢܒܝܐ ܗܘ ܕܩܪܐ ܢܣܬܟܠ
Matthew	Sinaiticus	15:25	hy dyn qrbt sgdt lwth w)mr) lh mry (dryny,	ܐܝܬ ܕܝܗܒ ܠܗ ܚܡܫ ܟܟܪܝܢ ܘܐܝܬ ܕܬܪܬܝܢ ܘܐܝܬ ܕܚܕܐ ܂܂܂ ܂܂܂ ܂܂܂ ܂܂܂ ܂܂܂ ܂܂܂
Matthew	Sinaiticus	15:26	hw dyn (n) w)mr lh l) wl) lmsb lxm) dbny) rmyn lklb)	ܘܐܡܪ ܠܗܘܢ ܡܢܐ ܐܢܬܘܢ ܨܒܝܢ ܠܡܬܠ ܐܢܬܘܢ ܘܐܢܐ ܡܫܠܡ ܠܗ ܠܟܘܢ ܘܐܩܝܡܘ ܠܗ ܬܠܬܝܢ ܕܟܣܦܐ
Matthew	Sinaiticus	15:27	)mr) lh )yn mry )p klb:) )klyn mn ptwr:) dmr:yhwn wxyyn,	ܒܟܠ ܥܕܥܝܕܐ ܕܝܢ ܡܥܕ ܗܘܐ ܗܓܡܘܢܐ ܕܢܗܘܐ ܫܪܐ ܠܥܡܐ ܐܣܝܪܐ ܚܕ ܐܝܢܐ ܕܗܢܘܢ ܨܒܝܢ ܗܘܘ܂
Matthew	Sinaiticus	15:28	hydyn (n) w)mr )w )ntt) rb) hy hymnwtky nhw) lky )yk dcbyty, wmn hd) $(t) )t)syt brtky	
Matthew	Sinaiticus	15:29	w$ny lh mn tmn y$w( w)t) lh (l yd ymt) dglyl) wslq ytb lh bTwr)	
Matthew	Sinaiticus	15:31	wmtdmryn hww kn$) dxzyn xr$) dmmllyn wxgyr:) dmhlkyn wsmy) dxzyn wm$bxyn hww l)lh) d)ysr)yl%	
Matthew	Sinaiticus	15:32	wqr) y$w( ltlmydwhy w)mr mtrxm )n) (l kn$) hn) dh) tlt:) ywmyn mqwyn lwty wlyt lhwn m) dn)klwn wd)$r) )nwn kd cymyn l) cbn), dl) n(wpwn lhwn b)wrx),	
Matthew	Sinaiticus	15:34	)mr lhwn y$w( km) lx:myn )yt (lykwn, )mr:yn $:b( gr:ycn wnwn) qlyl	
Matthew	Sinaiticus	15:35	wpqd lkn$) dnstmkwn, (l )r()	
Matthew	Sinaiticus	15:36	wnsb lhlyn $b( gr:ycn wnw:n), wbrk wqc) wyhb ltlmydwhy wtlmydwhy smw lkn$:)	
Matthew	Sinaiticus	15:38	hwyn hww dyn )n$) d)klw )rb() ):lpyn sTr mn n$:) wTly)	
Matthew	Sinaiticus	15:39	wkd $r) lkn$) slq ytb lh bspynt) w)t) lh ltxwm) dmgdn%	
Matthew	Sinaiticus	16:01	wqrbw pr:y$) wzdwqy) wmnsyn lh w$)lyn lh )t) mn $my) dnxw) )nwn,	ܝܥܩܘܒ ܐܘܠܕ ܠܝܘܣܦ ܝܘܣܦ ܕܡܟܝܪܐ ܗܘܬ ܠܗ ܡܪܝܡ ܒܬܘܠܬܐ܂ ܐܘܠܕ ܠܝܫܘܥ ܕܡܬܩܪܐ ܡܫܝܚܐ܀
Matthew	Sinaiticus	16:02	hw dyn (n) w)mr	ܗܝܕܝܢ ܗܪܘܕܣ ܟܕ ܚܙܐ ܕܒܙܚܘ ܒܗ ܡܓܘܫܐ ܐܬܚܡܬ ܛܒ ܘܫܕܪ ܩܛܠ ܛ̈ܠܝܐ ܟܘܠ ܕܐܝܬ ܒܝܬ ܠܚܡ܂ ܘܒܬܚܘܡܗ ܡܢ ܒܪ ܬܪܬܝܢ ܫܢܝܢ ܘܠܬܚܬ ܠܕܡܘܬܐ ܕܙܒܢܐ ܕܐܡܪܘ ܠܗ ܡܓܘܫܐ
Matthew	Sinaiticus	16:04	$rbt) by$t) wgyrt) )t) b(y), w)t) l) ttyhb lh, )l) )n )th dywnn nby) w$bq )nwn w)zl lh	ܥܡܐ ܕܝܬܒ ܒܚܫܘܟܐ ܢܘܗܪܐ ܚܙܐ ܘܕܝܬܒܝܢ ܒܐܘܢܬܐ ܘܒܛܠܠܝ ܡܘܬܐ ܢܘܗܪܐ ܕܢܚ ܥܠܝܗܘܢ
Matthew	Sinaiticus	16:05	wkd )tw l(br) T(w tlm:ydwhy dnsbwn (mhwn lxm)	ܗܟܢܐ ܢܢܗܪ ܢܘܗܪܟܘܢ ܠܩܕܡ ܒ̈ܢܝ ܐܢܫܐ ܕܢܚܙܘܢ ܥܒܕ̈ܝܟܘܢ ܫܦܝܪ̈ܐ܂ ܘܢܫܒܚܘܢ ܠܐܒܘܟܘܢ ܕܒܫܡܝܐ܀
Matthew	Sinaiticus	16:06	)mr lhwn y$w( )zdhrw mn xmyr) dpr:y$) wdzdw:qy)	
Matthew	Sinaiticus	16:07	hydyn mtx$byn hww bynthwn dl) nsbw (mhwn lxm)	
Matthew	Sinaiticus	16:08	y$w( dyn yd( w)mr mn) mtx$byn )ntwn byntkwn xsyry hymnwt) dl) nsbtwn lkwn lxm)	ܡܥܪ̈ܒܝ ܫܡܫܐ ܕܝܢ ܩܪܒܘ ܠܗ ܟܠܗܘܢ ܐܝܠܝܢ ܕܐܝܬ ܗܘܐ ܠܗܘܢ ܫܐܕܐ ܘܐܦܩ ܐܢܘܢ ܒܡܠܬܗ ܘܐܝܠܝܢ ܕܒܝܫ ܒܝܫ ܥܒܝܕܝܢ ܐܣܝ ܐܢܘܢ
Matthew	Sinaiticus	16:09	l) (dm) lh$) mstklyn )ntwn l) (hdyn )ntwn lxm$) lxmyn wxm$) ):lpyn d)klw mnhwn wkm) qwpynyn nsbtwn mn qdmyhwn,	ܠܐ ܐܢܫ ܪܡܐ ܐܪܩܘܥܬܐ ܚܕܬܐ ܥܠ ܢܚܬܐ ܒܠܝܐ ܕܠܐ ܡܠܝܘܬܗ ܕܚܕܬܐ ܡܢܬܦܐ ܡܚܝܠܘܬܗ ܕܒܠܝܐ ܘܗܘܐ ܣܕܩܐ ܒܝܫ ܡܢ ܩܕܡܝܐ
Matthew	Sinaiticus	16:10	)pl) lhnwn $b() lxm:yn dhnwn )rb() ):lpyn d)klw mnhwn wkm) sprydyn nsbtwn mn qdmyhwn	ܗܐ ܐܢܐ ܡܫܕܪ ܐܢܐ ܠܟܘܢ ܐܝܟ ܐܡܪܐ ܒܝܢܝ ܕܐܒ̈ܐ܂ ܗܘܘ ܗܟܝܠ ܥܪܝܡܝܢ ܐܝܟ ܚܘ̈ܘܬܐ ܘܬܡܝܡܝܢ ܐܝܟ ܝܘ̈ܢܐ܀
Matthew	Sinaiticus	16:12	hydyn )stklw dl) hw) mn xmyr) )mr lmzdhrw )l) mn ywlpnhwn dpr:y$) wdzdwqy),	ܘܟܐܐ ܗܘܐ ܒܗܘܢ ܒܗܢܘܢ ܕܠܐܢܫ ܠܐ ܢܐܡܪܘܢ
Matthew	Sinaiticus	16:13	wkd )t) y$w( ltxwm) dqsry) dpylypws m$)l hw) ltlmydwhy w)mr mn) )mr:yn (ly )n$) mnw lm hn) brh d)n$)	ܕܝܠܟܘܢ ܕܝܢ ܛܘܒ̈ܝܗܝܢ ܠܥܝܢܝܟܘܢ ܕܚܙܝܢ܂ ܛܘܒܝܗܝܢ ܠܐܕܢ̈ܝܟܘܢ ܕܫܡܥܢ
Matthew	Sinaiticus	16:14	)mryn lh )yt d)mr:yn dywxnn hw m(mdn), )xr:n) )mr:yn d)ly) hw )xr:n) )mr:yn d)rmy) hw, )xr:n) )mr:yn dxd mn nby) hw	ܐܡܪ ܠܗܘܢ ܠܐ ܡܬܒܥܐ ܠܗܘܢ ܠܡܐܙܠ ܗܒܘ ܠܗܘܢ ܐܢܬܘܢ ܠܡܠܥܣ
Matthew	Sinaiticus	16:15	)mr lhwn )ntwn	ܐܡܪ ܠܗ ܐܦܠܐ ܐܢܬܘܢ ܥܕܡܐ ܠܗܫܐ ܠܐ ܡܣܬܟܠܝܢ ܐܢܬܘܢ܂
Matthew	Sinaiticus	17:11	mdm,	ܙܡܪܢ ܠܟܘܢ ܘܠܐ ܪܩܕܬܘܢ ܘܐܠܝܢ ܠܟܘܢ ܘܠܐ ܐܪܩܕܬܘܢ܂
Matthew	Sinaiticus	17:12	)mrn) lkwn dyn d)p )ly) )t) wl) yd(why )l) (bdw bh kl m) dcbw, wbrh d)n$) (tyd hw dnx$ mnhwn,	ܕܢܬܡܠܐ ܡܕܡ ܕܐܬܐܡܪ ܒܐܫܥܝܐ ܢܒܝܐ ܕܐܡܪ ܗܘܐ
Matthew	Sinaiticus	17:13	hydyn )stklw tlm:ydwhy d(l ywxnn hw )mr lhwn%	ܐܡܝܢ ܓܝܪ ܐܡܪܢܐ ܠܟܘܢ ܕܣܓܝܐܐ ܢܒ̈ܝܐ ܘܙܕܝܩܐ ܐܬܪܓܪܓܘ ܠܡܚܙܐ ܡܕܡ ܕܐܢܬܘܢ ܚܙܝܢ ܘܠܐ ܚܙܘ ܘܠܡܫܡܥ ܡܕܡ ܕܐܢܬܘܢ ܫܡܥܝܢ ܘܠܐ ܫܡܥܘ
Matthew	Sinaiticus	17:14	wkd )t) y$w( lwt kn$) )t) gbr) xd npl (l bwr:kwhy,	ܐܡܪܝܢ ܠܗ ܠܝܬ ܬܢܢ ܂܂܂ ܂܂܂ ܚܡܫ ܂܂܂ ܘܬܪܝܢ ܢܘܢܝܢ
Matthew	Sinaiticus	17:16	wqrbth ltlmy:dyk wl) )$kxw lm)sywth	
Matthew	Sinaiticus	17:17	(n) y$w( w)mr )w $rbt) mptlt) wdl) hymnw (dm) l)mty )hw) lwtkwn w)sybrkwn )ytyhy ly {lbrk} lhrk)	ܥܢܐ ܝܫܘܥ ܘܐܡܪ ܐܘ ܫܪܒܬܐ ܡܦܬܠܬܐ ܘܕܠܐ ܗܝܡܢܘ ܥܕܡܐ ܠܐܡܬܝ ܐܗܘܐ ܠܘܬܟܘܢ ܘܐܣܝܒܪܟܘܢ ܐܝܬܝܗܝ ܠܝ ‍{‍ܠܒܪܟ‍}‍ ܠܗܪܟܐ
Matthew	Sinaiticus	17:18	wk)) bh y$w( wnpq mnh $)d), wmn hy $(t) )t)sy hw Tly)	ܐܢ ܕܝܢ ܠܐ ܢܫܡܥ ܐܢܘܢ ܐܡܪ ܠܟܢܘܫܬܐ ܘܐܢ ܠܟܢܘܫܬܐ ܠܐ ܢܫܡܥ ܢܬܚܫܒ ܠܟ ܐܝܟ ܚܢܦܐ ܘܐܝܟ ܡܟܣܐ
Matthew	Sinaiticus	17:19	hydyn qrbw tlm:ydwhy bynyhwn wlh, w)mryn lmn) l) )$kxyn )nxnn lm)sywth,	ܐܡܪ ܠܗ ܡܢܐ ܡܫܐܠ ܐܢܬ ܠܝ ܥܠ ܛܒܐ ܚܕ ܗܘ ܓܝܪ ܛܒܐ ܐܢ ܨܒܝܬ ܕܝܢ ܕܬܐܬܐ ܠܚܝܐ ܢܛܪ ܦܘܩ̈ܕܢܐ
Matthew	Sinaiticus	17:20	)mr lhwn mTl dlyt lkwn hymnwt), )myn gyr )mrn) lkwn, d)lw )yt hwt bkwn hymnwt) )yk prdt) dxrdl) )mrtwn dyn lTwr) hn) d)$tn) wn$n), wmdm l) nxsnkwn,	ܘܟܕ ܣܠܩ ܗܘܐ ܝܫܘܥ ܠܐܘܪܫܠܡ ܕܒܪ ܥܡܗ ܠܬܪܥܣܪ̈ܬܗ ܒܐܘܪܚܐ ܘܐܡܪ ܠܗܘܢ ܒܝܢܝܗܘܢ ܘܠܗ
Matthew	Sinaiticus	17:22	wkd hnwn mthpkyn bglyl) )mr lhwn y$w( (tyd hw brh d)n$) dn$tlm b)yd:y bny )n$)	ܐܝܟܢܐ ܕܝܢ ܡܨܛܒܐ ܠܟ܂ ܘܠܐ ܠܢ ܕܢܬܠ ܟܣܦ ܪܫܐ ܠܩܣܪ ܐܘ ܠܐ܂
Matthew	Sinaiticus	17:23	wnqTlwnh wmn btr tlt) ywmyn nqwm wkryt lhwn Tb	ܣܟ̈ܠܐ ܘܥܘܝܪ̈ܐ ܡܢܐ ܪܒ ܕܗܒܐ ܐܘ ܗܝܟܠܐ ܕܗܘ ܡܩܕܫ ܠܗ ܠܕܗܒܐ
Matthew	Sinaiticus	17:24	wkd )tw lkprnxwm )tw hnwn dgbyn zwz) w)mryn l$m(wn rbk l) yhb zw:zwhy	ܘܗܘ ܕܒܐܓܪܐ ܗܘ ܠܐ ܢܚܘܬ ܠܡܣܒ ܡܢ ܒܝܬܗ܂
Matthew	Sinaiticus	17:25	)mr )yn wkd (l lbyth qdmh y$w( w)mr lh mn) mcTb) lk $m(wn, m:lkyh d)r() mn mn gbyn mks), wksp r$), mn bnyhwn )w mn nwkr:y),	܂܂܂ ܘܗܟܘܬ ܐܦ ܗܘ ܕܬܪܬܝܢ ܂܂܂ ܐܬܬܓܪ ܒܬܪܬܝܢ ܐܚܪܢܐ
Matthew	Sinaiticus	17:26	)mr lh mn nwkr:y) )mr lh y$w( mdyn b:ny x)r:) )nwn bny),	ܒܝܘܡܐ ܕܝܢ ܩܕܡܝܐ ܕܦܛܝܪܐ ܩܪܒܘ ܬܠܡܝܕܘܗܝ ܕܝܫܘܥ ܘܐܡܪܝܢ ܠܗ ܐܝܟܐ ܨܒܐ ܐܢܬ ܕܢܛܝܒ ܠܟ ܕܬܐܟܘܠ ܦܨܚܐ܂
Matthew	Sinaiticus	17:27	dl) dyn nk$l )nwn, )zl )rm) cnrt) bym) wnwn) qdmy) dslq sb wptx pwmh, wt$kx tmn )str) hb lhwn xlpy wxlpyk,	ܘܟܕ ܟܢܝܫܝܢ ܟܠܗܘܢ ܝܗܘܕܝܐ ܐܡܪ ܠܗܘܢ ܦܝܠܛܘܣ܂ ܠܡܢ ܨܒܝܢ ܐܢܬܘܢ ܕܐܫܪܐ ܠܟܘܢ܂ ܠܝܫܘܥ ܒܪ ܐܒܐ ܐܘ ܠܝܫܘܥ ܕܡܬܩܪܐ ܡܫܝܚܐ܂
Matthew	Sinaiticus	18:01	bhw ywm) qrbw tlmy:dwhy )mryn lh, mnw ky nhw) rb bmlkwt) d$my),	ܝܠܕܗ ܕܝܢ ܕܡܫܝܚܐ ܗܟܢܐ ܗܘܐ ܟܕ ܡܟܝܪܐ ܗܘܬ ܡܪܝܡ ܐܡܗ ܠܝܘܣܦ ܟܕ ܠܐ ܢܬܩܪܒܘܢ ܚܕ ܠܘܬ ܚܕ ܐܫܬܟܚܬ ܒܛܢܐ ܡܢ ܪܘܚܐ ܕܩܘܕܫܐ
Matthew	Sinaiticus	18:02	qr) y$w( Tly) xd w)qymh bynthwn	ܩܠܐ ܐܫܬܡܥ ܒܪܡܬܐ ܐܠܝܐ ܘܒܟܝܐ ܘܬܢܚܬܐ ܣܓܝܐܬܐ ܩܠܐ ܕܪܚܝܠ ܕܒܟܝܐ ܗܘܬ ܥܠ ܒܢܝܗ ܘܠܐ ܨܒܝܐ ܗܘܬ ܠܡܬܒܝܐܘ ܡܛܠ ܕܠܐ ܐܝܬܝܗ̈ܘܢ܀
Matthew	Sinaiticus	18:03	w)mr )myn )mrn) lkwn d)l) tthpkwn thwwn )yk Tly:), l) t(lwn lmlkwt) d$my),	
Matthew	Sinaiticus	18:04	mn dnmk gyr np$h )yk Tly) hn) hw nhw) rb bmlkwt) d$my)	ܘܐܝܟ ܕܥܒܪ ܗܘܐ ܥܠ ܓܢܒ ܣܦܬܗ ܕܝܡܐ ܚܙܐ ܬܪ̈ܝܢ ܐܚܝܢ ܫܡܥܘܢ ܘܐܢܕܪܝܘܣ ܐܚܘܗܝ ܟܕ ܡܬܩܢܝܢ ܡܨܝܕܬܗܘܢ ܘܪܡܝܢ ܗܘܘ ܒܝܡܐ ܡܛܠ ܕܨܝܕܐ ܗܘܘ ܕܢܘ̈ܢܐ
Matthew	Sinaiticus	18:05	wkl dnqbl )yk xd mn hlyn Tly:) b$my ly hw mqbl	ܐܡܝܢ ܓܝܪ ܐܡܪܢܐ ܠܟܘܢ ܥܕܡܐ ܕܢܥܒܪܘܢ ܫܡܝܐ ܘܐܪܥܐ܂ ܝܘܕ ܐܬܘܬܐ ܚܕܐ ܠܐ ܬܥܒܪ ܡܢ ܢܡܘܣܐ ܥܕܡܐ ܕܟܘܠ ܢܗܘܐ
Matthew	Sinaiticus	18:07	wy lh l(lm) mn mk$w:l) d)tyn, d(tydyn )nwn gyr dn)twn mk$w:l) )l) wy lgbr) db)ydh n)twn,	
Matthew	Sinaiticus	18:09	)n (ynk mk$l) lk xcyh $dyh mnk pqx lk gyr dt(wl lxy), kd )yt lk xd) (yn) wl) kd )yt lk tr:tyn wt)zl lghn) dnwr)%	ܟܕ ܗܘ ܕܝܢ ܡܡܠܠ ܗܘܐ ܥܡܗܘܢ܂ ܘܗܐ ܪܒ ܟܢܘܫܬܗܘܢ ܚܕ ܐܬܐ ܢܦܠ ܗܘܐ ܣܓܕ ܠܗ ܘܐܡܪ ܒܪܬܝ ܗܫܐ ܡܝܬܬ ܐܠܐ ܣܝܡ ܐܝܕܟ ܘܬܚܐ܂
Matthew	Sinaiticus	18:10	xzw dlm) tbswn bxd mn hlyn z(wr:) )mrn) lkwn gyr dml)kyhwn bkwlzbn xzyn )pwhy d)by db$my)	ܘܩܕܡ ܡ̈ܠܟܐ ܘܗܓ̈ܡܘܢܐ ܬܩܘܡܘܢ܂ ܡܛܠ ܫܡܝ ܘܠܣܗܕܘܬܗܘܢ ܕܝܠܗܘܢ ܘܕܥܡܡ̈ܐ܂
Matthew	Sinaiticus	18:12	)ykn) mtxz) lkwn, )n nhwyn lgbr) m)) (n) wtT() xd) mnhyn wl) $bq t$:(yn wt$( bTwr) w)zl b() lhy dT(t	ܗܐ ܂܂܂ ܂܂܂ ܂܂܂ ܂܂܂ ܂܂܂ ܂܂܂ ܂܂܂ ܂܂܂ ܐܨܛܒܝܬ ܂܂܂ ܂܂܂ ܒܗ ܂܂܂ ܂܂܂ ܪܘܚܝ ܐܣܝܡ ܥܠܘܗܝ ܕܢܟܪܙ ܕܝܢܐ ܠܥܡܡܐ
Matthew	Sinaiticus	18:13	wm) d)$kxh )myn )mrn) lkwn, dxd) bh, ytyr mn hlyn t$:(yn wt$( dl) T(y	ܐܢܬܘܢ ܗܟܝܠ ܫܡܥܘ ܡܬܠܐ ܕܙܪܘܥܐ
Matthew	Sinaiticus	18:14	hkn) l) cb) )by db$my), dn)bd xd mn hlyn z(wr:)%	ܐܡܪ ܠܗܘܢ ܐܝܬܘ ܐܢܘܢ ܠܝ
Matthew	Sinaiticus	18:15	).n dyn nskl bk )xwk, )ksyhy bynyk wlh, )n $m(k ytrt )xwk,	ܘܡܕܡ ܕܡܢ ܠܒܐ ܢܦܩ ܡܢ ܦܘܡܐ ܗܘ ܢܦܩ ܘܗܘ ܡܣܝܒ ܠܗ ܠܒܪ ܐܢܫܐ
Matthew	Sinaiticus	18:16	)n dyn l) n$m(k, dbr (mk twb xd )w tr:yn d(l pwm tr:yn w:tlt) shdyn tqwm kwl ml)	
Matthew	Sinaiticus	18:17	)n dyn l) n$m( )nwn )mr lknw$t) w)n lknw$t) l) n$m( ntx$b lk )yk xnp) w)yk mks)	ܘܟܐܐ ܒܗ ܝܫܘܥ ܘܢܦܩ ܡܢܗ ܫܐܕܐ܂ ܘܡܢ ܗܝ ܫܥܬܐ ܐܬܐܣܝ ܗܘ ܛܠܝܐ
Matthew	Sinaiticus	18:18	w)myn )mrn) lkwn mdm dt)srwn b)r() nhw) )syr b$my) wmdm dt$rwn b)r() nhw) $r) b$my)	ܘܐܡܝܢ ܐܡܪܢܐ ܠܟܘܢ ܡܕܡ ܕܬܐܣܪܘܢ ܒܐܪܥܐ ܢܗܘܐ ܐܣܝܪ ܒܫܡܝܐ ܘܡܕܡ ܕܬܫܪܘܢ ܒܐܪܥܐ ܢܗܘܐ ܫܪܐ ܒܫܡܝܐ
Matthew	Sinaiticus	18:19	twb )myn )mr )n) lkwn d)n tryn mnkwn n$twwn (l )r() (l kwl cbw mdm dn$)lwn nhw) lhwn mn lwt )by db$my)	ܐܡܪ ܠܗ ܐܝܠܝܢ ܐܡܪ ܠܗ ܝܫܘܥ ܠܐ ܬܩܛܘܠ ܠܐ ܬܓܘܪ ܘܠܐ ܬܣܗܕ ܣܗܕܘܬܐ ܕܫܘܩܪܐ
Matthew	Sinaiticus	18:20	lyt gyr tr:yn )w tlt) dkny$yn b$my, dl) )n) bynthwn%	ܗܐ ܣܠܩܝܢ ܐܢܚܢܢ ܠܐܘܪܫܠܡ ܘܢܫܬܠܡ ܒܪܗ ܕܐܢܫܐ ܠܪ̈ܒܝ ܟܗܢܐ ܘܠܣܦܪ̈ܐ ܘܢܚܝܒܘܢܗ ܠܡܘܬܐ
Matthew	Sinaiticus	18:22	)mr lh l) $b:( )l) (l $b(yn zbnyn $:b( $:b(%	ܝܫܘܥ ܕܝܢ ܟܕ ܝܕܥ ܒܝܫܘܬܗܘܢ ܐܡܪ ܠܗܘܢ ܢܣܒ̈ܝ ܒܐܦ̈ܐ ܡܢܐ ܡܢܣܝܢ ܐܢܬܘܢ ܠܝ܂
Matthew	Sinaiticus	18:23	mTl hn) dmy) mlkwt) d$my) lgbr) mlk) dcb) lmsb x$bn) mn (bdwhy	ܘܡܢ ܕܝܡܐ ܒܡܕܒܚܐ ܠܐ ܡܟܐ ܘܡܢ ܕܝܡܐ ܒܩܘܪܒܢܐ ܕܥܠ ܡܕܒܚܐ ܚܛܐ
Matthew	Sinaiticus	18:24	wkd $ry lmsb qrb lh dxyb hw) lh brbw kkryn	ܘܐܝܢܐ ܕܒܩܪܝܬܐ ܗܘ ܠܐ ܢܬܦܢܐ ܠܒܣܬܪܗ ܠܡܣܒ ܡܪܛܘܛܗ܀
Matthew	Sinaiticus	18:25	wkd lyt hw) lh lmpr( pqd dnzbnwnh lh wl)ntth wlbnwhy wntnsb kl mdm d)yt lh	ܗܘ ܕܝܢ ܕܢܣܒ ܚܕܐ ܐܙܠ ܚܦܪ ܒܐܪܥܐ ܘܛܫܝ ܟܣܦܐ ܕܡܪܗ
Matthew	Sinaiticus	18:26	npl (bd) hw wsgd lmrh w)mr )gr (ly rwx), wklmdm )prw(	ܐܡܪ ܠܗܘܢ ܙܠܘ ܠܡܕܝܢܬܐ ܠܘܬ ܦܠܢ ܘܐܡܪܘ ܠܗ ܪܒܢ ܐܡܪ ܙܒܢܝ ܩܪܝܒ ܗܘ ܠܘܬܟ ܥܒܕܢܐ ܦܨܚܐ ܥܡ ܬܠܡ̈ܝܕܝ܂
Matthew	Sinaiticus	18:27	w)trxm (lwhy w$ryhy w)p xwbt) $bq lh	ܝܕܥ ܗܘܐ ܓܝܪ ܕܡܛܠ ܚܣܡܐ ܗܘ ܐܫܠܡܘܗܝ ܠܗ܂
Matthew	Sinaiticus	18:28	npq hw (bd) w)$kx xd mn knw:th dxyb hw) lh dynr) m)) w)xdh wxnq hw) lh, w)mr hb ly m) dxyb )nt ly	
Matthew	Sinaiticus	18:29	wnpl hw) knth b() hw) mnh, w)mr ).gr (ly rwx) w)p )n) pr(n),	
Matthew	Sinaiticus	18:30	hw dyn l) qbl b(wth, )l) )rmyh byt )syr:) (dm) dnprw( m) dxyb	
Matthew	Sinaiticus	18:32	hydyn qryhy mrh w)mr lh (bd) by$) hy kwlh xwbt) $bqt lk mTl db(yt mny	
Matthew	Sinaiticus	18:33	l) xyb hwyt dtxwn lkntk, )ykn) d)n) xntk	
Matthew	Sinaiticus	18:34	wrgz (lwhy mrh w)$lmh dnhw) mtngd (dm) dnprw( m) dxyb,	
Matthew	Sinaiticus	18:35	hkn) n(bd lkwn )by db$my) )l) t$bqwn )n$ l)xwhy mn lbkwn%	
Matthew	Sinaiticus	19:01	whw) dkd $lm y$w( ml) hlyn $ny lh mn glyl) w)t) lh ltxwm) dyhwd l(br) dywrdnn,	ܝܘܣܦ ܕܝܢ ܒܥܠܗ ܡܛܠ ܕܟܝܢ ܗܘܐ ܠܐ ܨܒܐ ܗܘܐ ܕܢܦܪܣܝܗ ܠܡܪܝܡ ܘܐܬܪܥܝ ܕܒܗܝܠܐܝܬ ܢܕܠܠܝܗ
Matthew	Sinaiticus	19:02	w)tw btrh kn$:) sg:y)) w)sy )nwn%	ܟܕ ܡܝܬ ܕܝܢ ܗܪܘܕܣ ܡܠܟܐ ܐܬܚܙܝ ܠܝܘܣܦ ܒܡܨܪܝܢ ܡܠܐܟܐ ܕܡܪܝܐ
Matthew	Sinaiticus	19:03	wqrbw lh tmn pr:y$) wmnsyn hww lh w)mryn d)n $lyT lgbr) dn$r) )ntth (l kwl (l)	
Matthew	Sinaiticus	19:04	hw dyn (n) w)mr lhwn l) qrytwn dmn d(bd ldkr) )p lnqbt) hw (bd	ܐܡܪ ܠܗܘܢ ܬܘ ܒܬܪܝ ܘܐܥܒܕܟܘܢ ܨܝܕܐ ܕܒܢܝ ܐܢܫܐ
Matthew	Sinaiticus	19:05	mTl hn) n$bwq gbr) l)bwhy wl)mh wnqp l)ntth wnhwwn tr:yhwn xd bsr	ܘܡܢ ܕܢܫܪܐ ܚܕ ܡܢ ܦܘܩ̈ܕܢܐ ܗ̈ܠܝܢ ܙܥܘܪܐ ܘܢܠܦ ܗܟܢܐ ܠܒܢ̈ܝ ܐܢܫܐ ܒܨܝܪܐ ܢܬܩܪܐ ܒܡܠܟܘܬܐ ܕܫܡܝܐ ܟܘܠ ܕܢܥܒܕ ܕܝܢ ܘܢܠܦ ܗܟܢܐ ܗܢܐ ܪܒܐ ܢܬܩܪܐ ܒܡܠܟܘܬܐ ܕܫܡܝܐ
Matthew	Sinaiticus	19:06	mkyl l) hww tr:yn )l) xd )nwn bsr mdm d)lh) zwg br )n$) l) npr$	
Matthew	Sinaiticus	19:08	)mr lhwn mw$) mTl q$ywt) dlbkwn hw )ps lkwn dt$rwn n$ykwn mn br$yt dyn l) hw) hkn)	ܘܩܪܒ ܣܦܪܐ ܚܕ ܘܐܡܪ ܠܗ ܪܒܝ ܐܬܐ ܒܬܪܟ ܠܐܬܪ ܕܐܙܠ ܐܢܬ܂
Matthew	Sinaiticus	19:09	)mrn) lkwn dyn dmn dn$r) )ntth dl) gwr) wnsb )xrt) mgr g)r	ܘܩܡ ܡܪܢ ܐܙܠ ܥܡܗ ܗܘ ܘܬܠܡ̈ܝܕܘܗܝ܂
Matthew	Sinaiticus	19:11	)mr lhwn l) hw) kl )n$ spq lh lmlt) hd) )l) )ylyn dyhyb lhwn	ܘܐܬܐ ܒܪܗ ܕܐܢܫܐ ܐܟܠ ܘܫܬܐ ܘܐܡܪܝܢ ܗܐ ܓܒܪܐ ܐܟܘܠܐ ܘܫܬܝܐ ܘܪܚܡܐ ܕܡܟܣܐ ܘܕܚ̈ܛܝܐ ܘܐܙܕܕܩܬ ܚܟܡܬܐ ܡܢ ܒܢܝܗ܀
Matthew	Sinaiticus	19:12	)yt gyr mhymn) dmn krs) d)mhwn hww mhymn) )yt mhymn) dbn:y )n$) (bdw )nwn w)yt dhnwn (bdw np$hwn mhymn) mTl mlkwt) d$my) kwl dmc) bxyl) dnsybr nsybr%	ܠܐ ܢܩܥܐ ܘܠܐ ܢܪܝܒ ܘܠܐ ܐܢܫ ܢܫܡܥ ܩܠܗ
Matthew	Sinaiticus	19:13	hydyn qrbw lh Tly:) dnsym )ydh (lyhwn wncl), wk)w bhwn tlmydwhy,	ܟܘܠ ܐܢܫ ܕܫܡܥ ܡܠܬܐ ܕܡܠܟܘܬܐ ܘܠܐ ܡܣܬܟܠ ܐܬܐ ܒܝܫܐ ܘܚܛܦ ܠܗ ܠܙܪܥܐ ܡܢ ܠܒܗ ܗܢܘ ܕܐܙܕܪܥ ܥܠ ܝܕ ܐܘܪܚܐ
Matthew	Sinaiticus	19:14	)mr lhwn y$w( $bwqw Tly) )tyn lwty wl) tklwn )nwn, )ylyn gyr d)yk hlyn )nwn dylhwn hy mlkwt) d$my)	ܘܦܩܕ ܠܟܢܫܐ ܕܢܣܬܡܟܘܢ ܥܠ ܝܘܪܩܐ ܘܫܩܠ ܠܗܠܝܢ ܚܡܫ ܓܪܝܨܢ ܘܬܪ̈ܝܢ ܢܘܢܝܢ ܘܚܪ ܒܫܡܝܐ ܘܒܪܟ ܘܩܨܐ ܠܚܡܐ ܘܝܗܒ ܠܬܠܡܝܕܘܗܝ ܘܬܠܡܝܕܘܗܝ ܝܗܒܘ ܠܟܢܫܐ
Matthew	Sinaiticus	19:15	wsm )ydh (lyhwn w)zl%	ܡܢ ܠܒܐ ܗܘ ܓܝܪ ܢܦܩܢ ܡܚܫܒܬܐ ܒܝܫܬܐ ܕܩܛܠܐ ܘܕܓܘܪܐ ܘܕܙܢܝܘܬܐ ܘܕܓܢܒܘܬܐ ܘܕܣܗܕܘܬ ܫܘܩܪܐ ܘܓܘܕܦܐ
Matthew	Sinaiticus	19:16	wqrb gbr) xd w)mr lh mlpn) Tb) mn) )(bd dTb d)rt xy:) dl(lm	
Matthew	Sinaiticus	19:17	)mr lh mn) m$)l )nt ly (l Tb) xd hw gyr Tb) )n cbyt dyn dt)t) lxy) nTr pwq:dn)	ܗܝܕܝܢ ܩܪܒܘ ܬܠܡ̈ܝܕܘܗܝ ܒܝܢܝܗܘܢ ܘܠܗ܂ ܘܐܡܪܝܢ ܠܡܢܐ ܠܐ ܐܫܟܚܝܢ ܐܢܚܢܢ ܠܡܐܣܝܘܬܗ܂
Matthew	Sinaiticus	19:18	)mr lh )ylyn )mr lh y$w( l) tqTwl l) tgwr wl) tshd shdwt) d$wqr)	ܬܘܒ ܐܡܝܢ ܐܡܪ ܐܢܐ ܠܟܘܢ ܕܐܢ ܬܪܝܢ ܡܢܟܘܢ ܢܫܬܘܘܢ ܥܠ ܐܪܥܐ ܥܠ ܟܘܠ ܨܒܘ ܡܕܡ ܕܢܫܐܠܘܢ ܢܗܘܐ ܠܗܘܢ ܡܢ ܠܘܬ ܐܒܝ ܕܒܫܡܝܐ
Matthew	Sinaiticus	19:19	yqr l)bwk wl)mk wtrxm lqrybk )yk np$k	ܝܩܪ ܠܐܒܘܟ ܘܠܐܡܟ ܘܬܪܚܡ ܠܩܪܝܒܟ ܐܝܟ ܢܦܫܟ
Matthew	Sinaiticus	19:20	)mr lh hw (lym) hlyn kwlhyn nTrt )nyn h) mn dTl) )n)	ܘܢܫܠܡܘܢܗ ܠܥܡܐ ܘܢܒܙܚܘܢ ܒܗ ܘܢܢܓܕܘܢܗ ܘܢܙܩܦܘܢܗ܂ ܘܠܝܘܡܐ ܕܬܠܬܐ ܢܩܘܡ܀
Matthew	Sinaiticus	19:21	)mr lh y$w( )n cbyt dthw) gmyr zl zbn kwl mdm d)yt lk whb lms:kn) wthw) lk symt) b$my) w)t) btry	
Matthew	Sinaiticus	19:22	kd $m( hw (lym) mlt) hd) )zl kd kry) lh mTl d(tyr hw) bnks) Tb	ܚܘܐܘܢܢܝ ܛܒܥܐ ܕܟܣܦ ܪܫܐ ܘܐܫܛܘ ܠܗ ܕܝܢܪܐ܂
Matthew	Sinaiticus	19:23	kd xz) y$w( )mr ltlmydwhy )myn )mrn) lkwn d(Tl) hy l(tyr) dn(wl lmlkwt) d$my)	ܥܘܝܪ̈ܐ ܡܢܐ ܪܒ ܩܘܪܒܢܐ ܐܘ ܡܕܒܚܐ ܕܗܘ ܡܩܕܫ ܠܗ ܠܩܘܪܒܢܐ
Matthew	Sinaiticus	19:25	wkd $m(w dyn tlm:yd) )tdmrw Tb w)mr:yn mn ky m$kx lmxy)	ܒܬܪ ܕܝܢ ܙܒܢܐ ܣܓܝܐܐ ܐܬܐ ܡܪܗܘܢ ܕܗܢܘܢ ܥܒܕܐ ܘܢܣܒ ܡܢܗܘܢ ܚܘܫܒܢܐ
Matthew	Sinaiticus	19:26	xr bhwn y$w( w)mr lhwn hd) mn bny )n$) l) m$kx) dthw) )lh) dyn kl mdm m$kx lm(bd	ܘܥܒܕܘ ܬܠܡܝ̈ܕܘܗܝ ܐܝܟܢܐ ܕܦܩܕ ܐܢܘܢ ܝܫܘܥ ܘܛܝܒܘ ܦܨܚܐ
Matthew	Sinaiticus	19:27	hydyn (n) $m(wn k)p) w)mr lh )nxnn $bqn lkwl mdm w)tyn btrk mn) ky nhw) ln	ܘܟܕ ܗܘ ܝܬܒ ܥܠ ܒܝܡ܂ ܫܠܚܐ ܠܗ ܐܢܬܬܗ܂ ܘܐܡܪܐ ܠܗ ܠܐ ܠܟ ܘܠܗܘ ܙܕܝܩܐ܂ ܣܓܝ ܓܝܪ ܚܫܬ ܝܘܡܢܐ ܒܚܠܡܝ ܡܛܘܠܬܗ܀
Matthew	Sinaiticus	19:28	)mr lh y$w( )myn )mrn) lkwn d)ntwn d)tytwn btry bmwld) xdt) m) dytb brh d)n$) (l kwrsy) d$wbxh, ttbwn )p )ntwn (l tr(sr kwrswn wtdwnwn ltr:t(sr) $r:bn dbyt )ysr)yl,	
Matthew	Sinaiticus	19:29	wkl )n$ d$bq bt:), )w )x:) )w )x:wt) )w )m) )w bn:y), )w qwr:y) mTl $my, xd bm):) nqbl wn)rt xy:) dl(lm,	
Matthew	Sinaiticus	19:30	sgy:)) gyr qdm:y) dnhwwn )xr:y), w)xr:y) dnhwwn qdmy)%	
Matthew	Sinaiticus	20:02	wqc (mhwn mn dynr) xd lp(l) xd bywm) xd w$dr )nwn lkrmh	ܘܐܡܪ ܠܗ ܒܚܠܡܐ ܩܘܡ ܫܩܘܠ ܠܛܠܝܐ ܘܠܐܡܗ ܘܐܙܠ ܠܐܪܥܐ ܕܐܝܣܪܐܝܠ ܡܛܠ ܕܡܝܬܘ ܠܗܘܢ ܐܝܠܝܢ ܕܒܥܝܢ ܗܘܘ ܢܦܫܗ ܕܛܠܝܐ
Matthew	Sinaiticus	20:03	wnpq bt:lt $(yn wxz) )xr:n) dqymyn b$wq) wbTlyn	
Matthew	Sinaiticus	20:04	)mr lhwn zlw )p )ntwn lkrm) wm) dzdq )tl lkwn,	ܗܢܘܢ ܕܝܢ ܒܗ ܒܫܥܬܐ ܫܒܩܘ ܡܨܝܕܬܗܘܢ ܘܐܬܘ ܒܬܪܗ܂
Matthew	Sinaiticus	20:05	wnpq twb b$t $:(yn wbt$:( whkwt (bd	ܐܡܪܢܐ ܠܟܘܢ ܓܝܪ ܕܐܠܐ ܬܐܬܪ ܙܕܝܩܘܬܟܘܢ ܡܢ ܕܣܦܪ̈ܐ ܘܦܪ̈ܝܫܐ ܠܐ ܬܥܠܘܢ ܠܡܠܟܘܬܐ܀
Matthew	Sinaiticus	20:06	wnpq bxd(sr:) $(yn wxz) )xr:n) dqymyn )mr lhwn mn) qymyn )ntwn hrk) wbTlyn kwlh ywm)	
Matthew	Sinaiticus	20:07	)mryn lh l) )n$ )grn )mr lhwn zlw )p )ntwn lkrm) dyly	
Matthew	Sinaiticus	20:08	wkd hw) dyn rm$) )mr mr) lrbyth qry )nwn lp:(l) whb lhwn )grhwn w$ry mn )xr:y) (dm) lqd:my)	ܐܡܪ ܡܪܢ ܠܬܥܠܐ ܢܩ̈ܥܐ ܐܝܬ ܠܗܘܢ ܘܠܦܪܚܬܐ ܕܫܡܝܐ ܡܛܠܠܐ܂ ܘܠܒܪܗ ܕܐܢܫܐ ܠܝܬ ܠܗ ܐܬܪ ܕܢܣܡܘܟ ܪܝܫܗ
Matthew	Sinaiticus	20:09	wkd )tw hnwn dbxd(sr) $:(yn $qlw dynr dynr	ܘܗܐ ܐܢܬܬܐ ܕܪܕܐ ܗܘܐ ܕܡܗ ܫܢ̈ܝܢ ܬܪܬܥܣܪ̈ܐ ܘܐܬܬ ܘܩܪܒܬ ܠܟܢܦܐ ܕܡܪܛܘ̈ܛܐܗ
Matthew	Sinaiticus	20:10	wkd )tw qdm:y) sbr:yn hww dlhwn ytyr ntl wnsbw )p hnwn dynr dynr	ܠܐ ܗܘܐ ܓܝܪ ܐܢܬܘܢ ܡܡܠܠܝܢ܂ ܐܠܐ ܪܘܚܐ ܗܝ ܕܐܒܘܟܘܢ ܡܡܠܠܐ ܒܟܘܢ܂
Matthew	Sinaiticus	20:11	kd xzw dyn rTnyn (l mrbyt)	ܗܝܕܝܢ ܫܪܝ ܗܘܐ ܝܫܘܥ ܠܡܚܣܕܘ ܡܕܝܢܬܐ ܐܝܠܝܢ ܕܚܘܝ ܒܗܝܢ ܚܝܠܐ ܣܓܝܐܐ ܘܠܐ ܬܒܘ
Matthew	Sinaiticus	20:12	w)mr:yn hlyn )xr:y) dxd) hw $() plxw )$wyt )nwn (mn d$qln ywqrh dywm), bxwm),	ܩܢܝܐ ܪܥܝܥܐ ܠܐ ܢܬܒܪ ܘܫܪܓܐ ܕܡܛܦܛܦ ܠܐ ܢܕܥܟ ܥܕܡܐ ܕܢܦܩ ܕܝܢܐ ܠܙܟܘܬܐ
Matthew	Sinaiticus	20:14	$ql dynrk wzl )n cbn) dyn d)tl lhn) )xry) )yk dlk,	ܘܐܟܠܘ ܟܠܗܘܢ ܘܣܒܥܘ ܘܫܩܠܘ ܬܘܬܪ̈ܐ ܕܩܨܝܐ ܡܢ ܩܕܡܝܗܘܢ ܬܪܥܣܪ ܩܘܦܝܢܝܢ ܟܕ ܡܠܝܢ܂
Matthew	Sinaiticus	20:15	l) $lyT )n) bbyty d)(bd m) dcb) )n) )w (ynk by$) d)n) Tb )n)	ܗܠܝܢ ܐܢܝܢ ܕܡܣܝܒܢ ܠܗ ܠܒܪ ܐܢܫܐ ܟܕ ܐܢܫ ܓܝܪ ܢܐܟܘܠ ܠܚܡܐ ܟܕ ܠܐ ܡܫܓܢ ܐܝܕܘܗܝ ܠܐ ܡܣܬܝܒ ܒܪ ܐܢܫܐ
Matthew	Sinaiticus	20:16	hkn) nhwwn )xr:y) qdm:y) wqdm:y) )xr:y) sgy)yn )nwn qr:y) wz(wryn gb:y)%	
Matthew	Sinaiticus	20:17	wkd slq hw) y$w( l)wr$lm dbr (mh ltr(sr:th b)wrx) w)mr lhwn bynyhwn wlh	ܐܡܪ ܠܗܘܢ ܡܛܠ ܕܠܝܬ ܠܟܘܢ ܗܝܡܢܘܬܐ܂ ܐܡܝܢ ܓܝܪ ܐܡܪܢܐ ܠܟܘܢ܂ ܕܐܠܘ ܐܝܬ ܗܘܬ ܒܟܘܢ ܗܝܡܢܘܬܐ ܐܝܟ ܦܪܕܬܐ ܕܚܪܕܠܐ ܐܡܪܬܘܢ ܕܝܢ ܠܛܘܪܐ ܗܢܐ ܕܐܫܬܢܐ ܘܢܫܢܐ܂ ܘܡܕܡ ܠܐ ܢܚܣܢܟܘܢ܂
Matthew	Sinaiticus	20:18	h) slqyn )nxnn l)wr$lm wn$tlm brh d)n$) lr:by khn) wlspr:) wnxybwnh lmwt)	ܠܝܬ ܓܝܪ ܬܪ̈ܝܢ ܐܘ ܬܠܬܐ ܕܟܢܝܫܝܢ ܒܫܡܝ܂ ܕܠܐ ܐܢܐ ܒܝܢܬܗܘܢ܀
Matthew	Sinaiticus	20:19	wn$lmwnh l(m) wnbzxwn bh wnngdwnh wnzqpwnh, wlywm) dtlt) nqwm%	ܐܡܪ ܠܗ ܗܘ ܥܠܝܡܐ ܗܠܝܢ ܟܘܠܗܝܢ ܢܛܪܬ ܐܢܝܢ ܗܐ ܡܢ ܕܛܠܐ ܐܢܐ
Matthew	Sinaiticus	20:20	hydyn qrbt lh )mhwn db:ny zbdy, hy wbny:h wnplt sgdt lh, w$)l) hwt lh mdm,	ܗܝܕܝܢ ܩܪܒܬ ܠܗ ܐܡܗܘܢ ܕܒ̈ܢܝ ܙܒܕܝ܂ ܗܝ ܘܒܢܝ̈ܗ ܘܢܦܠܬ ܣܓܕܬ ܠܗ܂ ܘܫܐܠܐ ܗܘܬ ܠܗ ܡܕܡ܂
Matthew	Sinaiticus	20:21	hw dyn )mr lh mn) cbyty, )mr) lh mry dntbwn hlyn tr:yn bn:y xd mn ymynk wxd mn smlk bmlkwtk	ܬܠܡܝܕܐ ܐܬܕܡܪܘ ܘܐܡܪܝܢ ܐܝܟܢܐ ܒܪܫܥܬܗ ܝܒܫܬ ܬܬܐ ܗܝ܂
Matthew	Sinaiticus	20:22	(n) y$w( w)mr lhwn l) yd(yn )ntwn mn) $):lyn )ntwn m$kxyn )ntwn lm$t) ks) d)n) (tyd lm$t), )mr:yn m$kxyn )nxnn	ܐܡܪ ܠܗܘܢ ܝܫܘܥ܂ ܨܠܡܐ ܗܢܐ ܘܟܬܝܒܬܐ ܕܡܢܘ
Matthew	Sinaiticus	20:23	)mr lhwn y$w( ksy $tyn )ntwn dttbwn dyn mn ymyny wmn smly hd) l) hwt ly d)tl lkwn )l) l)ylyn dmTyb lhwn )by,	ܡܢ ܕܝܡܐ ܗܟܝܠ ܒܡܕܒܚܐ ܝܡܐ ܒܗ ܘܒܟܠ ܡܐ ܕܐܝܬ ܥܠܘܗܝ
Matthew	Sinaiticus	20:24	kd $m(w (sr:) rTnw (l hnwn tr:yn )x:yn	ܗܘܝܬܘܢ ܕܝܢ ܡܨܠܝܢ ܕܠܐ ܢܗܘܐ ܥܪܘܩܝܟܘܢ ܒܣܬܘܐ ܘܠܐ ܒܫܒܬܐ
Matthew	Sinaiticus	21:20	tlmyd) )tdmrw w)mryn )ykn) br$(th yb$t tt) hy,	ܗܘ ܕܝܢ ܐܡܪ ܠܗ ܡܢܐ ܨܒܝܬܝ܂ ܐܡܪܐ ܠܗ ܡܪܝ ܕܢܬܒܘܢ ܗܠܝܢ ܬܪ̈ܝܢ ܒܢ̈ܝ ܚܕ ܡܢ ܝܡܝܢܟ ܘܚܕ ܡܢ ܣܡܠܟ ܒܡܠܟܘܬܟ
Matthew	Sinaiticus	21:21	(n) y$w( w)mr lhwn )myn )mrn) lkwn d)n thw) bkwn hymnwt) wl) ttplgwn l) blxwd )yk hd) tt) t(bdwn )l) )n t)mrwn lTwr) hn) d)$tql wpl bym) wnhw) hkn),	ܥܢܐ ܝܫܘܥ ܘܐܡܪ ܠܗܘܢ ܐܡܝܢ ܐܡܪܢܐ ܠܟܘܢ ܕܐܢ ܬܗܘܐ ܒܟܘܢ ܗܝܡܢܘܬܐ ܘܠܐ ܬܬܦܠܓܘܢ ܠܐ ܒܠܚܘܕ ܐܝܟ ܗܕܐ ܬܬܐ ܬܥܒܕܘܢ ܐܠܐ ܐܢ ܬܐܡܪܘܢ ܠܛܘܪܐ ܗܢܐ ܕܐܫܬܩܠ ܘܦܠ ܒܝܡܐ ܘܢܗܘܐ ܗܟܢܐ܂
Matthew	Sinaiticus	21:22	wkl m) dt$)lwn bclwt), wthymnwn tsbwn%	ܐܡܪ̈ܝܢ ܠܗ ܕܩܣܪ ܗܝܕܝܢ ܐܡܪ ܠܗܘܢ ܗܒܘ ܕܩܣܪ ܠܩܣܪ ܘܕܐܠܗܐ ܠܐܠܗܐ܂
Matthew	Sinaiticus	21:23	wkd )t) lhykl) qrbw lh r:by khn) wq$y$) d(m) w)mr:yn b)yn) $wlTn hlyn (bd )nt )mr ln wmnw yhb lk $wlTn) hn),	ܘܡܢ ܕܝܡܐ ܒܗܝܟܠܐ ܝܡܐ ܒܗ ܘܒܡܢ ܕܥܡܪ ܒܗ
Matthew	Sinaiticus	21:24	(n) y$w( w)mr lhwn w)p )n) )$)lkwn mlt) xd) dt)mrwn ly, w)mr lkwn b)yn) $wlTn (bdn) hlyn	ܢܗܘܐ ܓܝܪ ܗܝܕܝܢ ܐܘܠܨܢܐ ܪܒܐ ܕܠܐ ܐܟܘܬܗ ܡܢ ܥܘܡܪ ܥܠܡܐ ܥܕܡܐ ܠܝܘܡܢܐ ܘܐܦܠܐ ܢܗܘܐ
Matthew	Sinaiticus	21:25	m(mwdyth dywxnn mn )ymk) hwt mn $my) )w mn bny )n$) hnwn dyn mtx$byn hww bynthwn w)mr:yn d)n n)mr dmn $my) hy n)mr ln wlmn) l) hymntwn bh,	܂܂܂ ܂܂܂ ܂܂܂ ܂܂܂ ܂܂܂ ܂܂܂ ܂܂܂ ܂܂܂ ܂܂܂ ܂܂܂ ܂܂܂ ܂܂܂ ܂܂܂ ܂܂܂ ܂܂܂܂܂܂ܝܬ ܂܂܂ ܂܂܂ ܂܂܂ ܂܂܂ ܂܂܂ ܂܂܂ ܂܂܂
Matthew	Sinaiticus	21:26	w)n n)mr dmn bn:y )n$) hy, dxlyn )nxnn mn kn$), klhwn gyr )yk dlnby) )xydyn hww lh lywxnn	ܘܟܕ ܗܢܘܢ ܠܥܣܝܢ܂ ܐܡܪ ܠܗܘܢ ܐܡܝܢ ܐܡܪܢܐ ܠܟܘܢ ܕܚܕ ܡܢܟܘܢ ܢܫܠܡܢܝ
Matthew	Sinaiticus	21:27	w(nw w)mr:yn ly$w(, l) yd(yn )nxnn )mr lhwn )p hw )pl) )n) )mrn) lkwn b)yn) $wlTn (bdn) hlyn	ܥܢܐ ܗܓܡܘܢܐ ܘܐܡܪ ܠܗܘܢ ܠܡܢ ܨܒܝܢ ܐܢܬܘܢ ܕܐܫܪܐ ܠܟܘܢ ܐܡܪܝܢ ܠܗ ܠܒܪ ܐܒܐ
Matthew	Sinaiticus	21:28	)ykn) dyn mtxzy) lkwn lgbr) dyn xd )yt hww lh tr:yn bn:yn, )mr lqdmy) )zl bry (bd (bd) bkrm)	
Matthew	Sinaiticus	21:29	)mr lh l) cbn) wb)xryt) twth np$h w)zl lkrm),	
Matthew	Sinaiticus	21:30	w)mr l)xrn) hkwt, w(n) w)mr )yn mry wl) )zl	
Matthew	Sinaiticus	21:31	mnw mn hlyn (bd cbyn) d)bwhy, )mryn lh hw )xry), )mr lhwn y$w( )myn )mrn) lkwn dmks:) wzny:t) nqdmwnkwn lmlkwt) d)lh),	
Matthew	Sinaiticus	21:33	$m(w mtl), )xrn) gbr) xd mrbyt) )yt hw) wncb krm) w(bd lh syg) wxpr bh m(crt) wbn) bh mgdl) w)$lmh lplx:) w)zl	
Matthew	Sinaiticus	21:34	kd hw) dyn zbn) dp)r:) $dr (bdwhy lwt plx:) dn$drwn lh mn p)r:)	
Matthew	Sinaiticus	21:35	w)xdw plx:) l(bdwhy w)yt dmxwwhy w)yt dqTlwhy w)yt drgmwhy	
Matthew	Sinaiticus	21:36	twb $dr (bd) )xrn) dsgy)yn mn qdm:y) w(bdw lhwn hkwt,	
Matthew	Sinaiticus	21:37	b)xryt) dyn $dr lwthwn lbrh w)mr kbr nbhtwn mn bry	
Matthew	Sinaiticus	21:38	plx) dyn kd xzwwhy lbrh )mr:yn hnw yrwt) tw nqTlywhy, wnhw) ywrtn) dyln,	
Matthew	Sinaiticus	21:39	w)xdw )pqwhy lbr mn krm) wqTlwhy	
Matthew	Sinaiticus	21:40	)mty hkyl dn)t) mrh dkrm) mn) n(bd lhnwn plx)	
Matthew	Sinaiticus	21:41	)mr:yn lh dby$ by$ nwbd )nwn wkrm) ntl lplx) )xr:n) dyhbyn p)r:) bzbnhwn	
Matthew	Sinaiticus	21:42	)mr lhwn y$w( l) qr:ytwn bktb) dk)p) d)slyw bny) hy hwt lry$ zwyt) mn lwt mry) hwt hd) wtdmwrt) hy b(ynyn	
Matthew	Sinaiticus	21:43	mTl hn) )mrn) lkwn dt$tql mnkwn mlkwt) d)lh) wttyhb l(m) dyhb p)r:)	
Matthew	Sinaiticus	21:45	rby kh:n) dyn wpr:y$) kd $m(w pl):th yd(w d(lyhwn hw )mr	
Matthew	Sinaiticus	21:46	wb(w lm)xdh wdxlw mn (m) d)yk dlnby) )xydyn hww lh%	
Matthew	Sinaiticus	22:01	twb (n) y$w( w)mr lhwn bpl):t)	ܗܕܐ ܕܝܢ ܕܗܘܬ ܕܢܬܡܠܐ ܡܕܡ ܕܐܬܡܠܠ ܡܢ ܡܪܝܐ ܒܐܫܥܝܐ ܢܒܝܐ ܕܐܡܪ ܗܘܐ
Matthew	Sinaiticus	22:02	)tdmyt mlkwt) d$my) lgbr) mlk), d(bd m$twt) lbrh	ܟܕ ܫܡܥ ܕܝܢ ܝܘܣܦ ܕܐܪܟܠܐܘܣ ܗܘܐ ܡܠܟܐ ܒܕܘܟܬ ܗܪܘܕܣ ܐܒܘܗܝ ܕܚܠ ܠܡܐܙܠ ܠܬܡܢ ܘܚܙܐ ܒܚܠܡܐ ܕܢܐܙܠ ܠܗ ܠܐܬܪܐ ܕܓܠܝܠܐ
Matthew	Sinaiticus	22:03	w$dr (bdwhy dnqrwn lhnwn dqr:yn hww lm$twt) wl) cbw lm)t)	
Matthew	Sinaiticus	22:04	twb $dr (b:d) )xrn) w)mr )mrw lhnwn dqryn h) kl mdm mTyb hw )tw lbyt m$twt)	ܗܢܘܢ ܕܝܢ ܫܒܩܘ ܠܐܒܘܗܘܢ ܒܣܦܝܢܬܐ ܘܐܙܠܘ ܒܬܪܗ
Matthew	Sinaiticus	22:05	hnwn dyn bsw w)yt d)zl lqryth, w)yt d)zl lt)grt),	ܐܢܐ ܕܝܢ ܐܡܪܢܐ ܠܟܘܢ ܕܟܘܠ ܡܢ ܕܪܓܙ ܥܠ ܐܚܘܗܝ ܐܝܩܐ ܢܗܘܐ ܡܚܝܒ ܒܕܝܢܐ ܘܟܘܠ ܕܢܐܡܪ ܠܐܚܘܗܝ ܪܩܐ ܡܚܝܒ ܗܘ ܒܟܢܘܫܬܐ܂ ܘܡܢ ܕܢܐܡܪ ܠܐܚܘܗܝ ܫܛܝܐ ܡܚܝܒ ܗܘ ܠܓܗܢܐ ܕܢܘܪܐ܀
Matthew	Sinaiticus	22:06	w$rk) dyn d)$txrw )xdw l(bdwhy wc(rw wqTlw )nwn,	
Matthew	Sinaiticus	22:07	wrgz hw mlk) w$dr xy:lwhy w)wbdw lqTwl) hnwn wmdynthwn )wqdw bnwr)	
Matthew	Sinaiticus	22:08	hydyn )mr l(b:dwhy m$twt) mTyb) hy whnwn dqr:yn l) $wyn hww lh,	ܐܡܪ ܠܗ ܫܒܘܩ ܡܝ̈ܬܐ ܩܒܪ̈ܝܢ ܡܝܬܝܗܘܢ ܘܐܢܬ ܬܐ ܒܬܪܝ܀
Matthew	Sinaiticus	22:09	mkyl pwqw lbyt )wr:xt) wlkwl dm$kxyn )ntwn qrwwhy lbyt m$twt),	ܗܘ ܕܝܢ ܐܬܦܢܝ ܠܗ ܘܐܡܪ ܠܗ ܠܐ ܬܕܚܠܝܢ ܒܪܬܝ ܗܝܡܢܘܬܟܝ ܐܚܝܬܟܝ ܘܡܢ ܗܝ ܫܥܬܐ ܐܬܚܠܡܬ ܐܢܬܬܐ ܗܝ܂
Matthew	Sinaiticus	22:10	wnpqw (b:d) hnwn lbyt )wr:xt) wkn$w kwl d)$kxw by$:) wTb) w)tmly byt m$twt) sm:yk),	ܘܢܗܘܘܢ ܣܢܝܢ ܠܟܘܢ ܒܢܝ ܐܢܫܐ ܡܛܘܠ ܫܡܝ ܐܝܢܐ ܕܝܢ ܕܢܣܝܒܪ ܥܕܡܐ ܠܚܪܬܐ ܗܘ ܢܚܐ܀
Matthew	Sinaiticus	22:11	wkd (l mlk) lmxz) smy:k) xz) tmn gbr) dl) lby$ hw) lbw$:) dm$twt),	ܡܛܠ ܗܢܐ ܐܡܪܢܐ ܠܟܝܢ ܕܠܨܘܪ ܘܠܨܝܕܘܢ ܢܗܘܐ ܦܫܝܚ ܒܝܘܡܐ ܕܕܝܢܐ ܝܬܝܪ ܡܢ ܕܠܟܝܢ
Matthew	Sinaiticus	22:12	)mr lh rxmy )ykn) (lt lhrk) dnx:t) dm$twt) lyt lk hw dyn $tq lh	ܗܝܕܝܢ ܩܪܒܘ ܠܗ ܓܒܪܐ ܚܕ ܕܫܐܕܐ ܕܥܘܝܪ ܗܘܐ ܒܗ ܘܚܪܫ ܘܐܣܝܗ ܘܡܠܠ ܚܪܫܐ ܗܘ ܘܫܡܥ ܘܚܙܐ
Matthew	Sinaiticus	22:13	hydyn )mr mlk) lm$m$:n) )xdwhy b):ydwhy wbr:glwhy w)pqwhy lx$wk) bry) tmn nhw) bky) wxwrq $:n)	ܘܗܘ ܕܢܦܠ ܒܝܬ ܟܘܒ̈ܐ ܗܢܘ ܕܫܡܥ ܡܠܬܐ ܘܒܪܢܝܐ ܗܘ ܕܥܠܡܐ ܗܢܐ ܘܒܛܥܝܝ ܕܥܘܬܪܐ܂ ܘܗܠܝܢ ܚܢ̈ܩܝܢ ܠܗ ܘܕܠܐ ܦܐܪ̈ܝܢ ܗܘܐ܂
Matthew	Sinaiticus	22:14	sgy)yn )nwn gyr qry) wz(wr:yn gb:y)%	ܘܦܩܕ ܠܬܠܡܝܕܘܗܝ ܕܢܬܒܘܢ ܒܐܠܦܐ ܘܢܩܕܡܘܢܗ ܠܥܒܪܐ ܕܝܡܬܐ ܥܕ ܫܪܐ ܠܟܢܫܐ ܗܢܘܢ
Matthew	Sinaiticus	22:15	hydyn )zlw pr:y$) nsbw mlk) d)ykn) ncwdwnh bmlt)	ܘܗܐ ܐܢܬܬܐ ܟܢܥܢܝܬܐ ܢܦܩܬ ܡܢܗܘܢ ܡܢ ܬܚ̈ܘܡܐ ܗܢܘܢ܂ ܘܙܥܩܬ ܘܐܡܪܐ ܪܚܡ ܥܠܝ ܡܪܝ ܒܪܗ ܕܕܘܝܕ ܒܪܬܝ ܒܝܫܐܝܬ ܡܬܕܒܪܐ ܡܢ ܫܐܕܐ
Matthew	Sinaiticus	22:16	w$drw lwth tlmy:dwhy (m (b:d) dhrwds w)mryn lh mlpn) yd(yn )nxnn d$ryr )nt w)wrxh d)lh) bqw$t) mlp )nt wl) bTyl lk b)n$ l) gyr nsb )nt b)p:y bny )n$)	
Matthew	Sinaiticus	22:17	)ykn) dyn mcTb) lk, wl) ln dntl ksp r$) lqsr )w l),	ܘܟܕ ܗܢܘܢ ܡܬܗܦܟܝܢ ܒܓܠܝܠܐ ܐܡܪ ܠܗܘܢ ܝܫܘܥ ܥܬܝܕ ܗܘ ܒܪܗ ܕܐܢܫܐ ܕܢܫܬܠܡ ܒܐܝܕ̈ܝ ܒܢܝ ܐܢܫܐ
Matthew	Sinaiticus	22:18	y$w( dyn kd yd( by$wthwn )mr lhwn nsb:y b)p:) mn) mnsyn )ntwn ly,	ܐܡܪ ܠܗ ܠܐ ܫܒ̈ܥ ܐܠܐ ܥܠ ܫܒܥܝܢ ܙܒܢܝܢ ܫ̈ܒܥ ܫ̈ܒܥ܀
Matthew	Sinaiticus	22:19	xw)wnny Tb() dksp r$) w)$Tw lh dynr),	ܟܕ ܫܡܥ ܗܘ ܥܠܝܡܐ ܡܠܬܐ ܗܕܐ ܐܙܠ ܟܕ ܟܪܝܐ ܠܗ ܡܛܠ ܕܥܬܝܪ ܗܘܐ ܒܢܟܣܐ ܛܒ
Matthew	Sinaiticus	22:20	)mr lhwn y$w(, clm) hn) wktybt) dmnw	ܥܢܐ ܝܫܘܥ ܘܐܡܪ ܠܗܘܢ ܠܐ ܝܕܥܝܢ ܐܢܬܘܢ ܡܢܐ ܫܐ̈ܠܝܢ ܐܢܬܘܢ ܡܫܟܚܝܢ ܐܢܬܘܢ ܠܡܫܬܐ ܟܣܐ ܕܐܢܐ ܥܬܝܕ ܠܡܫܬܐ܂ ܐܡܪ̈ܝܢ ܡܫܟܚܝܢ ܐܢܚܢܢ
Matthew	Sinaiticus	22:21	)mr:yn lh dqsr hydyn )mr lhwn hbw dqsr lqsr wd)lh) l)lh),	ܘܟܠ ܡܐ ܕܬܫܐܠܘܢ ܒܨܠܘܬܐ܂ ܘܬܗܝܡܢܘܢ ܬܣܒܘܢ܀
Matthew	Sinaiticus	22:22	wkd $m(w )tdmrw w$bqwhy w)zlw%	ܘܟܕ ܫܡܥܘ ܐܬܕܡܪܘ ܘܫܒܩܘܗܝ ܘܐܙܠܘ܀
Matthew	Sinaiticus	22:23	wbhw ywm) qrbw zdwqy) w)mr:yn lh lyt xyt myt) wm$)lyn hww lh	ܘܡܢ ܕܝܡܐ ܒܫܡܝܐ ܝܡܐ ܒܟܘܪܣܝܗ ܕܐܠܗܐ ܘܒܡܢ ܕܝܬܒ ܥܠܘܗܝ
Matthew	Sinaiticus	22:24	w)mryn mlpn) mw$) )mr ln )n )n$ m)t wlyt lh bn:y) thw) )ntth l)xwhy,	ܘܐܠܘ ܠܐ ܗܘܝܢ ܟܪܝܢ ܗܘܘ ܝܘܡܬܐ ܗܢܘܢ ܠܐ ܚܝܐ ܗܘܐ ܟܘܠ ܒܣܪ ܡܛܠ ܓܒܝܐ ܕܝܢ ܢܬܟܪܘܢ ܝܘܡܬܐ ܗܢܘܢ
Matthew	Sinaiticus	22:25	w$b() )xyn )yt hww, wmyt qdmy) wl) (bd mnh br) whwt )ntth l)xwhy	܂܂܂ ܂܂܂ ܂܂܂ ܂܂܂ ܂܂܂ ܂܂܂ ܂܂܂ܟܟܪܝܢ&܂܂܂ ܂܂܂ ܂܂܂ ܂܂܂ ܂܂܂ ܂܂܂ ܂܂܂ ܂܂܂ ܂܂܂ ܂܂܂ ܂܂܂ ܂܂܂ ܂܂܂ ܂܂܂ ܂܂܂ ܂܂܂ ܂܂܂ ܂܂܂ ܂܂܂ܢ&܂܂܂ ܂܂܂ ܂܂܂ܗܐ܂܂܂ ܂܂܂ ܂܂܂ ܂܂܂ ܂܂܂ ܂܂܂ ܂܂܂ ܂܂܂ ܂܂܂ ܂܂܂ ܂܂܂ ܂܂܂ܥܢܐ܂܂܂ ܂܂܂ ܂܂܂ ܂܂܂ ܂܂܂ ܂܂܂ ܂܂܂ ܂܂܂
Matthew	Sinaiticus	22:27	b)xryt) dklhwn mytt hy )ntt)	ܐܡܪ ܠܗܘܢ ܦܝܠܛܘܣ ܘܡܢܐ ܐܥܒܕ ܠܝܫܘܥ ܕܡܬܩܪܐ ܡܫܝܚܐ ܐܡܪܝܢ ܟܠܗܘܢ ܢܙܕܩܦ
Matthew	Sinaiticus	22:28	bxyt myt) l)yn) mn kwlhwn )x) thw) )ntt) h) gyr klhwn nsbwh	
Matthew	Sinaiticus	22:29	(n) y$w( w)mr lhwn sgy T(yn )ntwn wl) yd(yn )ntwn ktb) wl) xylh d)lh)	
Matthew	Sinaiticus	22:30	byt my:t) gyr l) nsbyn n$) )p l) n$) hwyn lgbr) )l) )yk ml)k) d)lh) b$my)	
Matthew	Sinaiticus	22:31	(l qymt) dyn dmn byt myt) l) qrytwn mdm d)mr )lh)	
Matthew	Sinaiticus	22:32	d)n) )lhh d)brhm w)lhh d)ysxq w)lhh dy(qwb wh) )lh) l) hw) dmyt) )l) dxy:)	
Matthew	Sinaiticus	22:33	wkd $m(w kn$) hnwn mtdmryn hww bywlpnh	
Matthew	Sinaiticus	22:34	pr:y$) dyn kd xzw d$tq )nwn lzdwq:y) )tkn$w lwth	
Matthew	Sinaiticus	22:35	w$)l hw) xd mnhwn kd mns) lh w)mr lh	
Matthew	Sinaiticus	22:36	mlpn) )yn) pwqdn) rb b)wryt)	
Matthew	Sinaiticus	22:37	)mr lh y$w( dtrxm lmry) )lhk mn kwlh lbk, wmn kwlh np$k wmn kwlh xylk	
Matthew	Sinaiticus	22:38	hnw pwqdn) rb) wr$y)	
Matthew	Sinaiticus	22:39	wdbtrh hw ddm) lh dtrxm lqrybk )yk np$k	
Matthew	Sinaiticus	22:40	bhlyn tryn pwqdnyn tly) )wryt) wnby)	
Matthew	Sinaiticus	22:41	wkd kny$yn hww pry$) m$)l hw) lhwn y$w(	
Matthew	Sinaiticus	22:43	)mr lhwn w)ykn) dwyd qr) lh mry )mr gyr	
Matthew	Sinaiticus	22:44	d)mr mry) lmry dtb lk mn ymyny (dm) d)sym b(ldbbyk txyt rglyk	
Matthew	Sinaiticus	22:45	w)n dwyd mry qr) lh )ykn) brh hw	
Matthew	Sinaiticus	22:46	wl) )$kxw dntl lh ptgm) )pl) )n$ )mrx mn hy $(t) lm$)lwth twb	
Matthew	Sinaiticus	23:01	hydyn )mr y$w( lkn$) wltlmydwhy	ܗܐ ܒܬܘܠܬܐ ܬܒܛܢ ܘܬܐܠܕ ܒܪܐ ܘܢܩܪܘܢ ܫܡܗ ܥܡܢܘܐܝܠ ܕܡܬܪܓܡ ܐܠܗܢ ܥܡܢ
Matthew	Sinaiticus	23:02	(l kwrsy) dmw$) ytbw spr:) wpr:y$)	ܘܐܬܐ ܠܬܡܢ ܘܥܡܪ ܗܘܐ ܒܡܕܝܢܬܐ ܕܡܬܩܪܝܐ ܢܨܪܬ ܘܐܬܡܠܝܬ ܡܠܬܐ ܕܐܡܝܪܐ ܒܢܒܝܐ ܕܢܨܪܝܐ ܢܬܩܪܐ܂
Matthew	Sinaiticus	23:03	wkl m) d)mryn lkwn hwytwn (bdyn )yk (bdyhwn dyn l) t(bdwn )mryn gyr wl) (bdyn	
Matthew	Sinaiticus	23:04	w)sryn mwb:l) yqyr:t) wsymyn (l ktpt) dbn:y )n$), whnwn dyn l) qrbyn lhyn	ܘܡܬܟܪܟ ܗܘܐ ܝܫܘܥ ܒܟܘܠܗ ܓܠܝܠܐ ܘܡܠܦ ܗܘܐ ܒܟܢܘܫ̈ܬܗܘܢ ܘܡܟܪܙ ܗܘܐ ܣܒܪܬܐ ܕܡܠܟܘܬܐ ܘܡܐܣܐ ܗܘܐ ܟܠ ܟܐܒܐ ܘܟܠ ܟܘܪܗܢ܂ ܕܒܥܡܐ
Matthew	Sinaiticus	23:05	wkl mdm gyr d(bdyn dntxzwn lbn:y )n$) wmptyn (r:q) dtplyhwn wmwrkyn tk:lt) dmrTwTyhwn	ܐܢ ܗܟܝܠ ܡܩܪܒ ܐܢܬ ܩܘܪܒܢܟ ܥܠ ܡܕܒܚܐ ܘܬܡܢ ܬܥܗܕ ܕܐܚܘܟ ܐܚܝܕ ܥܠܝܟ ܐܟܬܐ
Matthew	Sinaiticus	23:06	wrxmyn ry$ sm:k) b)x$myt) wmw:tb) myqr) bknw$t)	
Matthew	Sinaiticus	23:07	w$lm) b$wq:) wcbyn dnhwwn qr:yn lhwn bny )n$) rby rby	
Matthew	Sinaiticus	23:08	)ntwn l) tqrwn rby xd hw mlpnkwn w)ntwn k:lkwn )x:)	ܘܣܠܩ ܡܪܢ ܠܣܦܝܢܬܐ ܘܬܠܡܝܕܘܗܝ ܐܬܝܢ ܗܘܘ ܒܬܪܗ
Matthew	Sinaiticus	23:09	w)b) l) tqrwn lkwn b)r() xd hw gyr )bwkwn db$my)	ܘܟܕ ܐܬܐ ܡܪܢ ܠܒܝܬܗ ܕܗܘ ܪܒ ܟܢܘܫܬܐ ܘܚܙܐ ܠܙܡܪܐ ܘܠܟܢܫܐ ܗܘ ܕܡܫܬܓܫܝܢ ܗܘܘ
Matthew	Sinaiticus	23:10	w)pl) ttqrwn mlpn) mTl dmlpnkwn m$yx) hw,	ܡܐ ܕܪ̈ܕܦܝܢ ܠܟܘܢ ܒܗܢܐ ܟܪܟܐ܂ ܥܪܘܩܘ ܠܟܘܢ ܡܢܗ ܠܐܚܪܢܐ܂ ܘܐܢ ܒܐܚܪܢܐ ܪܕܦܝܢ ܠܟܘܢ ܥܪܘܩܘ ܠܟܘܢ ܠܐܚܪܢܐ܂ ܘܐܡܝܢ ܓܝܪ ܐܡܪ ܐܢܐ ܠܟܘܢ ܕܠܐ ܬܫܠܡܘܢ ܐܢܘܢ ܟܘܠܗܘܢ ܟܪ̈ܟܐ ܕܒܝܬ ܐܝܣܪܐܝܠ܂ ܥܕܡܐ ܕܢܐܬܐ ܒܪܗ ܕܐܢܫܐ܂
Matthew	Sinaiticus	23:11	wdcb) bkwn dnhw) rb nhw) lkwn m$m$n),	ܘܐܢܬܝ ܟܦܪܢܚܘܡ ܕܐܬܪܝܡܬܝ ܠܫܡܝܐ ܥܕܡܐ ܠܫܝܘܠ ܬܚܬܝܢ ܕܐܠܘ ܒܣܕܘܡ ܐܬܚܙܝܘ ܚܝ̈ܠܐ ܕܒܟܝܢ ܐܬܚܙܝܘ ܩܝܡܐ ܗܝ ܠܝܘܡܢܐ
Matthew	Sinaiticus	23:12	kl dnrym gyr np$h ntmkk wkl dnmk np$h ntrym%	ܘܟܢܫܐ ܡܬܕܡܪܝܢ ܗܘܘ ܘܐܡܪܝܢ ܕܠܡܐ ܟܝ ܗܢܘ ܒܪܗ ܕܕܘܝܕ
Matthew	Sinaiticus	23:15	wy lkwn spr:) wpr:y$) ns:by b)p) dmtkrkyn )ntwn ym) wyb$) dt(bdwn xd gywr) wm) dhw) (bdyn )ntwn lh brh dghn) )(p) (lykwn%	ܗܘ ܕܝܢ ܠܐ ܝܗܒ ܠܗ ܦܬܓܡܐ ܘܩܪܒܘ ܬܠܡܝܕܘܗܝ ܘܒܥܘ ܡܢܗ ܘܐܡܪ̈ܝܢ ܫܪܝܗ ܕܗܐ ܩܥܝܐ ܘܐܬܝܐ ܒܬܪܢ
Matthew	Sinaiticus	23:16	wylkwn ngw:d) sm:y) d)mr:yn )ntwn dmn dym) bhykl) l) mk) wmn dym) bdhb) dbhykl) xT)	
Matthew	Sinaiticus	23:17	sk:l) w(wyr:) mn) rb dhb) )w hykl) dhw mqd$ lh ldhb)	ܘܢܩܛܠܘܢܗ ܘܡܢ ܒܬܪ ܬܠܬܐ ܝܘܡܝܢ ܢܩܘܡ ܘܟܪܝܬ ܠܗܘܢ ܛܒ
Matthew	Sinaiticus	23:18	wmn dym) bmdbx) l) mk) wmn dym) bqwrbn) d(l mdbx) xT)	ܡܛܠ ܗܢܐ ܕܡܝܐ ܡܠܟܘܬܐ ܕܫܡܝܐ ܠܓܒܪܐ ܡܠܟܐ ܕܨܒܐ ܠܡܣܒ ܚܫܒܢܐ ܡܢ ܥܒܕܘܗܝ
Matthew	Sinaiticus	23:19	(wyr:) mn) rb qwrbn) )w mdbx) dhw mqd$ lh lqwrbn)	ܟܕ ܚܙܐ ܝܫܘܥ ܐܡܪ ܠܬܠܡܝܕܘܗܝ ܐܡܝܢ ܐܡܪܢܐ ܠܟܘܢ ܕܥܛܠܐ ܗܝ ܠܥܬܝܪܐ ܕܢܥܘܠ ܠܡܠܟܘܬܐ ܕܫܡܝܐ
Matthew	Sinaiticus	23:20	mn dym) hkyl bmdbx) ym) bh wbkl m) d)yt (lwhy	ܐܡܪ ܠܗܘܢ ܝܫܘܥ ܟܣܝ ܫܬܝܢ ܐܢܬܘܢ ܕܬܬܒܘܢ ܕܝܢ ܡܢ ܝܡܝܢܝ ܘܡܢ ܣܡܠܝ ܗܕܐ ܠܐ ܗܘܬ ܠܝ ܕܐܬܠ ܠܟܘܢ ܐܠܐ ܠܐܝܠܝܢ ܕܡܛܝܒ ܠܗܘܢ ܐܒܝ܂
Matthew	Sinaiticus	23:21	wmn dym) bhykl) ym) bh wbmn d(mr bh	ܘܟܕ ܐܬܐ ܠܗܝܟܠܐ ܩܪܒܘ ܠܗ ܪ̈ܒܝ ܟܗܢܐ ܘܩܫܝܫܐ ܕܥܡܐ ܘܐܡܪ̈ܝܢ ܒܐܝܢܐ ܫܘܠܛܢ ܗܠܝܢ ܥܒܕ ܐܢܬ ܐܡܪ ܠܢ ܘܡܢܘ ܝܗܒ ܠܟ ܫܘܠܛܢܐ ܗܢܐ܂
Matthew	Sinaiticus	23:22	wmn dym) b$my) ym) bkwrsyh d)lh) wbmn dytb (lwhy	ܘܒܗܘ ܝܘܡܐ ܩܪܒܘ ܙܕܘܩܝܐ ܘܐܡܪ̈ܝܢ ܠܗ ܠܝܬ ܚܝܬ ܡܝܬܐ ܘܡܫܐܠܝܢ ܗܘܘ ܠܗ
Matthew	Sinaiticus	23:24	ngw:d) smy) dmcllyn )ntwn mn bq:) wbl(yn )ntwn gml)%	ܗܝܕܝܢ ܐܢ ܐܢܫ ܢܐܡܪ ܠܟܘܢ ܕܗܐ ܗܪܟܐ ܗܘ ܡܫܝܚܐ ܗܐ ܗܪܬܡܢ ܗܘ ܠܐ ܬܗܝܡܢܘܢ
Matthew	Sinaiticus	23:27	wylkwn spr:) wpr:y$) ns:by b):p) ddmyn )ntwn lqbr:) dmn lbr mxwr:yn, wmn lgw mlyn gr:m) dmy:t) wklh Tnpwt),	ܐܡܪ ܠܗܘܢ ܡܢܐ ܓܝܪ ܕܒܝܫ ܥܒܝܕ ܠܗ ܗܝܕܝܢ ܝܬܝܪܐܝܬ ܩܥܝܢ ܗܘܘ ܘܐܡܪܝܢ ܢܙܕܩܦ
Matthew	Sinaiticus	23:29	wylkwn spr:) wpr:y$) ns:by b)p:) dbnyn )ntwn qbr:) dnb:y) wmcbtyn )ntwn byt qbwr:) dzdyq)	
Matthew	Sinaiticus	23:30	w)mryn )ntwn d)lw hwyn bywmy )b:hyn l) m$:twtp) hwyn lhwn bdm) dnb:y),	
Matthew	Sinaiticus	23:31	mkyl mwdyn )ntwn dbn:y) )ntwn dhnwn dqTlw lnb:y),	
Matthew	Sinaiticus	23:32	w)p )ntwn tmlwn mw$xt) d)bh:ykwn	
Matthew	Sinaiticus	23:33	xw:wt) yld) d)kdn) )ykn) t(rqwn mn dyn) dghn)	
Matthew	Sinaiticus	23:36	)myn )mrn) lkwn dn)tyn hlyn kwlhyn (l $rbt) hd)%	
Matthew	Sinaiticus	23:38	h) $byq bytkwn	
Matthew	Sinaiticus	24:01	wkd npq y$w( mn hykl) lm)zl, wqrbw tlmydwhy, mxwyn lh bnyn) dhykl)	ܟܕ ܩܡ ܕܝܢ ܝܘܣܦ ܡܢ ܫܢܬܗ ܥܒܕ ܐܝܟ ܕܦܩܕ ܠܗ ܡܠܐܟܐ ܕܡܪܝܐ ܘܕܒܪ ܠܐܢܬܬܗ
Matthew	Sinaiticus	24:04	(n) y$w( w)mr lhwn xzw dl) )n$ nT(ykwn	ܘܩܪܒܝܢ ܗܘܘ ܠܗ ܣܓܝܐܐ ܕܡܫܢܩܝܢ ܗܘܘ ܒܬܫܢܝܩܐ ܣܢ̈ܝܐ ܘܒܟܪ̈ܗܢܐ ܥܛܠܐ ܘܥܠ ܚܕ ܚܕ ܡܢܗܘܢ ܐܝܕܗ ܣܐܡ ܗܘܐ ܘܠܟܠܗܘܢ ܡܐܣܐ ܗܘܐ܀
Matthew	Sinaiticus	24:05	sgy)) gyr n)twn b$my wn)mrwn d)n) )n) m$yx) wsgy)) nT(wn	ܫܒܘܩ ܩܘܪܒܢܟ ܬܡܢ ܥܠ ܡܕܒܚܐ ܘܙܠ ܠܘܩܕܡ ܐܬܪܥܐ ܥܡ ܐܚܘܟ ܘܗܝܕܝܢ ܬܐ ܩܪܒ ܩܘܪܒܢܟ
Matthew	Sinaiticus	24:06	(tydyn )ntwn dyn lm$m( qrb) w$m() dqrb) xzw dyn dlmn) tdxlwn (tydn dmhw) hlyn )l) l) (dkyl $wlm)	
Matthew	Sinaiticus	24:09	whydyn n$lmwnkwn l)wlcn) wnqTlwnkwn wnhw) sn) lkwn kwl )n$ mTwl $my	ܐܡܪ ܠܗܘܢ ܫܢܘ ܠܗܠ ܛܠܝܬܐ ܓܝܪ ܠܐ ܡܝܬܬ ܐܠܐ ܡܕܡܟ ܗܘ ܕܡܟܐ ܗܢܘܢ ܕܝܢ ܓܚܟܝܢ ܗܘܘ ܥܠܘܗܝ܂
Matthew	Sinaiticus	24:10	hydyn ntk$lwn sgy)) wxd lxd n$lmwn wnsnwn xd lxd	ܠܝܬ ܬܠܡܝܕܐ ܕܡܝܬܪ ܡܢ ܪܒܗ܂
Matthew	Sinaiticus	24:11	wsgy)) nby) d$wqr) nqwmwn wnT(wn sg:y))	ܐܡܪܢܐ ܕܠܐܪܥܐ ܕܣܕܘܡ ܢܗܘܐ ܢܝܚ ܒܝܘܡܐ ܕܕܝܢܐ ܝܬܝܪ ܡܢ ܕܠܟܝ܀
Matthew	Sinaiticus	24:12	wmTl sgy)wt (wl) npwg xwb) dsgy))	ܦܪܝܫܐ ܕܝܢ ܟܕ ܫܡܥܘ ܐܡܪܘ ܗܢܐ ܫܐ̈ܕܐ ܠܐ ܡܦܩ ܐܠܐ ܒܒܥܠܙܒܘܒ ܪܫܗܘܢ ܕܕܝܘܐ
Matthew	Sinaiticus	24:13	)l) mn dmsybr (dm) lxrt) hw nx)	ܬܘܒ ܐܘܣܦ ܘܐܡܪ ܠܗܘܢ ܡܬܠܐ ܐܚܪܢܐ ܕܡܝܐ ܡܠܟܘܬܐ ܕܫܡܝܐ ܠܓܒܪܐ ܕܙܪܥ ܙܪܥܐ ܛܒܐ ܒܩܪܝܬܗ
Matthew	Sinaiticus	24:15	m) dyn dxzytwn )t) dTnpwt) d)t)mr bdny)yl nby) hw dqr) nstkl	ܗܘ ܕܝܢ ܥܢܐ ܘܐܡܪ ܠܗܘܢ ܠܐ ܐܫܬܕܪܬ ܐܠܐ ܠܘܬ ܥܢܐ ܗܠܝܢ ܕܛܥܝ ܡܢ ܒܝܬ ܐܝܣܪܐܝܠ
Matthew	Sinaiticus	24:16	hydyn )ylyn dbyhwd n(rqwn lTwr)	
Matthew	Sinaiticus	24:17	whw db)gr) hw l) nxwt lmsb mn byth,	ܘܟܕ ܐܬܘ ܠܟܦܪܢܚܘܡ ܐܬܘ ܗܢܘܢ ܕܓܒܝܢ ܙܘܙܐ ܘܐܡܪܝܢ ܠܫܡܥܘܢ ܪܒܟ ܠܐ ܝܗܒ ܙܘ̈ܙܘܗܝ
Matthew	Sinaiticus	24:18	w)yn) dbqryt) hw l) ntpn) lbstrh lmsb mrTwTh%	ܘܟܕ ܫܪܝ ܠܡܣܒ ܩܪܒ ܠܗ ܕܚܝܒ ܗܘܐ ܠܗ ܒܪܒܘ ܟܟܪܝܢ
Matthew	Sinaiticus	24:19	wy dyn lbTnt) wl)ylyn dmynqn bhnwn ywm:t)	ܬܘܒ ܕܝܢ ܐܡܪܢܐ ܠܟܘܢ ܕܦܫܝܩ ܗܘ ܠܓܡܠܐ ܕܢܥܘܠ ܒܚܪܘܪܐ ܕܡܚܛܐ ܐܘ ܠܥܬܝܪܐ ܠܡܠܟܘܬܐ ܕܫܡܝܐ
Matthew	Sinaiticus	24:20	hwytwn dyn mclyn dl) nhw) (rwqykwn bstw) wl) b$bt)	ܟܕ ܫܡܥܘ ܥܣܪ̈ܐ ܪܛܢܘ ܥܠ ܗܢܘܢ ܬܪ̈ܝܢ ܐܚ̈ܝܢ
Matthew	Sinaiticus	24:24	nqwmwn gyr m$yx) dgl) wnb:y) dgl) wntlwn )twt) rwrbt) wtdmrt) hkn) d)n m$kx) )p lgby) nT(wn,	ܢܩܘܡܘܢ ܓܝܪ ܡܫܝܚܐ ܕܓܠܐ ܘܢܒ̈ܝܐ ܕܓܠܐ ܘܢܬܠܘܢ ܐܬܘܬܐ ܪܘܪܒܬܐ ܘܬܕܡܪܬܐ ܗܟܢܐ ܕܐܢ ܡܫܟܚܐ ܐܦ ܠܓܒܝܐ ܢܛܥܘܢ܂
Matthew	Sinaiticus	24:25	h) qdmt )mrt lkwn	܂܂܂ ܂܂܂ ܂܂܂ ܂܂܂ ܂܂܂ ܂܂܂ ܂܂܂ ܂܂܂ ܂܂܂ ܂܂܂ ܂܂܂ ܂܂܂ ܂܂܂ ܂܂܂ ܂܂܂ ܂܂܂ ܂܂܂ ܂܂܂ ܂܂܂ ܂܂܂ ܂܂܂ ܂܂܂ ܂܂܂ ܂܂܂ ܂܂܂ ܂܂܂ ܂܂܂ ܂܂܂ ܂܂܂ ܂܂܂
Matthew	Sinaiticus	24:26	d)n n)mrwn lkwn h) bxwrb) hw, l) tpqwn )w h) btwn) hw l) thymnwn	ܘܒܪܗ ܕܐܢܫܐ ܐܙܠ ܐܝܟܢܐ ܕܟܬܝܒ ܥܠܘܗܝ ܘܝ ܕܝܢ ܠܗܘ ܓܒܪܐ ܕܒܐܝܕܗ ܕܡܫܬܠܡ ܐܢܐ܂ ܦܩܚ ܗܘܐ ܠܗ ܐܠܘ ܠܐ ܐܬܝܠܕ܂
Matthew	Sinaiticus	24:27	)ykn) dbrq) gyr brq mn mdnx) wmtxz) (dm) lm(rb) hkn) thw) mtyth dbrh d)n$)	ܟܕ ܚܙܐ ܕܝܢ ܦܝܠܛܘܣ ܕܡܕܡ ܠܐ ܡܘܬܪ ܠܗ ܐܠܐ ܟܡܐ ܂܂܂ ܪܘܒܐ ܡܣܓܐ ܣܓܐ ܢܣܒ ܡܝܐ ܘܐܫܝܓ ܐܝ̈ܕܘܗܝ ܠܥܝܢ ܟܠܗ ܟܢܫܐ ܘܐܡܪ ܙܟܝ ܐܢܐ ܡܢ ܕܡܐ ܗܢܐ ܐܢܬܘܢ ܝܕܥܝܢ
Matthew	Sinaiticus	24:28	)yk) dpgr) tmn ntkn$wn n$r:)%	
Matthew	Sinaiticus	24:29	mxd) dyn mn btr )wlcn) dhnwn ywmt) nx$k $m$) wnwhrh dshr) l) nnhr wnplwn kwkb) mn $my) wnzw(wn xylwt) d$my)	
Matthew	Sinaiticus	24:30	whydyn ntxz) ny$h dbrh d)n$) b$my) wtxzwn lbrh d)n$) d)t) (l (nny: $my) (m xyl) rb) w$wbx)	
Matthew	Sinaiticus	24:32	mn tt) dyn ylpw pl)t) dm) drkw sw:kyh wpr(w Trpyh yd(yn )ntwn dqryb hw qyT)	
Matthew	Sinaiticus	24:33	hkn) )p )ntwn m) dxzytwn hlyn klhyn yd(yn )ntwn dqrbt ltr()	
Matthew	Sinaiticus	24:34	)myn )mrn) lkwn dl) t(br $rbt) hd) (dm) dhlyn kwlhyn nhwyn	
Matthew	Sinaiticus	24:35	$my) w)r() n(brwn wmly l) n(brn%	
Matthew	Sinaiticus	24:36	(l ywm) dyn w(l $(t) hy )n$ l) yd( w)pl) ml)ky $my) )l) )b) blxwd	
Matthew	Sinaiticus	24:37	)yk dhw) gyr bywmy nwx hkn) thw) mtyth dbrh d)n$),	
Matthew	Sinaiticus	24:39	wl) yd(w (dm) d)t) Twpn) w$ql lklhwn hkn) thw) mtyth dbrh d)n$)	
Matthew	Sinaiticus	24:40	hydyn tryn nhwwn bTwr) xd ntdbr wxd n$tbq	
Matthew	Sinaiticus	24:41	wtrtyn nhwyn Txnn rxy) xd) mtdbr) wxd) m$tbq)	
Matthew	Sinaiticus	24:42	hww (yryn dl) yd(yn )ntwn b)yd) $(t) )t) mrkwn	
Matthew	Sinaiticus	24:43	whd) hwytwn yd(yn d)lw yd( hw) mr) byt) b)yd) mTrt) )t) hw) gnb) mtt(yr hw) wl) $bq hw) dntpl$ byth	
Matthew	Sinaiticus	24:44	mTl hn) )p )ntwn hwytwn mTybyn db$(t) dl) sbryn )ntwn n)t) brh d)n$)	
Matthew	Sinaiticus	24:46	Twbwhy l(bd) hw d)n n)t) mrh n$kxyhy d(bd hkn),	
Matthew	Sinaiticus	24:47	)myn )mrn) lkwn dn$lTwhy (l kwl m) d)yt lh,	
Matthew	Sinaiticus	24:48	)n dyn n)mr (bd) by$) blbh dmry mwxr lm)t)	
Matthew	Sinaiticus	24:49	wn$r) lmmx) lknwth wnhw) )kl w$t) (m rwy)	
Matthew	Sinaiticus	24:50	n)t) mrh d(bd) hw bywm) dl) sbr wb$(t) dl) yd(	
Matthew	Sinaiticus	24:51	wnplgywhy wnsym mnth (m nsby b)p:) wtmn nhw) bky) wxwrq $n)%	
Matthew	Sinaiticus	25:01	hydyn ttdm) mlkwt) d$my) l(sr: btwln d$ql lmpdy:hyn wnpq l)wr( xtn) wklt)	ܘܝܠܕܬ ܠܗ ܒܪܐ ܘܩܪܐ ܫܡܗ ܝܫܘܥ܀
Matthew	Sinaiticus	25:02	xm$ dyn mnhyn skln hwy wxm$ xkymn	
Matthew	Sinaiticus	25:03	whnyn sklt) nsb lmpdy:hyn wl) nsb (mhyn m$x)	
Matthew	Sinaiticus	25:04	xky:mt) dyn nsb m$x) bm)n) (m lmpdyhyn,	ܘܟܕ ܗܘܐ ܟܢܫܐ ܣܓܝܐܐ܂ ܕܡܢ ܓܠܝܠܐ ܘܡܢ ܥܣܪܬ ܡܕܝܢܬܐ ܘܡܢ ܐܘܪܫܠܡ ܘܡܢ ܝܗܘܕܐ ܘܡܢ ܥܒܪܗ ܕܝܘܪܕܢܢ܂
Matthew	Sinaiticus	25:07	hydyn qm klhyn b:twlt) hlyn wtqn lmpdy:hyn	
Matthew	Sinaiticus	25:08	)mrn hlyn sklt) lhlyn xkym:t) hbyn ln mn m$xkyn dh) d(kyn lhwn lmpdyn	ܘܩܪܒܘ ܬ̈ܠܡܝܕܘܗܝ ܘܐܥܝܪܘܗܝ ܘܐܡܪܝܢ ܠܗ ܡܪܢ ܐܚܢ ܡܛܠ ܕܗܐ ܐܒܕܝܢ ܐܢܚܢܢ
Matthew	Sinaiticus	25:10	wkd )z:ln lmzbn )t) xtn) whnyn dmTybn hwy (l (mh lbyt m$twt), w)txd lh tr()	ܟܕܘ ܠܗ ܠܬܠܡܝܕܐ ܕܢܗܘܐ ܐܝܟ ܪܒܗ܂ ܘܠܥܒܕܐ ܐܝܟ ܡܪܗ ܘܐܢ ܠܡܪܗ ܕܒܝܬܐ ܩܪܘ ܒܥܠܙܒܘܒ ܠܒܢ̈ܝ ܒܝܬܗ ܐܝܟܢܐ ܢܩܪܘܢ
Matthew	Sinaiticus	25:11	b)xryt) dyn )ty h:nyn btw:lt) w)mrn mrn mrn ptx ln,	ܒܗܘ ܙܒܢܐ ܥܢܐ ܝܫܘܥ ܘܐܡܪ ܡܘܕܐ ܐܢܐ ܠܟ ܐܒܐ ܡܪܐ ܕܫܡܝܐ ܘܕܐܪܥܐ ܕܟܣܝܬ ܗܠܝܢ ܡܢ ܚܟܝܡ̈ܐ ܘܓܠܝܬ ܐܢܝܢ ܠܛܠܝܐ
Matthew	Sinaiticus	25:12	hw dyn (n) w)mr )myn )mrn) lk:yn dl) yd(n) l:kyn	ܟܕ ܚܙܐ ܕܝܢ ܬܪܥܝܬܗܘܢ ܐܡܪ ܠܗܘܢ ܟܠ ܡܠܟܘ ܕܬܬܦܠܓ ܥܠ ܢܦܫܗ ܬܚܪܒ ܂܂܂ ܂܂܂ ܘܡܕܝܢܐ ܕܢܬܦܠܓ ܂܂܂ ܂܂܂ ܂܂܂ ܂܂܂
Matthew	Sinaiticus	25:13	)t(yrw hkyl dl) )ntwn yd(twn lh lywm) wl) l$(t)	ܘܟܕ ܕܡܟܘ ܐܢܫܐ ܐܬܐ ܒܥܠܕܒܒܐ ܘܙܪܥ ܙܝܙܢܐ ܒܝܬ ܚ̈ܛܐ ܘܐܙܠ
Matthew	Sinaiticus	25:14	)ykn) gyr dgbr) dxzq wqr) l(bdwhy w)$lm lhwn qnynh	ܒܡܛܪܬܐ ܕܝܢ ܪܒܝܥܝܬܐ ܕܠܠܝܐ ܐܬܐ ܠܘܬܗܘܢ ܝܫܘܥ ܟܕ ܡܗܠܟ ܥܠ ܡܝܐ
Matthew	Sinaiticus	25:15	)yt dyhb lh xm$ kkryn w)yt dtrtyn w)yt dxd) ,,, ,,, ,,, ,,, ,,, ,,,	ܗܝ ܕܝܢ ܩܪܒܬ ܣܓܕܬ ܠܘܬܗ ܘܐܡܪܐ ܠܗ ܡܪܝ ܥܕܪܝܢܝ܂
Matthew	Sinaiticus	25:16	,,, ,,, ,,, ,,, ,,, ,,, ,,, ,,, ,,, ,,, ,,, ,,, ,,, ,,, ,,,	
Matthew	Sinaiticus	25:17	,,, whkwt )p hw dtrtyn ,,, )ttgr btrtyn )xrn)	ܐܡܪ ܐܝܢ ܘܟܕ ܥܠ ܠܒܝܬܗ ܩܕܡܗ ܝܫܘܥ ܘܐܡܪ ܠܗ ܡܢܐ ܡܨܛܒܐ ܠܟ ܫܡܥܘܢ܂ ܡ̈ܠܟܝܗ ܕܐܪܥܐ ܡܢ ܡܢ ܓܒܝܢ ܡܟܣܐ܂ ܘܟܣܦ ܪܫܐ܂ ܡܢ ܒܢܝܗܘܢ ܐܘ ܡܢ ܢܘܟܪ̈ܝܐ܂
Matthew	Sinaiticus	25:18	hw dyn dnsb xd) )zl xpr b)r() wT$y ksp) dmrh	ܘܟܕ ܠܝܬ ܗܘܐ ܠܗ ܠܡܦܪܥ ܦܩܕ ܕܢܙܒܢܘܢܗ ܠܗ ܘܠܐܢܬܬܗ ܘܠܒܢܘܗܝ ܘܢܬܢܣܒ ܟܠ ܡܕܡ ܕܐܝܬ ܠܗ
Matthew	Sinaiticus	25:19	btr dyn zbn) sgy)) )t) mrhwn dhnwn (bd) wnsb mnhwn xw$bn)	ܘܟܕ ܫܡܥܘ ܕܝܢ ܬܠܡ̈ܝܕܐ ܐܬܕܡܪܘ ܛܒ ܘܐܡܪ̈ܝܢ ܡܢ ܟܝ ܡܫܟܚ ܠܡܚܝܐ
Matthew	Sinaiticus	25:20	wqrb hw dnsb xm$ kkryn wqrb xm$ )xrnyn w)mr mry xm$ kkr:yn yhbt ly h) ,,, ,,,,,,..dt ,,, ,,, ,,, ,,,	
Matthew	Sinaiticus	25:21	,,, ,,, ,,, ,,, ,,, ,,, ,,, ,,, ,,, ,,, ,,, ,,, ,,, ,,, ,,,..yt ,,, ,,, ,,, ,,, ,,, ,,, ,,,	ܡܥܡܘܕܝܬܗ ܕܝܘܚܢܢ ܡܢ ܐܝܡܟܐ ܗܘܬ ܡܢ ܫܡܝܐ ܐܘ ܡܢ ܒܢܝ ܐܢܫܐ ܗܢܘܢ ܕܝܢ ܡܬܚܫܒܝܢ ܗܘܘ ܒܝܢܬܗܘܢ ܘܐܡܪ̈ܝܢ ܕܐܢ ܢܐܡܪ ܕܡܢ ܫܡܝܐ ܗܝ ܢܐܡܪ ܠܢ ܘܠܡܢܐ ܠܐ ܗܝܡܢܬܘܢ ܒܗ܂
Matthew	Sinaiticus	25:22	,,, ,,, ,,, ,,, ,,, ,,, ..kkryn&,,, ,,, ,,, ,,, ,,, ,,, ,,, ,,, ,,, ,,, ,,, ,,, ,,, ,,, ,,, ,,, ,,, ,,, ,,,n&,,, ,,, ,,,h),,, ,,, ,,, ,,, ,,, ,,, ,,, ,,, ,,, ,,, ,,, ,,,(n),,, ,,, ,,, ,,, ,,, ,,, ,,, ,,,	ܘܫܒܥܐ ܐܚܝܢ ܐܝܬ ܗܘܘ܂ ܘܡܝܬ ܩܕܡܝܐ ܘܠܐ ܥܒܕ ܡܢܗ ܒܪܐ ܘܗܘܬ ܐܢܬܬܗ ܠܐܚܘܗܝ
Matthew	Sinaiticus	25:23	,,, ,,, ,,, ,,, ,,, ,,, ,,, ,,, ,,, ,,, ,,, ,,, ,,, ,,, ,,, ,,, ,,, ,,, ,,, ,,, ,,,	ܘܝܠܟܘܢ ܣܦܪ̈ܐ ܘܦܪ̈ܝܫܐ ܢܣ̈ܒܝ ܒܐܦܐ ܕܡܕܟܝܢ ܐܢܬܘܢ ܒܪܗ ܕܟܣܐ ܘܕܦܝܢܟܐ ܘܡܢ ܠܓܘ ܡ̈ܠܝܢ ܚܛܘܦܝܐ ܘܟܠ ܛܢܦܘܬܐ
Matthew	Sinaiticus	25:24	,,, ,,, ,,, ,,, ,,, ,,, ,,, ,,, ,,, ,,, ,,, ,,, ,,, ,,, ,,, ,,, ,,, ,,, ,,, ,,, ,,, ,,, ,,, ,,, ,,, ,,, ,,, ,,, ,,, ,,,	ܗܐ ܩܕܡܬ ܐܡܪܬ ܠܟܘܢ
Matthew	Sinaiticus	25:25	,,, h) qbl dylk	܂܂܂ ܗܐ ܩܒܠ ܕܝܠܟ
Matthew	Sinaiticus	25:26	(n) mrh w)mr lh (bd) by$) ,,, yd( hwyt ly dxcd )n) ,,, ,,, ,,, ,,, wmkn$ )n) ,,, ,,, ,,, bdrt	ܘܥܢܐ ܝܗܘܕܐ ܡܫܠܡܢܐ ܘܐܡܪ ܕܠܡܐ ܐܢܐ ܗܘ ܪܒܝ܂ ܐܡܪ ܠܗ܂ ܐܢܬ ܐܡܪܬ
Matthew	Sinaiticus	25:27	,,, ,,, ,,, dyn ,,, ,,, ,,, ,,, (l ,,, ,,, ,,, ,,, ,,, dyn ,,, ,,, ,,, ,,, ,,,	ܘܥܢܐ ܟܘܠܗ ܥܡܐ ܘܐܡܪܘ ܕܡܗ ܕܗܢܐ ܥܠܝܢ ܘܥܠ ܒܢ̈ܝܢ
Matthew	Sinaiticus	25:28	,,, ,,, ,,, ,,, ,,, ,,, ,,, ,,, ,,, ,,, ,,,	
Matthew	Sinaiticus	25:29	,,, ,,, ,,, ,,, ,,, ,,, ,,, ,,, ,,, ,,, ,,, ,,, ,,, ,,, ,,, ,,, ,,, ,,, ,,, ,,, ,,,	
Matthew	Sinaiticus	25:30	,,, ,,, ,,, ,,, ,,, ,,, ,,, ,,, ,,, ,,, ,,, ,,,	
Matthew	Sinaiticus	25:31	,,, ,,, ,,, ,,, ,,, ,,, ,,, ,,, ,,, ,,, ,,, ,,, ,,, ,,, ,,, ,,, ,,, ,,, ,,, ,,, ,,, ,,, ,,, ,,, ,,, ,,, ,,,	
Matthew	Sinaiticus	25:32	wntkn$wn qdmwhy klhwn (mm) wnpr$ )nwn xd mn xd )yk r(y) dmpr$ (rb) mn gdy)	
Matthew	Sinaiticus	25:33	wnqym (r:b) mn ymynh wgdy) mn smlh	
Matthew	Sinaiticus	25:34	hydyn n)mr mlk) lhnwn dmn ymynh tw brykwhy d)by yrtw ,,, ,,, ,,, hwt ,,, ,,, ,,, ,,,	
Matthew	Sinaiticus	25:35	,,, ,,, ,,, ,,, ,,, ,,, ,,, )ksny) hwyt wkn$twnny	
Matthew	Sinaiticus	25:36	(rTly) hwyt w)lb$twnny ,,, ,,, ,,, ,,, ,,, ,,, ,,, ,,, lwty	
Matthew	Sinaiticus	25:37	,,, ,,, lh ,,, ,,, ,,, ,,, )w mrn )mty xzynk ,,, )nt ,,, ,,, chyt w)$qynk	
Matthew	Sinaiticus	25:38	w)mty xzynk d)ksny) hwyt wkn$nk, )w (rTly) hwyt w)lb$nk	
Matthew	Sinaiticus	25:39	)w )mty xzynk kd kryh )w byt )syr:) hwyt w)tyn lwtk	
Matthew	Sinaiticus	25:40	w(n) w)mr lhwn )myn )mrn) lkwn dmdm d(bdtwn lxd mn hlyn )xy z(wry ly hw (bdtwn	
Matthew	Sinaiticus	25:41	hydyn n)mr lhnwn dmn smlh zlw lkwn mny lyT) lnwr) dl(lm hy d(tyd) l)kl qrc) wlml)kwhy	
Matthew	Sinaiticus	25:42	kpnt gyr wl) yhbtwn ly lm)kl ch) hwyt wl) )$qytwnny	
Matthew	Sinaiticus	25:43	w(rTly) hwyt wl) )lb$twnny kryh) hwyt wbyt )syr) hwyt wl) s(rtwnny	
Matthew	Sinaiticus	25:44	hydyn n(nwn )p hnwn wn)mrwn mrn )mty xzynk kd kpn )nt )w kd ch) )nt )w kd )ksny) )nt )w (rTly )w kryh )w byt )syr) )nt wl) $m$nk	
Matthew	Sinaiticus	25:45	hydyn n(n) wn)mr lhwn )myn )mrn) lkwn dhw dlxd mn hlyn z(wr:) l) (bdtwn )p ly l) (bdtwn	
Matthew	Sinaiticus	25:46	wn)zlwn hlyn lt$nyq) dl(lm wzdyq) lx:y) dl(lm%	
Matthew	Sinaiticus	26:01	whw) dkd $lm m:lwhy hlyn )mr ltlmydwhy	
Matthew	Sinaiticus	26:02	yd(yn )ntwn mn btr tryn ywmyn hw) pcx) wbrh d)n$) m$tlm dnzdqp	
Matthew	Sinaiticus	26:04	wmtx$byn hww dbnkl) n)xdwnyhy ly$w( wnqTlwnyhy	
Matthew	Sinaiticus	26:06	wkd hw) y$w( bbyt (ny) bbyth d$m(wn grb)	
Matthew	Sinaiticus	26:10	y$w( dyn yd( w)mr lhwn mn) ml)yn lh l)ntt) (bd) $pyr) wTb) (bdt lwty	ܠܐ ܗܟܝܠ ܬܕܚܠܘܢ ܡܢܗܘܢ ܠܝܬ ܓܝܪ ܡܕܡ ܕܟܣܐ ܕܠܐ ܢܬܓܠܐ܂ ܘܠܐ ܕܡܛܫܝ܂ ܕܠܐ ܢܬܝܕܥ
Matthew	Sinaiticus	26:11	)ytyhwn mskn) gyr bklzbn lwtkwn )nwn )n) dyn l) bklzbn lwtkwn )n)	ܐܝܢ ܐܒܝ ܕܗܟܢܐ ܗܘܐ ܨܒܝܢܐ ܩܕܡܝܟ
Matthew	Sinaiticus	26:13	)myn )mrn) lkwn d)yk) dttkrz sbrty hd) bklh (lm) ttmll )p mdm d(bdt )ntt) hd) ldwkrnh%	ܘܟܕ ܝܥܐ ܥܣܒܐ ܘܥܒܕ ܦܐܪ̈ܐ ܐܬܚܙܝܘ ܙܝܙܢܐ
Matthew	Sinaiticus	26:14	hydyn )zl xd mn tr(sr dmtqr) yhwd) skrywT) lwt rby khn)	ܟܕ ܚܙܘ ܕܡܗܠܟ ܥܠ ܓܠܠܝ ܝܡܐ ܐܬܙܝܥܘ ܘܐܡܪ̈ܝܢ ܕܫܐܕܐ ܗܘ ܘܡܢ ܕܚܠܬܗܘܢ ܝܗܒܘ ܩܠܐ܂
Matthew	Sinaiticus	26:15	w)mr lhwn mn) )ntwn cbyn lmtl )ntwn w)n) m$lm lh lkwn w)qymw lh tltyn dksp)	ܗܘ ܕܝܢ ܥܢܐ ܘܐܡܪ ܠܗ ܠܐ ܘܠܐ ܠܡܣܒ ܠܚܡܐ ܕܒܢܝܐ ܪܡܝܢ ܠܟܠܒܐ
Matthew	Sinaiticus	26:16	wmn hydyn b() hw) lh pl() dn$lmywhy	
Matthew	Sinaiticus	26:19	w(bdw tlmy:dwhy )ykn) dpqd )nwn y$w( wTybw pcx)	ܚܪ ܒܗܘܢ ܝܫܘܥ ܘܐܡܪ ܠܗܘܢ ܗܕܐ ܡܢ ܒܢܝ ܐܢܫܐ ܠܐ ܡܫܟܚܐ ܕܬܗܘܐ ܐܠܗܐ ܕܝܢ ܟܠ ܡܕܡ ܡܫܟܚ ܠܡܥܒܕ
Matthew	Sinaiticus	26:20	wkd hw) rm$) smyk hw) lwt tr(srth	
Matthew	Sinaiticus	26:21	wkd hnwn l(syn, )mr lhwn )myn )mrn) lkwn dxd mnkwn n$lmny	ܘܐܢ ܢܐܡܪ ܕܡܢ ܒܢ̈ܝ ܐܢܫܐ ܗܝ܂ ܕܚܠܝܢ ܐܢܚܢܢ ܡܢ ܟܢܫܐ܂ ܟܠܗܘܢ ܓܝܪ ܐܝܟ ܕܠܢܒܝܐ ܐܚܝܕܝܢ ܗܘܘ ܠܗ ܠܝܘܚܢܢ
Matthew	Sinaiticus	26:22	wkryt lhwn Tb w$ryw lm)mr xd xd mnhwn dlm) )n) hw mry	ܘܐܦ ܐܚܪܢܐ ܗܟܘܬ܂ ܘܐܦ ܕܬܠܬܐ ܥܕܡܐ ܠܫܒܥܬܝܗܘܢ
Matthew	Sinaiticus	26:23	)mr lhwn hw dmw$T )ydh (my blgt) hw n$lmny,	ܦܪ̈ܝܫܐ ܥܘܝܪܐ ܕܟܘ ܠܘܩܕܡ ܓܘܗ ܕܟܣܐ ܘܐܦ ܒܪܗ ܕܟܐ ܗܘ܀
Matthew	Sinaiticus	26:25	w(n) yhwd) m$lmn) w)mr dlm) )n) hw rby, )mr lh, )nt )mrt	ܥܢܐ ܡܪܗ ܘܐܡܪ ܠܗ ܥܒܕܐ ܒܝܫܐ ܂܂܂ ܝܕܥ ܗܘܝܬ ܠܝ ܕܚܨܕ ܐܢܐ ܂܂܂ ܂܂܂ ܂܂܂ ܂܂܂ ܘܡܟܢܫ ܐܢܐ ܂܂܂ ܂܂܂ ܂܂܂ ܒܕܪܬ
Matthew	Sinaiticus	26:26	wkd hnwn l(syn nsb y$w( lxm) wbrk (lwhy wqc) wyhb ltlmydwhy w)mr sbw )kwlw hnw pgry	ܘܟܕ ܗܢܘܢ ܠܥܣܝܢ ܢܣܒ ܝܫܘܥ ܠܚܡܐ ܘܒܪܟ ܥܠܘܗܝ ܘܩܨܐ ܘܝܗܒ ܠܬܠܡܝܕܘܗܝ ܘܐܡܪ ܣܒܘ ܐܟܘܠܘ ܗܢܘ ܦܓܪܝ
Matthew	Sinaiticus	26:27	wnsb ks) w)wdy (lwhy wyhb lhwn w)mr sbw )$tw mnh kwlkwn	ܗܝܕܝܢ ܫܪܐ ܠܗܘܢ ܠܒܪ ܐܒܐ ܘܢܓܕ ܒܦܪܓܠܐ ܠܝܫܘܥ ܘܐܫܠܡܗ ܠܗܘܢ ܕܢܙܕܩܦ
Matthew	Sinaiticus	26:28	hnw dmy dytq) xdt) dmt)$d xlp sgy)) l$wbqn) dx:Th)	
Matthew	Sinaiticus	26:29	)mrn) lkwn gyr dl) )$t) mn h$) mn p)rh dgpt) (dm) lywm) d)$tywhy (mkwn xdt) bmlkwth d)by	
Matthew	Sinaiticus	26:30	wkd $bxw, )zlw lTwr) dzy:t)	
Matthew	Sinaiticus	26:32	wm) dqmt mqdmn) lkwn lglyl)%	
Matthew	Sinaiticus	26:33	(n) $m(wn k)p) w)mr )n klhwn ntk$lwn bk )n) l(lm l) mtk$ln) bk	
Matthew	Sinaiticus	26:34	)mr lh y$w( )myn )mrn) lk dbhn) lly) (dl) nqr) trngl) tlt: zbnyn tkpwr by,	
Matthew	Sinaiticus	26:35	)mr lh $m(wn k)p) )n nhw) ly lmmt (mk l) )kpwr bk w)p klhwn tlm:yd) hkn) )mrw	
Matthew	Sinaiticus	26:36	hydyn )t) (mmhwn y$w( l)tr) dmtqr) gwsmny )mr ltlm:ydwhy tbw hrk) (d )zl )cl)	
Matthew	Sinaiticus	26:38	hydyn )mr lhwn h) kry) hy lh lnp$y (dm) lmwt) qww hrk) w)t(yrw (my	
Matthew	Sinaiticus	26:39	w$ny mnhwn qlyl npl (l )p:why wmcl) hw) w)mr hw) )by d)n m$kx dn(br mny ks) hn) brm l) cbyny dyly nhw) )l) )n dylk	
Matthew	Sinaiticus	26:40	w)t) lwt tlmydwhy w)$kx )nwn kd dmkyn w)mr l$m(wn hkn) )pl) xd) $() )$kxtwn lmt(rw (my	
Matthew	Sinaiticus	26:42	twb dtrtyn zbnyn )zl lmclyw )mr )by )n l) m$kx ks) hn) dn(br )l) )n )$tyth nhw) cbynk,	
Matthew	Sinaiticus	26:43	w)t) twb w)$kx )nwn kd dmkyn mTwl d(ynyhwn b$nt) yqyrn hwy,	
Matthew	Sinaiticus	26:44	w$bq )nwn w)zl lmclyw dtlt: zbnyn wtwb hkwt )mr,	
Matthew	Sinaiticus	26:45	hydyn )t) lwt tlmydwhy w)mr lhwn dmkw mkyl w)tnyxw h) gyr qrbt $(t) wbrh d)n$) m$tlm b)ydyhwn dx:Ty)	
Matthew	Sinaiticus	26:47	(d hw mmll wh) yhwd) xd mn tr:(srt) )t) w(mh kn$) sgy)) bs:yp) wxwTr:) mn lwt r:by kh:n) wq$y$) d(m),	
Matthew	Sinaiticus	26:48	yhwd) dyn m$lmn) yhb lhwn )t) w)mr dlhw )yn) dn$qn) lh lh )xwdw	
Matthew	Sinaiticus	26:49	wqrb lwt y$w( wn$qh w)mr lh $lm rby	
Matthew	Sinaiticus	26:50	y$w( dyn )mr lh (l m) )tyt xbry hydyn qrbw w)rmyw (lwhy )ydy) w)xdwhy ly$w(	
Matthew	Sinaiticus	26:51	wh) xd mn tlmydwhy dy$w( )w$T )ydh w$mT syp) wmxyhy lTlyh drb kh:n) w$qlh )dnh	
Matthew	Sinaiticus	26:52	hydyn )mr lh y$w( )hpk syp) ldwkth klhwn gyr )ylyn d$qlw syp) bsyp) n)bdwn,	
Matthew	Sinaiticus	26:53	)w sbr )nt dl) m$kx )n) d)b() mn )by wntl ly ytyr mn trt(sr) lgyw:nyn dml)k)	
Matthew	Sinaiticus	26:54	)l) )ykn) ntmlwn ktb) dhkn) wl) lmhw)	
Matthew	Sinaiticus	26:55	bhy $(t) )mr y$w( lkn$) )yk d(l gys) npqtwn (ly bsy:p) wbxwTr) lm)xdny klywm bhykl) ytb hwyt wmlp hwyt wl) )xdtwnny,	
Matthew	Sinaiticus	26:56	hlyn dyn klhyn dhwy dntmlwn ktb) dnb:y)% hydyn $bqwhy tlmydwhy klhwn w(rqw,	
Matthew	Sinaiticus	26:57	w)xdwhy hnwn w)wblwhy lwt qyp) rb khn) )tr dkny$yn spr) wq$y$) d(m)	
Matthew	Sinaiticus	26:59	wklh knw$t) b(yn hww (lwhy (l y$w( shd) )yk dnmytwnyhy	
Matthew	Sinaiticus	26:60	wl) )$kxw w)tw sgy)) shdy $wqr) wl) )$kxw lm)mr $ryrt) b)xryt) )tw tryn )xrnyn shd) d$wqr)	
Matthew	Sinaiticus	26:61	w)mryn hn) )mr dm$kxn) d)strywhy lhykl) hn) wltlt) ywmyn )bnywhy	
Matthew	Sinaiticus	26:62	wqm rb kh:n) w)mr lh l) yhb )nt ptgm) mn) hlyn mshdyn (lyk,	
Matthew	Sinaiticus	26:63	y$w( dyn $tyq hw) (n) rb kh:n) w)mr lh mwmn) lk b)lh) xy), dt)mr ln )n )nt hw m$yx) brh d)lh)	
Matthew	Sinaiticus	26:64	)mr lh )nt )mrt )mr )n) lkwn dmn h$) txzwnyhy lbrh d)n$) dytb mn ymyn) dxyl) w)t) (l (:nny $my)	
Matthew	Sinaiticus	26:66	mn) (wd cb:yn )ntwn (nw klhwn w)mrw dxyb hw mwt)	
Matthew	Sinaiticus	26:68	w)mr:yn )tnb) ln m$yx) mnw mxk,	
Matthew	Sinaiticus	26:69	$m(wn dyn ytb hw) lbr bdrt) wqrbt (lymt) xd) w)mr) lh w)p )nt (m y$w( hwyt glyl),	
Matthew	Sinaiticus	26:70	hw dyn kpr l(yn klhwn w)mr l) yd(n) mn) )mrty w)p l) xkmn)	
Matthew	Sinaiticus	26:71	wkd npq ltr() ddrt) xzth )xrt) w)mr) lhwn hn) (m y$w( hw) ncry)	
Matthew	Sinaiticus	26:72	wtwb kpr wym) dl) yd(n) lh lgbr) hn),	
Matthew	Sinaiticus	26:74	hydyn $ry lmxrmw wlm)m) dl) yd(n) lh lgbr) hn), wbh b$(t) qr) trngl),	
Matthew	Sinaiticus	27:01	wkd nght, $qlw mlk) klhwn r:by kh:n) wq$:y$) d(m) (l y$w( dnmytwnh,	
Matthew	Sinaiticus	27:02	w)srwhy w)wblwhy w)$lmwhy lplTws hgmwn)%	
Matthew	Sinaiticus	27:03	hydyn kd xz) yhwd) m$lmn) d)txyb )ttwy w)hpk hlyn tlt:yn dksp) lr:by kh:n) wlq$:y$)	
Matthew	Sinaiticus	27:06	r:by kh:n) dyn $qlwhy lksp) w)mr:yn l) $lyT lmrmywth byt qwrbn) mTl ddm:y) )nwn ddm)	
Matthew	Sinaiticus	27:07	wnsbw mlk), wzbnw mnh qwryt pxr) dbyt qbwr) d)ksny)	
Matthew	Sinaiticus	27:08	mTl hn) )tqryt hy qwryt dm (dm) lywmn),	ܗܢܘܢ ܕܝܢ ܐܢܫܐ ܬܡܝܗܝܢ ܗܘܘ ܘܐܡܪܝܢ ܡܢܘ ܗܢܐ ܕܝܡܐ ܘܪܘܚܐ ܡܫܬܡܥܝܢ ܠܗ܀
Matthew	Sinaiticus	27:09	hydyn )tmly mdm d)t)mr bnby) d)mr hw) dnsbt t:ltyn dksp) dmwhy dyqyr) dyqrt mn bny:hwn d)ysr)yl	ܘܟܕ ܥܒܪ ܡܪܢ ܕܒܩܘܗܝ ܬܪܝܢ ܣܡܝܐ ܘܩܥܝܢ ܒܩܠܐ ܪܡܐ ܐܬܪܚܡ ܥܠܝܢ ܒܪܗ ܕܕܘܝܕ
Matthew	Sinaiticus	27:10	wyhbt ):nyn lqwryt pxr) )yk dpqd ly mry)%	ܡܕܡ ܕܐܡܪܢܐ ܠܟܘܢ ܒܚܫܘܟܐ ܐܡܪܘܗܝ ܐܢܬܘܢ ܒܢܘܗܪܐ܂ ܘܡܕܡ ܕܫܡܥܝܢ ܐܢܬܘܢ ܒܐܕܢܝܟܘܢ ܐܟܪܙܘ ܥܠ ܐܓܪ̈ܐ܂
Matthew	Sinaiticus	27:13	hydyn )mr lh pylTws l) $m( )nt km) shdyn msh:dyn (lyk,	ܩܪܒܘ ܥܒܕܐ ܠܘܬ ܡܪܗܘܢ ܘܐܡܪ̈ܝܢ ܠܗ ܡܪܢ ܠܐ ܙܪܥܐ ܛܒܐ ܙܪܥܬ ܒܩܪܝܬܟ ܡܢ ܐܝܡܟܐ ܒܗ ܙܝܙܢܐ
Matthew	Sinaiticus	27:14	hw dyn ptgm l) yhb lh wTb mtdmr hw) hgmwn),	ܘܝܫܘܥ ܡܚܕܐ ܡܠܠ ܥܡܗܘܢ ܘܐܡܪ ܬܪܣܘ ܐܢܐ ܐܢܐ ܠܐ ܬܕܚܠܘܢ
Matthew	Sinaiticus	27:15	bkl (d(yd) dyn m(d hw) hgmwn) dnhw) $r) l(m) )syr) xd )yn) dhnwn cbyn hww,	ܐܡܪܐ ܠܗ ܐܝܢ ܡܪܝ ܐܦ ܟܠܒ̈ܐ ܐܟܠܝܢ ܡܢ ܦܬܘܪ̈ܐ ܕܡܪ̈ܝܗܘܢ ܘܚܝܝܢ܂
Matthew	Sinaiticus	27:16	w)syr hw) lhwn gbr) xd ydy() d$mh hw) y$w( br )b), )rm) hw) byt )syr:) mTl by$:t) d(bd hw) wqTl hw) qTl),	
Matthew	Sinaiticus	27:17	wkd kny$yn klhwn yhwdy) )mr lhwn pylTws, lmn cbyn )ntwn d)$r) lkwn, ly$w( br )b) )w ly$w( dmtqr) m$yx),	ܕܠܐ ܕܝܢ ܢܟܫܠ ܐܢܘܢ܂ ܐܙܠ ܐܪܡܐ ܨܢܪܬܐ ܒܝܡܐ ܘܢܘܢܐ ܩܕܡܝܐ ܕܣܠܩ ܣܒ ܘܦܬܚ ܦܘܡܗ܂ ܘܬܫܟܚ ܬܡܢ ܐܣܬܪܐ ܗܒ ܠܗܘܢ ܚܠܦܝ ܘܚܠܦܝܟ܂
Matthew	Sinaiticus	27:18	yd( hw) gyr dmTl xsm) hw )$lmwhy lh,	ܘܐܬܪܚܡ ܥܠܘܗܝ ܘܫܪܝܗܝ ܘܐܦ ܚܘܒܬܐ ܫܒܩ ܠܗ
Matthew	Sinaiticus	27:19	wkd hw ytb (l bym, $lx) lh )ntth, w)mr) lh l) lk wlhw zdyq), sgy gyr x$t ywmn) bxlmy mTwlth%	ܗܝܕܝܢ ܥܢܐ ܫܡܥܘܢ ܟܐܦܐ ܘܐܡܪ ܠܗ ܐܢܚܢܢ ܫܒܩܢ ܠܟܘܠ ܡܕܡ ܘܐܬܝܢ ܒܬܪܟ ܡܢܐ ܟܝ ܢܗܘܐ ܠܢ
Matthew	Sinaiticus	27:20	r:by khn) dyn wq$y$) )psw l(m) dn$)lwn lbr )b), wnwbdwn ly$w(,	
Matthew	Sinaiticus	27:21	(n) hgmwn) w)mr lhwn lmn cbyn )ntwn d)$r) lkwn )mryn lh lbr )b)	ܘܥܢܘ ܘܐܡܪ̈ܝܢ ܠܝܫܘܥ܂ ܠܐ ܝܕܥܝܢ ܐܢܚܢܢ ܐܡܪ ܠܗܘܢ ܐܦ ܗܘ ܐܦܠܐ ܐܢܐ ܐܡܪܢܐ ܠܟܘܢ ܒܐܝܢܐ ܫܘܠܛܢ ܥܒܕܢܐ ܗܠܝܢ
Matthew	Sinaiticus	27:22	)mr lhwn pylTws wmn) )(bd ly$w( dmtqr) m$yx) )mryn klhwn nzdqp	ܒܐܚܪܝܬܐ ܕܟܠܗܘܢ ܡܝܬܬ ܗܝ ܐܢܬܬܐ
Matthew	Sinaiticus	27:25	w(n) kwlh (m) w)mrw dmh dhn) (lyn w(l bn:yn	܂܂܂ ܂܂܂ ܂܂܂ ܕܝܢ ܂܂܂ ܂܂܂ ܂܂܂ ܂܂܂ ܥܠ ܂܂܂ ܂܂܂ ܂܂܂ ܂܂܂ ܂܂܂ ܕܝܢ ܂܂܂ ܂܂܂ ܂܂܂ ܂܂܂ ܂܂܂
Matthew	Sinaiticus	27:27	hydyn )sTr:TywT) dhgmwn) )(lwhy ly$w( lprTwryn, wkn$w (lwhy kn$)	ܗܝܕܝܢ ܐܣܛܪ̈ܛܝܘܛܐ ܕܗܓܡܘܢܐ ܐܥܠܘܗܝ ܠܝܫܘܥ ܠܦܪܛܘܪܝܢ܂ ܘܟܢܫܘ ܥܠܘܗܝ ܟܢܫܐ
Matthew	Sinaiticus	27:29	wgdlw klyl) dkw:b) wsmw bry$h w)wxdw qny) bymynh wbrkw (l bwrkyhwn qdmwhy wmbzxyn hww bh, w)mryn $lm lk mlk) dyhwdy),	
Matthew	Sinaiticus	27:30	wr:qw b)p:why w$qlw qny) wmxyn hww lh (l ry$h	
Matthew	Sinaiticus	27:31	wkd bzxw bh )$lxwhy nxt) hnwn dlby$ hw) w)lb$why nx:twhy wdbrwhy w)zlw lmzqph,	
Matthew	Sinaiticus	27:33	w)tw l)tr) dmtqr) ggwlt)	
Matthew	Sinaiticus	27:36	wytbyn hww wnTryn tmn	
Matthew	Sinaiticus	27:37	kd hnwn ytbyn, ktbw sklwt) smw (l ry$h y$w( mlk) dyh:wdy)%	
Matthew	Sinaiticus	27:38	hydyn )zdqpw (mh tr:yn (b:dy by$:t) xd mn ymynh wxd mn smlh	
Matthew	Sinaiticus	27:39	whnwn d(bryn hww mgdpyn hww (lwhy wmnydyn br:$yhwn	
Matthew	Sinaiticus	27:40	w)mr:yn str hykl) wbn) lh ltlt:) ywm:yn )n brh )nt d)lh) )x) np$k wxwt mn zqyp),	
Matthew	Sinaiticus	27:41	w)p r:by khn:) )yk spr:) wpr:y$) mbzxyn hww bh wmx:sdyn hww lh	
Matthew	Sinaiticus	27:42	w)mr:yn dl)xr:n) mx), np$h l) m$kx hw) lmxyw )n mlk) hw d)ysr)yl nxwt h$) mn zqyp) wnhymn bh	
Matthew	Sinaiticus	27:43	h) tkyl hw) (l )lh) nplTywhy h$) )n cb) bh )mr gyr dbrh )n) d)lh),	
Matthew	Sinaiticus	27:44	w)p hnwn (b:dy by$t) d)zdqpw (mh )yk $rk) mxsdyn hww lh,	
Matthew	Sinaiticus	27:45	wmn $t $(:yn hw) x$wk) (l kwlh )r() (dm) l$:() t$:(,	
Matthew	Sinaiticus	27:46	wbt$:( $:(yn g() y$w( bql) rb) w)mr )ly )ly lmn) $bqtny%	
Matthew	Sinaiticus	27:47	w)n$) hnwn dqymyn hww tmn kd $m(w )mryn hn) l)ly) qr),	
Matthew	Sinaiticus	27:48	wbh b$(t) rhT xd mnhwn wnsb spwg) wcb(h bxl) wqTr bqny) w)w$T lh lm$t),	
Matthew	Sinaiticus	27:49	)xrn) dyn )mryn $bwqw nxz) )n )t) )ly) wmx) lh	
Matthew	Sinaiticus	27:50	y$w( dyn q() bql) rm) wslqt rwxh	
Matthew	Sinaiticus	27:51	wbh b$(t) )cTry ):py tr() dbyt mqd$) mn d(l ry$, w)tzy(t )r() w)cTry k)p:)	
Matthew	Sinaiticus	27:52	w)tptxw byt qbwr:), ws:gy)) pgr:) dzdyq) )ylyn d$kybyn qmw	
Matthew	Sinaiticus	27:53	wnpqw mn byt qbwr:) mn btr qymth )tw lmdynt qwd$) w)txzyw ls:gy))%	
Matthew	Sinaiticus	27:54	qnTrwn) dyn w)ylyn dnTryn hww (mh ly$w( kd xzw zw() w)ylyn dhwy dxlw Tb, w)mr:yn $ryr)yt hn) brh hw d)lh)%	
Matthew	Sinaiticus	27:55	w)yt h:wy tmn n$:) sgy):t) wmn rwxq) xzyn hwy )ylyn d)tyn hwy btr y$w( mn glyl) wm$m:$n hwy lh	
Matthew	Sinaiticus	27:56	mrym mgdlyt) wmrym brt y(qwb w)mh dywsp w)mhwn db:ny zbdy	
Matthew	Sinaiticus	27:57	wkd hw) rm$) qrb gbr) xd (tyr) mn rmt) w$mh ywsp w)p hw tlmyd) hw) dy$w(	
Matthew	Sinaiticus	27:58	hn) qrb lpylTws w$)l pgrh dy$w( wpqd pylTws dntyhb lh,	
Matthew	Sinaiticus	27:60	wsmh byt qbwr) xdt) dylh nqyr) dnqyr hw) lh b$w() w)rmy k)p) xd) rbt) (l tr() dbyt qbwr) w)zl%	
Matthew	Sinaiticus	27:61	w)yt hwy tmn mrym mgdlyt) wmrym )xrt) ytbn hwy lqblh dbyt qbwr),	
Matthew	Sinaiticus	27:64	)l) pqd mzdhryn bqbr) (dm) ltlt) ywmyn, dl) n)twn tlmydwhy blly) wngbwnh wn)mrwn l(m) dqm lh mn byt my:t) wthw) by$) Tw(yy )xryt) mn qdmyt)%	
Matthew	Sinaiticus	28:01	brm$) dyn b$bt) dngh xd b$b) )tt mrym mgdlyt) wmrym )xrt) dnxzyn qbr)	
Matthew	Sinaiticus	28:02	wh) hw) zw() rb) mTl dml)kh dmry) nxt mn $my), w(gl lk)p) wytb l(l mnh	
Matthew	Sinaiticus	28:03	wdm) hw) xzwh lbrq) wlbw$h )yk tlg)	
Matthew	Sinaiticus	28:04	wmn dxlth )tzy(w hnwn dnTryn hww )yk my:t)	
Matthew	Sinaiticus	28:06	l) hw) hrk) qm lh )ykn) d)mr lkyn tyn xzyn dwkt) hy dsym hw) bh,	
Matthew	Sinaiticus	28:07	)zlyn b(gl w)mryn ltlmydwhy dqm wh) mqdm lkwn lglyl) tmn	
