section	verse	gospel_refs	text
I	1	John i. 1	In the beginning was the Word, and the Word was with God, and God is the
I	2,3	John i. 2; John i. 3	Word. This was in the beginning with God. Everything was by his hand, and
I	4	John i. 4	without him not even one existing thing was made. In him was life, and the life
I	5	John i. 5	is the light of men. And the light shineth in the darkness, and the darkness apprehended it not.
I	6	Luke i. 5	There was in the days of Herod the king a priest whose name was Zacharias, of the family of Abijah; and his wife was of the daughters of Aaron, and her name
I	7	Luke i. 6	was Elizabeth. And they were both righteous before God, walking in all his commands,
I	8	Luke i. 7	and in the uprightness of God without reproach. And they had no son, for
I	9	Luke i. 8	Elizabeth was barren, and they had both advanced in age. And while he discharged
I	10	Luke i. 9	the duties of priest in the order of his service before God, according to the custom of the priesthood it was his turn to burn incense; so he entered the
I	11	Luke i. 10	temple of the Lord. And the whole gathering of the people were praying without at the
I	12	Luke i. 11	time of the incense. And there appeared unto Zacharias the angel of the Lord, standing
I	13	Luke i. 12	at the right of the altar of incense; and Zacharias was troubled when he saw him,
I	14	Luke i. 13	and fear fell upon him. But the angel said unto him, Be not agitated, Zacharias, for thy prayer is heard, and thy wife Elizabeth shall bear thee a son, and thou shalt
I	15	Luke i. 14	call his name John; and thou shalt have joy and gladness, and many shall rejoice
I	16	Luke i. 15	at his birth. And he shall be great before the Lord, and shall not drink wine nor strong drink, and he shall be filled with the Holy Spirit while he is in his mother’s
I	17	Luke i. 16	womb. And he shall turn back many of the children of Israel to the Lord their
I	18	Luke i. 17	God. And he shall go before him in the spirit, and in the power of Elijah the prophet, to turn back the heart of the fathers to the sons, and those that obey not to the knowledge of the righteous; and to prepare for the Lord a perfect people.
I	19	Luke i. 18	And Zacharias said unto the angel, How shall I know this, since I am an old man
I	20	Luke i. 19	and my wife is advanced in years? And the angel answered and said unto him, I am Gabriel, that standeth before God; and I was sent to speak unto thee, and give
I	21	Luke i. 20	thee tidings of this. Henceforth thou shalt be speechless, and shalt not be able to speak until the day in which this shall come to pass, because thou didst not trust
I	22	Luke i. 21	this my word, which shall be accomplished in its time. And the people were standing awaiting Zacharias, and they were perplexed at his delaying in the temple.
I	23	Luke i. 22	And when Zacharias went out, he was not able to speak unto them: so they knew that he had seen in the temple a vision; and he made signs unto them, and
I	24	Luke i. 23	continued dumb. And when the days of his service were completed, he departed to his dwelling.
I	25	Luke i. 24	And after those days Elizabeth his wife conceived; and she hid herself five
I	26	Luke i. 25	months, and said, This hath the Lord done unto me in the days when he looked upon me, to remove my reproach from among men.
I	27	Luke i. 26	And in the sixth month Gabriel the angel was sent from God to Galilee to a
I	28	Luke i. 27	city called Nazareth, to a virgin given in marriage to a man named Joseph, of the
I	29	Luke i. 28	house of David; and the virgin’s name was Mary. And the angel entered unto her and said unto her, Peace be unto thee, thou who art filled with grace. Our Lord
I	30	Luke i. 29	is with thee, thou blessed amongst women. And she, when she beheld, was agitated
I	31	Luke i. 30	at his word, and pondered what this salutation could be. And the angel said unto
I	32	Luke i. 31	her, Fear not, Mary, for thou hast found favour with God. Thou shalt now conceive,
I	33	Luke i. 32	and bear a son, and call his name Jesus. This shall be great, and shall be called the Son of the Most High; and the Lord God will give him the throne of
I	34	Luke i. 33	David his father: and he shall rule over the house of Jacob for ever; and to his
I	35	Luke i. 34	kingdom there shall be no end. Mary said unto the angel, How shall this be to
I	36	Luke i. 35	me when no man hath known me? The angel answered and said unto her, The Holy Spirit will come, and the power of the Most High shall rest upon thee, and therefore shall he that is born of thee be pure, and shall be called the Son
I	37	Luke i. 36	of God. And lo, Elizabeth thy kinswoman, she also hath conceived a son in her old
I	38	Luke i. 37	age; and this is the sixth month with her, her that is called barren. For nothing is
I	39	Luke i. 38	difficult for God. Mary said, Lo, I am the handmaid of the Lord; let it be unto me according unto thy word. And the angel departed from her.
I	40	Luke i. 39	And then Mary arose in those days and went in haste into the hill country, to a
I	41	Luke i. 40	city of Judah; and entered into the house of Zacharias, and asked for the health of
I	42	Luke i. 41	Elizabeth. And when Elizabeth heard the salutation of Mary, the babe leaped in
I	43	Luke i. 42	her womb. And Elizabeth was filled with the Holy Spirit; and cried with a loud voice and said unto Mary, Blessed art thou amongst women, and blessed is the
I	44	Luke i. 43	fruit that is in thy womb. Whence have I this privilege, that the mother of my
I	45	Luke i. 44	Lord should come unto me? When the sound of thy salutation reached my ears,
I	46	Luke i. 45	with great joy rejoiced the babe in my womb. And blessed is she who believed
I	47	Luke i. 46	that what was spoken to her from the Lord would be fulfilled. And Mary said, My soul doth magnify the Lord,
I	48	Luke i. 47	And my spirit hath rejoiced in God my Saviour,
I	49	Luke i. 48	Who hath looked upon the low estate of his handmaiden: Lo, henceforth, all generations shall pronounce blessing on me.
I	50	Luke i. 49	For he hath done great things for me, who is mighty, And holy is his name.
I	51	Luke i. 50	And his mercy embraceth them who fear him, Throughout the ages and the times.
I	52	Luke i. 51	He wrought the victory with his arm, And scattered them that prided themselves in their opinions.
I	53	Luke i. 52	He overthrew them that acted haughtily from their thrones, And raised the lowly.
I	54	Luke i. 53	He satisfied with good things the hungry, And left the rich without anything.
I	55	Luke i. 54	He helped Israel his servant, And remembered his mercy
I	56	Luke i. 55	(According as he spake with our fathers) Unto Abraham and unto his seed for ever.
I	57	Luke i. 56	And Mary abode with Elizabeth about three months, and returned unto her house.
I	58, 59	Luke i. 57; Luke i. 58	And Elizabeth’s time of delivery was come; and she brought forth a son. And her neighbours and kinsfolk heard that God had multiplied his mercy towards her;
I	60	Luke i. 59	and they rejoiced with her. And when it was the eighth day, they came to circumcise the child, and called him Zacharias, calling him by the name of his father.
I	61	Luke i. 60	And his mother answered and said unto them, Not so; but he shall be called John.
I	62	Luke i. 61	And they said unto her, There is no man of thy kindred that is called by this name.
I	63, 64	Luke i. 62; Luke i. 63	And they made signs to his father, saying, How dost thou wish to name him? And he asked for a tablet, and wrote and said, His name is John. And every one wondered.
I	65	Luke i. 64	And immediately his mouth was opened, and his tongue, and he spake and
I	66	Luke i. 65	praised God. And fear fell on all their neighbours: and this was spoken of in all
I	67	Luke i. 66	the mountains of Judah. And all who heard pondered in their hearts and said, What shall this child be? And the hand of the Lord was with him.
I	68	Luke i. 67	And Zacharias his father was filled with the Holy Spirit, and prophesied and said,
I	69	Luke i. 68	Blessed is the Lord, the God of Israel, Who hath cared for his people, and wrought for it salvation;
I	70	Luke i. 69	And hath raised for us the horn of salvation In the house of David his servant
I	71	Luke i. 70	(As he spake by the mouth of his holy prophets from eternity),
I	72	Luke i. 71	That he might save us from our enemies, And from the hand of all them that hate us.
I	73	Luke i. 72	And he hath performed his mercy towards our fathers, And remembered his holy covenants,
I	74	Luke i. 73	And the oath which he sware unto Abraham our father,
I	75	Luke i. 74	That he would give us deliverance from the hand of our enemies, And without fear we shall serve before him
I	76	Luke i. 75	All our days with equity and righteousness.
I	77	Luke i. 76	And as for thee, O child, prophet of the Most High shalt thou be called. Thou shalt go forth before the face of the Lord to prepare his way,
I	78	Luke i. 77	To give the knowledge of salvation unto his people, For the forgiveness of their sins,
I	79	Luke i. 78	Through the mercy of the compassion of our God, With which he careth for us, to appear from on high
I	80	Luke i. 79	To give light to them that sit in darkness and under the shadow of death, And to set straight our feet in the way of peace.
I	81	Luke i. 80	And the child grew and became strong in the spirit, and abode in the desert until the time of his appearing unto the children of Israel. Footnotes[edit]
II	1	Matt. i. 18	Now the birth of Jesus the Messiah was on this wise: In the time when his mother was given in marriage to Joseph, before they came together,
II	2	Matt. i. 19	she was found with child of the Holy Spirit. And Joseph her husband was a just man and did not wish to expose her, and he purposed to put her away secretly.
II	3	Matt. i. 20	But when he thought of this, the angel of the Lord appeared unto him in a dream, and said unto him, Joseph, son of David, fear not to take Mary thy wife, for that
II	4	Matt. i. 21	which is begotten in her is of the Holy Spirit. She shall bear a son, and thou shalt
II	5	Matt. i. 22	call his name Jesus, and he shall save his people from their sins. And all this was that the saying from the Lord by the prophet might be fulfilled:
II	6	Matt. i. 23	Behold, the virgin shall conceive, and bear a son, And they shall call his name Immanuel,
II	7	Matt. i. 24	which is, being interpreted, With us is our God. And when Joseph arose from his
II	8	Matt. i. 25	sleep, he did as the angel of the Lord commanded him, and took his wife; and knew her not until she brought forth her firstborn son.
II	9	Luke ii. 1	And in those days there went forth a decree from Augustus Cæsar that all the
II	10	Luke ii. 2	people of his dominion should be enrolled. This first enrolment was while Quirinius
II	11, 12	Luke ii. 3; Luke ii. 4	was governor of Syria. And every man went to be enrolled in his city. And Joseph went up also from Nazareth, a city of Galilee, to Judæa, to the city of David
II	13	Luke ii. 5	which is called Bethlehem (for he was of the house of David and of his tribe), with
II	14	Luke ii. 6	Mary his betrothed, she being with child, to be enrolled there. And while
II	15	Luke ii. 7	she was there the days for her being delivered were accomplished. And she brought forth her firstborn son; and she wrapped him in swaddling cloths and laid him in a manger, because there was no place for them where they were staying.
II	16	Luke ii. 8	And there were in that region shepherds abiding, keeping their flock in the watch
II	17	Luke ii. 9	of the night. And behold, the angel of God came unto them, and the glory of the
II	18	Luke ii. 10	Lord shone upon them; and they were greatly terrified. And the angel said unto them, Be not terrified; for I bring you tidings of great joy which shall be to the
II	19	Luke ii. 11	whole world; there is born to you this day a Saviour, which is the Lord the Messiah,
II	20	Luke ii. 12	in the city of David. And this is a sign for you: ye shall find a babe wrapped
II	21	Luke ii. 13	in swaddling cloths and laid in a manger. And there appeared with the angels suddenly many heavenly forces praising God and saying,
II	22	Luke ii. 14	Praise be to God in the highest, And on the earth peace, and good hope to men.
II	23	Luke ii. 15	And when the angels departed from them to heaven, the shepherds spake to one another and said, We will go to Bethlehem and see this word which hath been, as
II	24	Luke ii. 16	the Lord made known unto us. And they came with haste, and found Mary and
II	25	Luke ii. 17	Joseph, and the babe laid in a manger. And when they saw, they reported the word
II	26	Luke ii. 18	which was spoken to them about the child. And all that heard wondered at the
II	27	Luke ii. 19	description which the shepherds described to them. But Mary kept these sayings
II	28	Luke ii. 20	and discriminated them in her heart. And those shepherds returned, magnifying and praising God for all that they had seen and heard, according as it was described unto them.
II	29	Luke ii. 21	And when eight days were fulfilled that the child should be circumcised, his name was called Jesus, being that by which he was called by the angel before his conception in the womb.
II	30	Luke ii. 22	And when the days of their purification according to the law of Moses were
II	31	Luke ii. 23	completed, they took him up to Jerusalem to present him before the Lord (as it is written in the law of the Lord, Every male opening the womb shall be called the
II	32	Luke ii. 24	holy thing of the Lord), and to give a sacrificial victim as it is said in the law of
II	33	Luke ii. 25	the Lord, A pair of doves or two young pigeons. And there was in Jerusalem a man whose name was Simeon; and this man was upright and pious, and expecting
II	34	Luke ii. 26	the consolation of Israel; and the Holy Spirit was upon him. And it had been said unto him by the Holy Spirit, that he should not see death till he had seen with
II	35	Luke ii. 27	his eyes the Messiah of the Lord. And this man came by the Spirit to the temple; and at the time when his parents brought in the child Jesus, that they might
II	36	Luke ii. 28	present for him a sacrifice, as it is written in the law, he bare him in his arms and praised God and said,
II	37	Luke ii. 29	Now loosest thou the bonds of thy servant, O Lord, in peace, According to thy saying;
II	38	Luke ii. 30	For mine eye hath witnessed thy mercy,
II	39	Luke ii. 31	Which thou hast made ready because of the whole world;
II	40	Luke ii. 32	A light for the unveiling of the nations, And a glory to thy people Israel.
II	41	Luke ii. 33	And Joseph and his mother were marvelling at the things which were being said
II	42	Luke ii. 34	concerning him. And Simeon blessed them and said to Mary his mother, Behold, he is set for the overthrow and rising of many in Israel; and for a sign of contention;
II	43	Luke ii. 35	and a spear shall pierce through thine own soul; that the thoughts of the
II	44	Luke ii. 36	hearts of many may be revealed. And Anna the prophetess, the daughter of Phanuel, of the tribe of Asher, was also advanced in years (and she dwelt
II	45	Luke ii. 37	with her husband seven years from her virginity, and she remained a widow about eighty-four years); and she left not the temple, and served night and day with
II	46	Luke ii. 38	fasting and prayer. And she also rose in that hour and thanked the Lord, and she
II	47	Luke ii. 39	spake of him with every one who was expecting the deliverance of Jerusalem. And when they had accomplished everything according to what is in the law of the Lord, they returned to Galilee, to Nazareth their city. Footnotes[edit]
III	1, 2	Matt. ii. 1; Matt. ii. 2	And after that, the Magi came from the east to Jerusalem, and said, Where is the King of the Jews which was born? We have seen his star in the east, and have
III	3	Matt. ii. 3	come to worship him. And Herod the king heard, and he was troubled, and all
III	4	Matt. ii. 4	Jerusalem with him. And he gathered all the chief priests and the scribes of the
III	5	Matt. ii. 5	people, and asked them in what place the Messiah should be born. They said, In Bethlehem of Judæa: thus it is written in the prophet,
III	6	Matt. ii. 6	Thou also, Bethlehem of Judah, Art not contemptible among the kings of Judah: From thee shall go forth a king, And he shall be a shepherd to my people Israel.
III	7	Matt. ii. 7	Then Herod called the Magi secretly, and inquired of them the time at which
III	8	Matt. ii. 8	the star appeared to them. And he sent them to Bethlehem, and said unto them, Go and search about the child diligently; and when ye have found him, come and
III	9	Matt. ii. 9	make known to me, that I also may go and worship him. And they, when they heard the king, departed; and lo, the star which they had seen in the east went before them, until it came and stood above the place where the child
III	10, 11	Matt. ii. 10; Matt. ii. 11	was. And when they beheld the star, they rejoiced with very great joy. And they entered the house and beheld the child with Mary his mother, and fell down worshipping him, and opened their saddle-bags and offered to him offerings, gold and
III	12	Matt. ii. 12	myrrh and frankincense. And they saw in a dream that they should not return to Herod, and they travelled by another way in going to their country.
III	13	Matt. ii. 13	And when they had departed, the angel of the Lord appeared in a dream to Joseph, and said unto him, Rise, take the child and his mother, and flee into Egypt, and be thou there until I speak to thee; for Herod is determined to seek the child
III	14	Matt. ii. 14	to slay him. And Joseph arose and took the child and his mother in the night, and
III	15	Matt. ii. 15	fled into Egypt, and remained in it until the time of the death of Herod: that that might be fulfilled which was said by the Lord in the prophet, which said, From
III	16	Matt. ii. 16	Egypt did I call my son. And Herod then, when he saw that he was mocked of the Magi, was very angry, and sent and killed all the male children which were in Bethlehem and all its borders, from two years old and under, according to the time
III	17	Matt. ii. 17	which he had inquired from the Magi. Then was fulfilled the saying in Jeremiah the prophet, which said,
III	18	Matt. ii. 18	A voice was heard in Ramah, Weeping and much lamentation; Rachel weeping for her children, And not willing to be consoled for their loss.
III	19	Matt. ii. 19	But when Herod the king died, the angel of the Lord appeared in a dream to
III	20	Matt. ii. 20	Joseph in Egypt, and said unto him, Rise and take the child and his mother, and go into the land of Israel; for they have died who sought the child’s life.
III	21	Matt. ii. 21	And Joseph rose and took the child and his mother, and came to the land
III	22	Matt. ii. 22	of Israel. But when he heard that Archelaus had become king over Judæa instead of Herod his father, he feared to go thither; and he saw in a dream that he should
III	23	Matt. ii. 23	go into the land of Galilee, and that he should abide in a city called Nazareth: that the saying in the prophet might be fulfilled, that he should be called a Nazarene.
III	24	Luke ii. 40	And the child grew, and became strong in spirit, becoming filled with wisdom; and the grace of God was upon him.
III	25	Luke ii. 41	And his kinsfolk used to go every year to Jerusalem at the feast of the passover.
III	26	Luke ii. 42	And when he was twelve years old, they went up according to their custom,
III	27	Luke ii. 43	to the feast. And when the days were accomplished, they returned; and the child
III	28	Luke ii. 44	Jesus remained in Jerusalem, and Joseph and his mother knew not: and they supposed that he was with the children of their company. And when they had gone one day’s journey, they sought him beside their people and those who knew them,
III	29	Luke ii. 45	and they found him not; so they returned to Jerusalem and sought him again.
III	30	Luke ii. 46	And after three days they found him in the temple, sitting in the midst of the teachers,
III	31	Luke ii. 47	hearing them and asking them questions; and all who heard him wondered at
III	32	Luke ii. 48	his wisdom and his words. And when they saw him they wondered, and his mother said unto him, My son, why hast thou dealt with us thus? behold, I and thy father
III	33	Luke ii. 49	have been seeking for thee with much anxiety. And he said unto them, Why were
III	34	Luke ii. 50	ye seeking me? know ye not that I must be in the house of my Father? And they
III	35	Luke ii. 51	understood not the word which he spake unto them. And he went down with them, and came to Nazareth; and he was obedient to them: and his mother used to keep all these sayings in her heart.
III	36	Luke ii. 52	And Jesus grew in his stature and wisdom, and in grace with God and men.
III	37	Luke iii. 1	And in the fifteenth year of the reign of Tiberius Cæsar, when Pontius Pilate was governor in Judæa, and one of the four rulers, Herod, in Galilee; and Philip his brother, one of the four rulers, in Ituræa and in the district of Trachonitis; and
III	38	Luke iii. 2	Lysanias, one of the four rulers, in Abilene; in the chief-priesthood of Annas and Caiaphas, the command of God went forth to John the son of Zacharias in the
III	39	Luke iii. 3	desert. And he came into all the region which is about Jordan, proclaiming the
III	40	Matt. iii. 1	baptism of repentance unto the forgiveness of sins. And he was preaching in the
III	41	Matt. iii. 2	wilderness of Judæa, and saying, Repent ye; the kingdom of heaven is come near.
III	42	Matt. iii. 3	This is he that was spoken of in Isaiah the prophet, The voice which crieth in the desert,
III	43	Luke iii. 4	Prepare ye the way of the Lord, And make straight in the plain, paths for our God.
III	44	Luke iii. 5	All the valleys shall become filled, And all the mountains and hills shall become low; And the rough shall become plain, And the difficult place, easy;
III	45	Luke iii. 6	And all flesh shall see the salvation of God.
III	46	John i. 7	This man came to bear witness, that he might bear witness to the light, that
III	47	John i. 8	every man might believe through his mediation. He was not the light, but that he
III	48	John i. 9	might bear witness to the light, which was the light of truth, that giveth light to
III	49	John i. 10	every man coming into the world. He was in the world, and the world was made
III	50		by him, and the world knew
III	51	John i. 11; John i. 12	him not. He came unto his own, and his own received him not. And those who received him, to them gave he the power that they might
III	52	John i. 13	be sons of God,—those which believe in his name: which were born, not of blood,
III	53	John i. 14	nor of the will of the flesh, nor of the will of a man, but of God. And the Word became flesh, and took up his abode among us; and we saw his glory as the glory
III	54	John i. 15	of the only Son from the Father, which is full of grace and equity. John bare witness of him, and cried, and said, This is he that I said cometh after me and
III	55	John i. 16	was before me, because he was before me. And of his fullness received
III	56	John i. 17	we all grace for grace. For the law was given through the mediation of Moses, but truth and grace were through Jesus Christ. Footnotes[edit]
IV	1	John i. 18	No man hath seen God at any time; the only Son, God, which is in the bosom of his Father, he hath told of him.
IV	2	John i. 19	And this is the witness of John when the Jews sent to him from Jerusalem priests
IV	3	John i. 20	and Levites to ask him, Who art thou? And he acknowledged, and denied not;
IV	4	John i. 21	and he confessed that he was not the Messiah. And they asked him again, What then? Art thou Elijah? And he said, I am not he. Art thou a prophet? He
IV	5	John i. 22	said, No. They said unto him, Then who art thou? that we may answer them that
IV	6	John i. 23	sent us. What sayest thou of thyself? And he said, I am the voice that crieth in
IV	7	John i. 24	the desert, Repair ye the way of the Lord, as said Isaiah the prophet. And they
IV	8	John i. 25	that were sent were from the Pharisees. And they asked him and said unto him, Why baptizest thou now, when thou art not the Messiah, nor Elijah, nor a prophet?
IV	9	John i. 26	John answered and said unto them, I baptize with water: among you is standing
IV	10	John i. 27	one whom ye know not: this is he who I said cometh after me and was before
IV	11	John i. 28	me, the latchets of whose shoes I am not worthy to unloose. And that was in Bethany beyond Jordan, where John was baptizing.
IV	12	Matt. iii. 4	Now John’s raiment was camel’s hair, and he was girded with skins, and his food
IV	13	Matt. iii. 5	was of locusts and honey of the wilderness. Then went out unto him the people of Jerusalem, and all Judæa, and all the region which is about the
IV	14, 15	Matt. iii. 6; Matt. iii. 7	Jordan; and they were baptized of him in the river Jordan, confessing their sins. But when he saw many of the Pharisees and Sadducees coming to be baptized, he said unto them, Ye children of vipers, who hath led you to flee from the wrath to come?
IV	16, 17	Matt. iii. 8; Matt. iii. 9	Do now the fruits which are worthy of repentance; and think and say not within yourselves, We have a father, even Abraham; for I say unto you, that God is able to
IV	18	Matt. iii. 10	raise up of these stones children unto Abraham. Behold, the axe hath been laid at the roots of the trees, and so every tree that beareth not good fruit shall be taken and
IV	19	Luke iii. 10	cast into the fire. And the multitudes were asking him and saying, What shall we do?
IV	20	Luke iii. 11	He answered and said unto them, He that hath two tunics shall give to him that
IV	21	Luke iii. 12	hath not; and he that hath food shall do likewise. And the publicans also came
IV	22	Luke iii. 13	to be baptized, and they said unto him, Teacher, what shall we do? He said unto
IV	23	Luke iii. 14	them, Seek not more than what ye are commanded to seek. And the servants of the guard asked him and said, And we also, what shall we do? He said unto them, Do not violence to any man, nor wrong him; and let your allowances satisfy you.
IV	24	Luke iii. 15	And when the people were conjecturing about John, and all of them thinking
IV	25	Luke iii. 16	in their hearts whether he were haply the Messiah, John answered and said unto them, I baptize you with water; there cometh one after me who is stronger than I, the latchets of whose shoes I am not worthy to loosen; he will baptize you with the
IV	26	Luke iii. 17	Holy Spirit and fire: who taketh the fan in his hand to cleanse his threshing-floors, and the wheat he gathereth into his garners, while the straw he shall burn in fire which can not be put out.
IV	27	Luke iii. 18	And other things he taught and preached among the people.
IV	28	Matt. iii. 13	Then came Jesus from Galilee to the Jordan to John, to be baptized of him.
IV	29	Luke iii. 23	And Jesus was about thirty years old, and it was supposed that he was the son of
IV	30	John i. 29	Joseph. And John saw Jesus coming unto him, and said, This is the Lamb of
IV	31	John i. 30	God, that taketh on itself the burden of the sins of the world! This is he concerning whom I said, There cometh after me a man who was before me, because he was
IV	32	John i. 31	before me. And I knew him not; but that he should be made manifest to Israel,
IV	33	Matt. iii. 14	for this cause came I to baptize with water. And John was hindering him and
IV	34	Matt. iii. 15	saying, I have need of being baptized by thee, and comest thou to me? Jesus answered him and said, Suffer this now: thus it is our duty to fulfill all righteousness.
IV	35	Luke iii. 21	Then he suffered him. And when all the people were baptized, Jesus also
IV	36	Matt. iii. 16	was baptized. And immediately he went up out of the water, and heaven opened
IV	37	Luke iii. 22	to him, and the Holy Spirit descended upon him in the similitude of the
IV	38	Matt. iii. 17	body of a dove; and lo, a voice from heaven, saying, This is my beloved
IV	39	John i. 32	Son, in whom I am well pleased. And John bare witness and said, I beheld the
IV	40	John i. 33	Spirit descend from heaven like a dove; and it abode upon him. But I knew him not; but he that sent me to baptize with water, he said unto me, Upon whomsoever thou shalt behold the Spirit descending and lighting upon him, the same is he that
IV	41	John i. 34	baptizeth with the Holy Spirit. And I have seen and borne witness that this is the Son of God.
IV	42, 43	Luke iv. 1; Mark i. 12; Mark i. 13	And Jesus returned from the Jordan, filled with the Holy Spirit. And immediately the Spirit took him out into the wilderness, to be tried of the devil; and he
IV	44	Matt. iv. 2; Luke iv. 2	was with the beasts. And he fasted forty days and forty nights. And he ate nothing
IV	45	Matt. iv. 2	in those days, and at the end of them he hungered. And the tempter came and said unto him, If thou art the Son of God, speak, and these stones shall become
IV	46	Matt. iv. 4	bread. He answered and said, It is written, Not by bread alone shall man live, but
IV	47	Matt. iv. 5	by every word that proceedeth out of the mouth of God. Then the devil brought
IV	48	Matt. iv. 6	him to the holy city, and set him on the pinnacle of the temple, and said unto him, If thou art the Son of God, cast thyself down: for it is written, He shall give his angels charge concerning thee: And they shall take thee on their arms, So that thy foot shall not stumble against a stone.
IV	49	Matt. iv. 7	Jesus said unto him, And it is written also, Thou shalt not tempt the Lord thy
IV	50	Luke iv. 5	God. And the devil took him up to a high mountain, and shewed him all the kingdoms
IV	51	Luke iv. 6	of the earth, and their glory, in the least time; and the devil said unto him, To thee will I give all this dominion, and its glory, which is delivered to
IV	52	Luke iv. 7	me that I may give it to whomsoever I will. If then thou wilt worship before me, all of it shall be thine. Footnotes[edit]
V	1	Matt. iv. 10	Jesus answered and said unto him, Get thee hence, Satan: for it is written, Thou
V	2	Luke iv. 13	shalt worship the Lord thy God, and him alone shalt thou serve. And when the
V	3	Matt. iv. 11	devil had completed all his temptations, he departed from him for a season. And behold, the angels drew near and ministered unto him.
V	4, 5	John i. 35; John i. 36	And next day John was standing, and two of his disciples; and he saw Jesus as
V	6	John i. 37	he was walking, and said, Behold, the Lamb of God! And his two disciples heard
V	7	John i. 38	him saying this, and they followed Jesus. And Jesus turned and saw them coming after him, and said unto them, What seek ye? They said unto him, Our master,
V	8	John i. 39	where art thou staying? And he said unto them, Come and see. And they came and saw his place, and abode with him that day: and it was about the tenth hour.
V	9	John i. 40	One of the two which heard from John, and followed Jesus, was Andrew the
V	10	John i. 41	brother of Simon. And he saw first Simon his brother, and said unto him, We have
V	11	John i. 42	found the Messiah. And he brought him unto Jesus. And Jesus looked upon him and said, Thou art Simon, son of Jonah: thou shalt be called Cephas.
V	12	John i. 43	And on the next day Jesus desired to go forth to Galilee, and he found Philip,
V	13	John i. 44	and said unto him, Follow me. Now Philip was of Bethsaida, of the city
V	14	John i. 45	of Andrew and Simon. And Philip found Nathanael, and said unto him, He of whom Moses did write in the law and in the prophets, we have found that
V	15	John i. 46	he is Jesus the son of Joseph of Nazareth. Nathanael said unto him, Is it possible that there can be any good thing from Nazareth? Philip said unto him, Come and
V	16	John i. 47	see. And Jesus saw Nathanael coming to him, and said of him, This is indeed a
V	17	John i. 48	son of Israel in whom is no guile. And Nathanael said unto him, Whence knowest thou me? Jesus said unto him, Before Philip called thee, while thou wast under the
V	18	John i. 49	fig tree, I saw thee. Nathanael answered and said unto him, My Master, thou art
V	19	John i. 50	the Son of God; thou art the King of Israel. Jesus said unto him, Because I said unto thee, I saw thee under the fig tree, hast thou believed? thou shalt see what is
V	20	John i. 51	greater than this. And he said unto him, Verily, verily, I say unto you, Henceforth ye shall see the heavens opened, and the angels of God ascending and descending upon the Son of man.
V	21	Luke iv. 14	And Jesus returned in the power of the Spirit to Galilee.
V	22	John ii. 1	And on the third day there was a feast in Cana, a city of Galilee; and the
V	23	John ii. 2	mother of Jesus was there: and Jesus also and his disciples were invited to the
V	24	John ii. 3	feast. And they lacked wine: and his mother said unto Jesus, They have no wine.
V	25	John ii. 4	And Jesus said unto her, What have I to do with thee, woman? hath not mine
V	26	John ii. 5	hour come? And his mother said unto the servants, What he saith unto you, do.
V	27	John ii. 6	And there were there six vessels of stone, placed for the Jews’ purification, such as
V	28	John ii. 7	would contain two or three jars. And Jesus said unto them, Fill the vessels
V	29	John ii. 8	with water. And they filled them to the top. He said unto them, Draw
V	30	John ii. 9	out now, and present to the ruler of the feast. And they did so. And when the ruler of the company tasted that water which had become wine, and knew not whence it was (but the servants knew, because they filled up the water), the ruler of the company called
V	31	John ii. 10	the bridegroom, and said unto him, Every man presenteth first the good wine, and on intoxication he bringeth what is poor; but thou hast kept the good wine until
V	32	John ii. 11	now. And this is the first sign which Jesus did in Cana of Galilee, and manifested
V	33	Luke iv. 14	his glory; and his disciples believed on him. And his fame spread in all the country
V	34	Luke iv. 15	which was around them. And he taught in their synagogues, and was glorified
V	35	Luke iv. 16	by every man. And he came to Nazareth, where he had been brought up, and entered, according to his custom, into the synagogue on the sabbath day, and stood
V	36	Luke iv. 17	up to read. And he was given the book of Isaiah the prophet. And Jesus opened the book and found the place where it was written,
V	37	Luke iv. 18	The Spirit of the Lord is upon me, And for this anointed he me, to preach good tidings to the poor; And he hath sent me to heal the broken-hearted, And to proclaim forgiveness to the evil-doers, and sight to the blind, And to bring the broken into forgiveness,
V	38	Luke iv. 19	And to proclaim an acceptable year of the Lord.
V	39	Luke iv. 20	And he rolled up the book and gave it to the servant, and went and sat down:
V	40	Luke iv. 21	and the eyes of all that were in the synagogue were observing him. And he began to say unto them, To-day hath this scripture been fulfilled which ye have heard with
V	41	Luke iv. 22	your ears. And they all bare him witness, and wondered at the words of grace which were proceeding from his mouth.
V	42	Matt. iv. 17	And from that time began Jesus to proclaim the gospel of the kingdom
V	43	Mark i. 15	of God, and to say, Repent ye, and believe in the gospel. The time is fulfilled, and the kingdom of heaven hath come near.
V	44	Matt. iv. 18	And while he was walking on the shore of the sea of Galilee, he saw two brethren, Simon who was called Cephas, and Andrew his brother, casting their nets into
V	45	Matt. iv. 19	the sea; for they were fishers. And Jesus said unto them, Follow me, and I will
V	46	Matt. iv. 20	make you fishers of men. And they immediately left their nets there and followed
V	47	Matt. iv. 21	him. And when he went on from thence, he saw other two brothers, James the son of Zebedee, and John his brother, in the ship with Zebedee their father, mending
V	48	Matt. iv. 22	their nets; and Jesus called them. And they immediately forsook the ship and their father Zebedee, and followed him.
V	49	Luke v. 1	And when the multitude gathered unto him to hear the word of God, while he
V	50	Luke v. 2	was standing on the shore of the sea of Gennesaret, he saw two boats standing beside the sea, while the two fishers which were gone out of them were washing their
V	51	Luke v. 3	nets. And one of them belonged to Simon Cephas. And Jesus went up and sat down in it, and commanded that they should move away a little from the land into
V	52	Luke v. 4	the water. And he sat down and taught the multitudes from the boat. And when he had left off his speaking, he said unto Simon, Put out into the deep, and cast your
V	53	Luke v. 5	net for a draught. And Simon answered and said unto him, My Master, we toiled
V	54	Luke v. 6	all night and caught nothing; now at thy word I will cast the net. And when they did this, there were enclosed a great many fishes; and their net was on the
V	55	Luke v. 7	point of breaking. And they beckoned to their comrades that were in the other boat, to come and help them. And when they came, they filled both boats, so that they were on the point of sinking. Footnotes[edit]
VI	1	Luke v. 8	But when Simon Cephas saw this he fell before the feet of Jesus, and said unto him, My Lord, I beseech of thee to depart from me, for I am
VI	2	Luke v. 9	a sinful man. And amazement took possession of him, and of all who were with him,
VI	3	Luke v. 10	because of the draught of the fishes which they had taken. And thus also were James and John the sons of Zebedee overtaken, who were Simon’s partners. And Jesus said
VI	4	Luke v. 11	unto Simon, Fear not; henceforth thou shalt be a fisher of men unto life. And they brought the boats to the land; and they left everything, and followed him.
VI	5	John iii. 22	And after that came Jesus and his disciples into the land of Judæa; and he went
VI	6	John iii. 23	about there with them, and baptized. And John also was baptizing in Ænon, which is beside Salim, because there was much water there: and they came, and were baptized.
VI	7, 8	John iii. 24; John iii. 25	And John was not yet come into prison. And there was an inquiry between
VI	9	John iii. 26	one of John’s disciples and one of the Jews about purifying. And they came unto John, and said unto him, Our master, he that was with thee beyond Jordan, to whom
VI	10	John iii. 27	thou hast borne witness, behold, he also baptizeth, and many come to him. John answered and said unto them, A man can receive nothing of himself, except it be
VI	11	John iii. 28	given him from heaven. Ye are they that bear witness unto me that I said, I am
VI	12	John iii. 29	not the Messiah, but I am one sent before him. And he that hath a bride is a bridegroom: and the friend of the bridegroom is he that standeth and listeneth to him, and rejoiceth greatly because of the bridegroom’s voice. Lo now, behold,
VI	13, 14	John iii. 30; John iii. 31	my joy becometh complete. And he must increase and I decrease. For he that is come from above is higher than everything; and he that is of the earth, of the earth he is, and of the earth he speaketh; and he that came down from heaven is
VI	15	John iii. 32	higher than all. And he beareth witness of what he hath seen and heard: and no man
VI	16	John iii. 33	receiveth his witness. And he that hath received his witness hath asserted that he is
VI	17	John iii. 34	truly God. And he whom God hath sent speaketh the words of God: God gave
VI	18	John iii. 35	not the Spirit by measure. The Father loveth the Son, and hath put everything in
VI	19	John iii. 36	his hands. Whosoever believeth in the Son hath eternal life; but whosoever obeyeth not the Son shall not see life, but the wrath of God cometh upon him.
VI	20	John iv. 1	And Jesus learned that the Pharisees had heard that he had received many disciples,
VI	21	John iv. 2	and that he was baptizing more than John (not that Jesus was himself baptizing,
VI	22	John iv. 3	but his disciples); and so he left Judæa.
VI	23	Luke iii. 19	And Herod the governor, because he used to be rebuked by John because of Herodias the wife of Philip his brother, and for all the sins which he was committing,
VI	24	Luke iii. 20	added to all that also this, that he shut up John in prison.
VI	25	Matt. iv. 12	And when Jesus heard that John was delivered up, he went away to Galilee.
VI	26	John iv. 46	And he entered again into Cana, where he had made the water wine. And there
VI	27	John iv. 47	was at Capernaum a king’s servant, whose son was sick. And this man heard that Jesus was come from Judæa to Galilee; and he went to him, and besought of him that he would come down and heal his son; for he had come near unto death.
VI	28, 29	John iv. 48; John iv. 49	Jesus said unto him, Except ye see signs and wonders, ye do not believe. The king’s servant said unto him, My Lord, come down, that the child die not.
VI	30	John iv. 50	Jesus said unto him, Go; for thy son is alive. And that man believed the
VI	31	John iv. 51	word which Jesus spake, and went. And when he went down, his servants met him
VI	32	John iv. 52	and told him, and said unto him, Thy son is alive. And he asked them at what time he recovered. They said unto him, Yesterday at the seventh hour the fever left
VI	33	John iv. 53	him. And his father knew that that was at that hour in which Jesus said unto him,
VI	34	John iv. 54	Thy son is alive. And he believed, he and the whole people of his house. And this
VI	35	Luke iv. 44	is the second sign which Jesus did when he returned from Judæa to Galilee. And he was preaching in the synagogues of Galilee.
VI	36	Matt. iv. 13	And he left Nazareth, and came and dwelt in Capernaum by the sea shore, in the
VI	37	Matt. iv. 14	borders of Zebulun and Naphtali: that it might be fulfilled which was said in Isaiah the prophet, who said,
VI	38	Matt. iv. 15	The land of Zebulun, the land of Naphtali, The way of the sea, the passage of the Jordan, Galilee of the nations:
VI	39	Matt. iv. 16	The people sitting in darkness Saw a great light, And those sitting in the region and in the shadow of death, There appeared to them a light.
VI	40	Luke iv. 31; Luke iv. 32	And he taught them on the sabbaths. And they wondered because of his doctrine:
VI	41	Luke iv. 33	for his word was as if it were authoritative. And there was in the synagogue
VI	42	Luke iv. 34	a man with an unclean devil, and he cried out with a loud voice, and said, Let me alone; what have I to do with thee, thou Jesus of Nazareth? art thou come for our
VI	43	Luke iv. 35	destruction? I know thee who thou art, thou Holy One of God. And Jesus rebuked him, and said, Stop up thy mouth, and come out of him. And the demon threw him
VI	44	Luke iv. 36	in the midst and came out of him, having done him no harm. And great amazement took hold upon every man. And they talked one with another, and said, What is this word that orders the unclean spirits with power and
VI	45	Luke iv. 37	authority, and they come out? And the news of him spread abroad in all the region which was around them.
VI	46	Luke iv. 38; Matt. ix. 9	And when Jesus went out of the synagogue, he saw a man sitting among the publicans, named Matthew: and he said unto him, Come after me. And he rose, and followed him.
VI	47, 48	Mark i. 29; Luke iv. 38	And Jesus came to the house of Simon and Andrew with James and John. And Simon’s wife’s mother was oppressed with a great fever, and they besought him for
VI	49	Luke iv. 39	her. And he stood over her and rebuked her fever, and it left her, and immediately
VI	50	Matt. viii. 16	she rose and ministered to them. And at even they brought to him many that had
VI	51	Luke iv. 40	demons: and he cast out their devils with the word. And all that had sick, their diseases being divers and malignant, brought them unto him. And he laid his hand
VI	52	Matt. viii. 17	on them one by one and healed them: that that might be fulfilled which was said
VI	53	Mark i. 33	in the prophet Isaiah, who said, He taketh our pains and beareth our diseases. And
VI	54	Luke iv. 41	all the city was gathered together unto the door of Jesus. And he cast out devils also from many, as they were crying out and saying, Thou art the Messiah, the Son of God; and he rebuked them. And he suffered not the demons to speak, because they knew him that he was the Lord the Messiah. Footnotes[edit]
VII	1	Mark i. 35	And in the morning of that day he went out very early, and went to a
VII	2	Mark i. 36	desert place, and was there praying. And Simon and those that were with
VII	3	Mark i. 37	him sought him. And when they found him, they said unto him, All the people seek for
VII	4	Mark i. 38	thee. He said unto them, Let us go into the adjacent villages and towns, that I may
VII	5	Luke iv. 42	preach there also; for to this end did I come. And the multitudes were seeking him, and came till they reached him; and they took hold of him, that he should not
VII	6	Luke iv. 43	go away from them. But Jesus said unto them, I must preach of the kingdom of
VII	7	Matt. ix. 35	God in other cities also: for because of this gospel was I sent. And Jesus was going about all the cities and the villages, and teaching in their synagogues, and preaching the gospel of the kingdom, and healing all the diseases and all the sicknesses,
VII	8	Mark i. 39; Luke iv. 14; Luke iv. 15	and casting out the devils. And his fame became known that he was teaching in
VII	9	Mark ii. 14	every place and being glorified by every man. And when he passed by, he saw Levi the son of Alphæus sitting among the tax-gatherers; and he said unto him, Follow
VII	10	Matt. iv. 24	me: and he rose and followed him. And the news of him was heard of in all the land of Syria: and they brought unto him all those whom grievous ills had befallen through divers diseases, and those that were enduring torment, and those that were possessed, and lunatics, and paralytics; and he healed them.
VII	11, 12	Mark ii. 1; Mark ii. 2	And after some days Jesus entered into Capernaum again. And when they heard that he was in the house, many gathered, so that it could not hold them, even about
VII	13	Luke v. 17	the door; and he made known to them the word of God. And there were there some of the Pharisees and the teachers of the law, sitting, come from all the villages of Galilee, and Judæa, and Jerusalem; and the power of the Lord was
VII	14	Luke v. 18	present to heal them. And some men brought a bed with a man on it who was paralytic.
VII	15	Luke v. 19	And they sought to bring him in and lay him before him. And when they found no way to bring him in because of the multitude of people, they went up to the roof, and let him down with his bed from the roofing, into the midst before Jesus.
VII	16	Luke v. 20	And when Jesus saw their faith, he said unto the paralytic, My son, thy sins are forgiven
VII	17	Luke v. 21	thee. And the scribes and Pharisees began to think within their hearts, Why doth this man blaspheme? Who is it that is able to forgive sins, but God alone?
VII	18	Mark ii. 8	And Jesus knew by the spirit that they were thinking this within themselves, and he
VII	19	Mark ii. 9	said unto them, Why do ye think this within your heart? Which is better, that it should be said to the paralytic, Thy sins are forgiven thee, or that it should be said
VII	20	Mark ii. 10	to him, Arise, and take thy bed, and walk? That ye may know that the Son of man
VII	21	Mark ii. 11	is empowered on earth to forgive sins (and he said to the paralytic), I say unto thee,
VII	22	Mark ii. 12; Luke v. 25	Arise, take thy bed, and go to thine house. And he rose forthwith, and took his bed, and went out in the presence of all. And he went to his house praising God.
VII	23	Matt. ix. 8; Luke v. 26	And when those multitudes saw, they feared; and amazement took possession of
VII	24	Matt. ix. 8; Luke v. 26; Mark ii. 12	them, and they praised God, who had given such power to men. And they said, We have seen marvellous things to-day, of which we have never before seen the like.
VII	25	Luke v. 27	And after that, Jesus went out, and saw a publican, named Levi, sitting
VII	26	Luke v. 28	among the publicans: and he said unto him, Follow me. And he left
VII	27	Luke v. 29	everything, and rose, and followed him. And Levi made him a great feast in his house. And there was a great multitude of the publicans and others sitting with him.
VII	28	Luke v. 30	And the scribes and Pharisees murmured, and said unto his disciples, Why do ye eat
VII	29	Luke v. 31	and drink with the publicans and sinners? Jesus answered and said unto them, The physician seeketh not those who are well, but those that are afflicted with grievous
VII	30, 31	Luke v. 32; Luke v. 33	sickness. I came not to call the righteous, but the sinners, to repentance. And they said unto him, Why do the disciples of John fast always, and pray, and the
VII	32	Luke v. 34	Pharisees also, but thy disciples eat and drink? He said unto them, Ye cannot make
VII	33	Luke v. 35	the sons of the marriage feast fast, while the bridegroom is with them. Days will come, when the bridegroom is taken away from them; then will they fast in those
VII	34	Luke v. 36; Mark ii. 21	days. And he spake unto them a parable: No man inserteth a new patch and seweth it in a worn garment, lest the newness of the new take from the worn, and
VII	35	Mark ii. 22	there occur a great rent. And no man putteth fresh wine into old skins, lest the wine burst the skins, and the skins be destroyed, and the wine spilled; but they put
VII	36	Luke v. 38, 39	the fresh wine in the new skins, and both are preserved. And no man drinketh old wine and straightway desireth fresh; for he saith, The old is better.
VII	37	Matt. xii. 1	And while Jesus was walking on the sabbath day among the sown fields, his disciples hungered. And they were rubbing the ears with their hands, and
VII	38	Matt. xii. 2; Mark ii. 24	eating. But some of the Pharisees, when they saw them, said unto him, See,
VII	39	Mark ii. 25	why do thy disciples on the sabbath day that which is not lawful? But Jesus said unto them, Have ye not read in olden time what David did, when he had need and
VII	40	Mark ii. 26	hungered, he and those that were with him? how he entered the house of God, when Abiathar was high priest, and ate the bread of the table of the Lord, which it was not lawful that any should eat, save the priests, and gave to them that were with him also?
VII	41	Mark ii. 27	And he said unto them, The sabbath was created because of man, and man was not
VII	42	Matt. xii. 5	created because of the sabbath. Or have ye not read in the law, that the priests in
VII	43	Matt. xii. 6	the temple profane the sabbath, and yet they are blameless? I say unto you now,
VII	44	Matt. xii. 7	that here is what is greater than the temple. If ye had known this: I love mercy,
VII	45	Matt. xii. 8	not sacrifice, ye would not have condemned those on whom is no blame. The
VII	46	Mark iii. 21	Lord of the sabbath is the Son of man. And his relatives heard, and went out to take him, and said, He hath gone out of his mind.
VII	47	Luke vi. 6	And on the next sabbath day he entered into the synagogue and was teaching.
VII	48	Luke vi. 7	And there was there a man whose right hand was withered. And the scribes and the Pharisees were watching him, whether he would heal on the sabbath day,
VII	49	Luke vi. 8	that they might find the means of accusing him. But he knew their thoughts, and said unto the man whose hand was withered, Rise and come near into the midst of
VII	50	Luke vi. 9	the synagogue. And when he came and stood, Jesus said unto them, I ask you, which is lawful to be done on the sabbath day, good or evil? shall lives be saved or
VII	51	Mark iii. 4; Mark iii. 5	destroyed? But they were silent. Regarding them with anger, being grieved because of the hardness of their hearts. And he said unto the man, Stretch out thy hand. And he stretched it out: and his hand became straight.
VII	52	Matt. xii. 11	Then he said unto them, What man of you shall have one sheep, and if it fall into a
VII	53	Matt. xii. 12	well on the sabbath day, will not take it and lift it out? And how much is man better than a sheep! Wherefore it is lawful on the sabbath to do good. Footnotes[edit]
VIII	1	Matt. xii. 14	And the Pharisees went out, and consulted together concerning him, that they
VIII	2	Matt. xii. 15	might destroy him. And Jesus perceived, and removed thence: and great multitudes
VIII	3	Matt. xii. 16	followed him; and he healed all of them: and he forbade them that they should
VIII	4	Matt. xii. 17	not make him known: that the saying in Isaiah the prophet might be fulfilled, which said,
VIII	5	Matt. xii. 18	Behold, my servant with whom I am pleased; My beloved in whom my soul hath delighted: My spirit have I put upon him, And he shall proclaim to the nations judgement.
VIII	6	Matt. xii. 19	He shall not dispute, nor cry out; And no man shall hear his voice in the marketplace.
VIII	7	Matt. xii. 20	And a bruised reed shall he not break, And a smoking lamp shall he not extinguish, Until he shall bring forth judgement unto victory.
VIII	8	Matt. xii. 21	And the nations shall rejoice in his name.
VIII	9	Luke vi. 12	And in those days Jesus went out to the mountain that he might pray, and he
VIII	10	Luke vi. 13; Mark iii. 7	spent the night there in prayer to God. And when the morning was come, he called the disciples. And he went towards the sea: and there followed him much people
VIII	11	Mark iii. 8	from Galilee that he might pray, and from Judæa, and from Jerusalem, and from Idumæa, and from beyond Jordan, and from Tyre, and from Sidon, and from Decapolis;
VIII	12	Mark iii. 9	and great multitudes came unto him, which had heard what he did. And he spake to his disciples to bring him the boat because of the multitudes, that they
VIII	13	Mark iii. 10	might not throng him. And he healed many, so that they were almost falling on him on account of their seeking to get near him. And those that had
VIII	14	Mark iii. 11	plagues and unclean spirits, as soon as they beheld him, would fall, and
VIII	15	Mark iii. 12	cry out, and say, Thou art the Son of God. And he rebuked them much, that they
VIII	16	Luke vi. 18	should not make him known. And those that were under the constraint of unclean
VIII	17	Luke vi. 19	spirits were healed. And all of the crowd were seeking to come near him; because power went out from him, and he healed them all.
VIII	18, 19	Matt. v. 1; Luke vi. 13	And when Jesus saw the multitudes, he went up to the mountain. And he called his disciples, and chose from them twelve; and they are those whom he named
VIII	20	Luke vi. 14	apostles: Simon, whom he named Cephas, and Andrew his brother, and James and
VIII	21	Luke vi. 15	John, and Philip and Bartholomew, and Matthew and Thomas, and James the son
VIII	22	Luke vi. 16	of Alphæus, and Simon which was called the Zealot, and Judas the son of James,
VIII	23	Luke vi. 17	and Judas the Iscariot, being he that had betrayed him. And Jesus went down with them and stood in the plain, and the company of his disciples, and the great
VIII	24	Mark iii. 14	multitude of people. And these twelve he chose to be with him, and that he might
VIII	25		send them to preach, and to have power to heal the sick and to cast out devils.
VIII	26	Luke vi. 20; Matt. v. 2	Then he lifted up his eyes unto them, and opened his mouth, and taught them, and said,
VIII	27	Matt. v. 3	Blessed are the poor in spirit: for the kingdom of heaven is theirs.
VIII	28	Matt. v. 4	Blessed are the sorrowful: for they shall be comforted.
VIII	29	Matt. v. 5	Blessed are the humble: for they shall inherit the earth.
VIII	30	Matt. v. 6	Blessed are they that hunger and thirst after righteousness: for they shall be satisfied.
VIII	31	Matt. v. 7	Blessed are the merciful: for on them shall be mercy.
VIII	32	Matt. v. 8	Blessed are the pure in their hearts: for they shall see God.
VIII	33	Matt. v. 9	Blessed are the peacemakers: for they shall be called the sons of God.
VIII	34	Matt. v. 10	Blessed are they that were persecuted for righteousness’ sake: for the kingdom of heaven is theirs.
VIII	35	Luke vi. 22; Matt. v. 11	Blessed are ye when men shall hate you, and separate you from them, and persecute you, and reproach you, and shall speak against you with all evil talk, for my
VIII	36	Matt. v. 12	sake, falsely. Then rejoice and be glad, for your reward is great in heaven: for so persecuted they the prophets before you.
VIII	37	Luke vi. 24	But woe unto you rich! for ye have received your consolation.
VIII	38	Luke vi. 25	Woe unto you that are satisfied! ye shall hunger. Woe unto you that laugh now! ye shall weep and be sad.
VIII	39	Luke v. 26	Woe unto you when men praise you! for so did their fathers use to do to the false prophets.
VIII	40	Luke vi. 27; Matt. v. 13	Unto you do I say, ye which hear, Ye are the salt of the earth: if then the salt become tasteless, wherewith shall it be salted? For any purpose it is of no use, but
VIII	41	Matt. v. 14	is thrown outside, and men tread upon it. Ye are the light of the world. It is
VIII	42	Matt. v. 15	impossible that a city built on a mountain should be hid. Neither do they light a lamp and place it under a bushel, but on the lamp-stand, and it giveth light to all
VIII	43	Matt. v. 16	who are in the house. So shall your light shine before men, that they may see
VIII	44	Mark iv. 22	your good works, and glorify your Father which is in heaven. There is nothing
VIII	45	Mark iv. 23	secret that shall not be revealed, or hidden that shall not be known. Whoever hath ears that hear, let him hear.
VIII	46	Matt. v. 17	Think not that I came to destroy the law or the prophets; I came not to destroy,
VIII	47	Matt. v. 18	but to complete. Verily I say unto you, Until heaven and earth shall pass, there shall not pass one point or one letter of the law, until all of it shall be
VIII	48	Matt. v. 19	accomplished. Every one who shall violate now one of these small commandments, and shall teach men so, shall be called lacking in the kingdom of heaven: every one that shall do and teach shall be called great in the kingdom
VIII	49	Matt. v. 20	of heaven. I say unto you now, unless your righteousness abound more than that of the scribes and Pharisees, ye shall not enter the kingdom of heaven.
VIII	50	Matt. v. 21	Ye have heard that it was said to the ancients, Do not kill; and every one that
VIII	51	Matt. v. 22	killeth is worthy of the judgement. But I say unto you that every one who is angry with his brother without a cause is worthy of the judgement; and every one that saith to his brother, Thou foul one, is condemned by the synagogue; and whosoever
VIII	52	Matt. v. 23	saith to him, Thou fool, is worthy of the fire of Gehenna. If thou art now offering thy gift at the altar, and rememberest there that thy brother hath conceived
VIII	53	Matt. v. 24	against thee any grudge, leave thy gift at the altar, and go first and satisfy thy
VIII	54	Matt. v. 25; Luke xii. 58	brother, and then return and offer thy gift. Join thine adversary quickly, and while thou art still with him in the way, give a ransom and free thyself from him;
VIII	55	Matt. v. 25	lest thine adversary deliver thee to the judge, and the judge deliver thee to the tax-collector,
VIII	56	Matt. v. 26	and thou fall into prison. And verily I say unto thee, Thou shalt not go out thence until thou payest the last farthing.
VIII	57, 58	Matt. v. 27; Matt. v. 28	Ye have heard that it was said, Do not commit adultery: but I now say unto you, that every one that looketh at a woman lusting after her hath forthwith already
VIII	59	Matt. v. 29	committed adultery with her in his heart. If thy right eye injure thee, put it out and cast it from thee; for it is preferable for thee that one of thy
VIII	60	Matt. v. 30	members should perish, and not thy whole body go into the fire of hell. And if thy right hand injure thee, cut it off and cast it from thee; and it is better for thee that
VIII	61	Matt. v. 31	one of thy members should perish, and not thy whole body fall into Gehenna. It was said that he that putteth away his wife should give her a writing of divorcement:
VIII	62	Matt. v. 32	but I say unto you, that every one that putteth away his wife, except for the cause of adultery, hath made it lawful for her to commit adultery: and whosoever taketh one that is put away committeth adultery. Footnotes[edit]
IX	1	Matt. v. 33	Ye have heard also that it was said unto the ancients, Lie not, but perform unto
IX	2	Matt. v. 34	God in thy oaths: but I say unto you, Swear not at all; neither by heaven, for it
IX	3	Matt. v. 35	is God’s throne; nor by the earth, for it is a footstool under his feet; nor yet by
IX	4	Matt. v. 36	Jerusalem, for it is the city of the great King. Neither shalt thou swear by thy
IX	5	Matt. v. 37	head, for thou canst not make in it one lock of hair black or white. But your word shall be either Yea or Nay, and what is in excess of this is of the evil one.
IX	6, 7	Matt. v. 38; Matt. v. 39	Ye have heard that it was said, Eye for eye, and tooth for tooth: but I say unto you, Stand not in opposition to the evil; but whosoever smiteth thee on thy right
IX	8	Matt. v. 40	cheek, turn to him also the other. And he that would sue thee, and take thy tunic,
IX	9	Matt. v. 41	leave to him also thy wrapper. And whosoever compelleth thee one mile, go with
IX	10	Matt. v. 42; Luke vi. 30	him twain. And he that asketh thee, give unto him: and he that would borrow of thee, prevent him not. And prosecute not him that taketh thy
IX	11	Luke vi. 31	substance. And as ye desire that men should do to you, so do ye also to them.
IX	12, 13	Matt. v. 43; Matt. v. 44	Ye have heard that it was said, Love thy neighbour and hate thine enemy: but I say unto you, Love your enemies, and pray for those that curse you, and deal well with those that hate you, and pray for those who take you with violence and persecute you;
IX	14	Matt. v. 45	that ye may be sons of your heavenly Father, who maketh his sun to rise on the good and the evil, and sendeth down his rain on the righteous and the
IX	15	Matt. v. 46; Luke vi. 32	unrighteous. If ye love them that love you, what reward shall ye have? for the publicans
IX	16	Luke vi. 33	and sinners also love those that love them. And if ye do a kindness to those
IX	17	Luke vi. 34	who treat you well, where is your superiority? for sinners also do likewise. And if ye lend to him of whom ye hope for a reward, where is your superiority? for the
IX	18	Luke vi. 35	sinners also lend to sinners, seeking recompense from them. But love your enemies, and do good to them, and lend, and cut not off the hope of any man; that your reward may be great, and ye may be the children of the Highest: for he is lenient
IX	19	Luke vi. 36	towards the wicked and the ungrateful. Be ye merciful, even as your Father also is
IX	20	Matt. v. 47	merciful. And if ye inquire for the good of your brethren only, what more have
IX	21	Matt. v. 48	ye done than others? is not this the conduct of the publicans also? Be ye now perfect, even as your Father which is in heaven is perfect.
IX	22	Matt. vi. 1	Consider your alms; do them not before men to let them see you: and if it be not
IX	23	Matt. vi. 2	so, ye have no reward before your Father which is in the heavens. When then thou givest an alms now, do not sound a trumpet before thee, as do the people of hypocrisy, in the synagogues and the marketplaces, that men may praise them. And
IX	24	Matt. vi. 3	verily say I unto you, They have received their reward. But thou, when
IX	25	Matt. vi. 4	thou doest alms, let thy left hand not know what thy right hand doeth; that thine alms may be concealed: and thy Father which seeth in secret shall reward thee openly.
IX	26	Matt. vi. 5	And whenever thou prayest, be not as the hypocrites, who love to stand in the synagogues and in the corners of the marketplaces for prayers, that men may behold
IX	27	Matt. vi. 6	them. And verily say I unto you, They have received their reward. But thou, when thou prayest, enter into thy closet, and fasten thy door, and pray to thy Father in secret, and thy Father which seeth in secret shall reward thee openly.
IX	28	Matt. vi. 7	And whenever ye pray, be not babblers, as the heathen; for they think that by the
IX	29	Matt. vi. 8	abundance of their words they shall be heard. Then be not ye now like unto them:
IX	30	Luke xi. 1	for your Father knoweth your request before ye ask him. One of his disciples said
IX	31	Luke xi. 2	unto him, Our Lord, teach us to pray, as John taught his disciples. Jesus said unto
IX	32	Matt. vi. 9	them, Thus now pray ye now: Our Father which art in heaven, Hallowed be thy
IX	33, 34	Matt. vi. 10; Matt. vi. 11	name. Thy kingdom come. Thy will be done, as in heaven, so on earth. Give us the
IX	35	Matt. vi. 12	food of to-day. And forgive us our trespasses, as we forgave those that trespassed
IX	36	Matt. vi. 13	against us. And bring us not into temptations, but deliver us from the evil one. For
IX	37	Matt. vi. 14	thine is the kingdom, and the power, and the glory, for ever and ever. If ye forgive men their wrong-doing, your Father which is in heaven will forgive you.
IX	38	Matt. vi. 15	But if ye forgive not men, neither will your Father pardon your wrong-doing.
IX	39	Matt. vi. 16	When ye fast, do not frown, as the hypocrites; for they make their faces austere, that they may be seen of men that they are fasting. Verily I say unto you, They
IX	40	Matt. vi. 17	have received their reward. But when thou fastest, wash thy face and anoint thy
IX	41	Matt. vi. 18	head; that thou make not an appearance to men of fasting, but to thy Father which is in secret: and thy Father which seeth in secret shall reward thee.
IX	42	Luke xii. 32	Be not agitated, little flock; for your Father hath delighted to give you the kingdom.
IX	43	Luke xii. 33	Sell your possessions, and give in alms; take to yourselves purses that wax
IX	44	Matt. vi. 19	not old. Lay not up treasure on earth, where moth and worm corrupt, and where
IX	45	Matt. vi. 20	thieves break through and steal: but lay up for yourselves treasure in heaven, where
IX	46	Matt. vi. 21	moth and worm do not corrupt, nor thieves break through nor steal: for where your
IX	47	Matt. vi. 22	treasure is, there also will your heart be. The lamp of the body is the eye: if then
IX	48	Matt. vi. 23	thine eye now be sound, thy whole body also shall be light. But if thine eye be evil, all thy body shall be dark. And if the light which is in thee is darkness, how
IX	49	Luke xi. 35	great is thy darkness! Be watchful that the light which is in thee be not darkness.
IX	50	Luke xi. 36	Because that, if thy whole body is light, and have no part dark, it shall all be light, as the lamp giveth light to thee with its flame. Footnotes[edit]
X	1	Matt. vi. 24	No man can serve two masters; and that because it is necessary that he hate one of them and love the other, and honour one of them and despise the
X	2	Matt. vi. 25	other. Ye cannot serve God and possessions. And because of this I say unto you, Be not anxious for yourselves, what ye shall eat and what ye shall drink; neither for your bodies, what ye shall put on. Is not the life better than the food, and the body
X	3	Matt. vi. 26	than the raiment? Consider the birds of the heaven, which sow not, nor reap, nor store in barns; and yet your Father which is in heaven feedeth them. Are not ye
X	4	Matt. vi. 27	better than they? Who of you when he trieth is able to add to his stature one
X	5	Luke xii. 26	cubit? If then ye are not able for a small thing, why are ye anxious about the
X	6, 7	Matt. vi. 28; Matt. vi. 29	rest? Consider the wild lily, how it grows, although it toils not, nor spins; and I say unto you that Solomon in the greatness of his glory was not clothed like one of
X	8	Matt. vi. 30	them. And if God so clothe the grass of the field, which to-day is, and to-morrow
X	9	Matt. vi. 31	is cast into the oven, how much more shall be unto you, O ye of little faith! Be not anxious, so as to say, What shall we eat? or, What shall we drink? or, With
X	10	Luke xii. 29; Matt. vi. 32	what shall we be clothed? Neither let your minds be perplexed in this: all these things the nations of the world seek; and your Father which is in heaven knoweth
X	11	Matt. vi. 33	your need of all these things. Seek ye first the kingdom of God, and his righteousness;
X	12	Matt. vi. 34	and all these shall come to you as something additional for you. Be not anxious for the morrow; for the morrow shall be anxious for what belongs to it. Sufficient unto the day is its evil.
X	13	Matt. vii. 1; Luke vi. 37	Judge not, that ye be not judged: condemn not, that ye be not condemned:
X	14	Luke vi. 38	forgive, and it shall be forgiven you: release, and ye shall be released: give, that ye may be given unto; with good measure, abundant, full, they shall thrust into your
X	15	Mark iv. 24	bosoms. With what measure ye measure it shall be measured to you. See to it what ye hear: with what measure ye measure it shall be measured to you; and ye
X	16	Mark iv. 25	shall be given more. I say unto those that hear, He that hath shall be given unto; and he that hath not, that which he regards as his shall be taken from him.
X	17	Luke vi. 39	And he spake unto them a parable, Can a blind man haply guide a blind man?
X	18	Luke vi. 40	shall they not both fall into a hollow? A disciple is not better than his master;
X	19	Luke vi. 41	every perfect man shall be as his master. Why lookest thou at the mote which is in the eye of thy brother, but considerest not the column that is in thine own eye?
X	20	Luke vi. 42	Or how canst thou say to thy brother, Brother, I will take out the mote from thine eye; and the column which is in thine eye thou seest not? Thou hypocrite, take out first the column from thine eye; and then shalt thou see to take out the mote from the eye of thy brother.
X	21	Matt. vii. 6	Give not that which is holy unto the dogs, neither cast your pearls before the swine, lest they trample them with their feet, and return and wound you.
X	22	Luke xi. 5	And he said unto them, Who of you, that hath a friend, goeth to him at midnight,
X	23	Luke xi. 6	and saith unto him, My friend, lend me three loaves; for a friend hath come
X	24	Luke xi. 7	to me from a journey, and I have nothing to offer to him: and that friend shall answer him from within, and say unto him, Trouble me not; for the door is shut, and my children are with me in bed, and I cannot rise and give thee?
X	25	Luke xi. 8	And verily I say unto you, If he will not give him because of friendship, yet because
X	26	Luke xi. 9	of his importunity he will rise and give him what he seeketh. And I also say unto you, Ask, and ye shall be given unto; seek, and ye shall find; knock, and it shall be
X	27	Luke xi. 10	opened unto you. Every one that asketh receiveth, and he that seeketh findeth, and
X	28	Luke xi. 11	he that knocketh, it shall be opened to him. What father of you, shall his son ask for bread—will he, think you, give him a stone? and if he ask of him a fish, will he,
X	29	Luke xi. 12	think you, instead of the fish give him a serpent? and if he ask him for an egg, will
X	30	Luke xi. 13	he, think you, extend to him a scorpion? If ye then, although being evil, know the gifts which are good, and give them to your children, how much more shall your
X	31	Matt. vii. 12	Father which is in heaven give the Holy Spirit to them that ask him? Whatsoever ye would that men should do to you, do ye even so to them: this is the law and the prophets.
X	32	Matt. vii. 13	Enter ye by the narrow gate; for the wide gate and the broad way lead to destruction,
X	33	Matt. vii. 14	and many they be which go therein. How narrow is the gate and straitened the way leading to life! and few be they that find it.
X	34	Matt. vii. 15	Beware of false prophets, which come to you in sheep’s clothing, while within
X	35	Matt. vii. 16; Luke vi. 44	they are ravening wolves. But by their fruits ye shall know them. For every tree is known by its fruit. For figs are not gathered of thorns, neither are grapes plucked of
X	36	Matt. vii. 17	briers. Even so every good tree bringeth forth good fruit, but the evil tree bringeth
X	37	Matt. vii. 18	forth evil fruit. The good tree cannot bring forth evil fruit, neither can the
X	38	Luke vi. 45	evil tree bring forth good fruit. The good man from the good treasures that are in his heart bringeth forth good things; and the evil man from the evil treasures that are in his heart bringeth forth evil things: and from the overflowings of the
X	39	Matt. vii. 19	heart the lips speak. Every tree that beareth not good fruit is cut down and cast
X	40, 41	Matt. vii. 20; Matt. vii. 21	into the fire. Therefore by their fruits ye shall know them. Not all that say unto me, My Lord, my Lord, shall enter the kingdom of the heavens; but he that doeth
X	42	Matt. vii. 22	the will of my Father which is in heaven. Many shall say unto me in that day, My Lord, my Lord, did we not prophesy in thy name, and in thy name cast out
X	43	Matt. vii. 23	devils, and in thy name do many powers? Then shall I say unto them, I never
X	44	Luke vi. 47	knew you: depart from me, ye servants of iniquity. Every man that cometh unto
X	45	Luke vi. 48	me, and heareth my sayings, and doeth them, I will shew you to what he is like: he is like the wise man which built a house, and digged and went deep, and laid the
X	46	Matt. vii. 25	foundations on a rock: and the rain came down, and the rivers overflowed, and the winds blew, and shook that house, and it fell not: for its foundation was laid on
X	47	Matt. vii. 26	rocks. And every one that heareth these my words, and doeth them not, is like
X	48	Matt. vii. 27	the foolish man which built his house on sand, without foundation: and the rain descended, and the rivers overflowed, and the winds blew, and smote upon that house, and it fell: and the fall of it was great. Footnotes[edit]
XI	1	Matt. vii. 28	And when Jesus finished these sayings, the multitudes were astonished
XI	2	Matt. vii. 29	at his teaching; and that because he was teaching them as one having authority, not as their scribes and the Pharisees.
XI	3	Matt. viii. 1	And when he descended from the mountain, great multitudes followed him.
XI	4	Matt. viii. 5	And when Jesus entered Capernaum, the servant of one of the chiefs was in an
XI	5	Luke vii. 3	evil case, and he was precious to him, and he was at the point of death. And he
XI	6	Matt. viii. 5	heard of Jesus, and came to him with the elders of the Jews; and he besought him, and said, My Lord, my boy is laid in the house paralysed, and he is suffering grievous
XI	7	Luke vii. 4	torment. And the elders urgently requested of him, and said, He is worthy that
XI	8	Luke vii. 5	this should be done unto him: for he loveth our people, and he also built the synagogue
XI	9, 10	Matt. viii. 7; Matt. viii. 8	for us. Jesus said unto him, I will come and heal him. That chief answered and said, My Lord, I am not worthy that my roof should shade thee; but it sufficeth
XI	11	Luke vii. 8	that thou speak a word, and my lad shall be healed. And I also am a man in obedience to authority, having under my hand soldiers: and I say to this one, Go, and he goeth; and to another, Come, and he cometh; and to my servant that he do this,
XI	12	Luke vii. 9; Matt. viii. 10	and he doeth it. And when Jesus heard that, he marvelled at him, and turned and said unto the multitude that were coming with him, Verily I say unto you, I have
XI	13	Matt. viii. 11	not found in Israel the like of this faith. I say unto you, that many shall come from the east and the west, and shall recline with Abraham and Isaac and Jacob
XI	14	Matt. viii. 12	in the kingdom of heaven: but the children of the kingdom shall be cast
XI	15	Matt. viii. 13	forth into the outer darkness: and there shall be weeping and gnashing of teeth. And Jesus said to that chief, Go thy way; as thou hast believed, so shall it be unto thee.
XI	16	Luke vii. 10	And his lad was healed in that hour. And that chief returned to the house and found that sick servant healed.
XI	17	Luke vii. 11	And the day after, he was going to a city called Nain, and his disciples with him,
XI	18	Luke vii. 12	and a great multitude. And when he was come near the gate of the city, he saw a crowd accompanying one that was dead, the only son of his mother; and his mother was a widow: and there was with her a great multitude of the people of the
XI	19	Luke vii. 13	city. And when Jesus saw her, he had compassion on her, and said unto her, Weep
XI	20	Luke vii. 14	not. And he went and advanced to the bier, and the bearers of it stood still; and
XI	21	Luke vii. 15	he said, Young man, I say unto thee, Arise. And that dead man sat up and began
XI	22	Luke vii. 16	to speak; and he gave him to his mother. And fear came on all the people: and they praised God, and said, There hath risen among us a great prophet: and, God
XI	23	Luke vii. 17	hath had regard to his people. And this news concerning him spread in all Judæa, and in all the region which was about them.
XI	24	Matt. viii. 18	And when Jesus saw great multitudes surrounding him, he commanded them to
XI	25	Luke ix. 57	depart to the other side. And while they were going in the way, there came one of the scribes and said unto him, My Master, I will follow thee whithersoever thou
XI	26	Matt. viii. 20	goest. Jesus said unto him, The foxes have holes, and the birds of the heaven have
XI	27	Luke ix. 59	nests; but the Son of man hath not a place in which to lay his head. And he said unto another, Follow me. And he said unto him, My Lord, suffer me first to go and
XI	28	Luke ix. 60	bury my father. Jesus said unto him, Leave the dead to bury their dead; but thou,
XI	29	Luke ix. 61	follow me and preach the kingdom of God. And another said unto him, I will follow thee, my Lord; but first suffer me to go and salute my household and
XI	30	Luke ix. 62	come. Jesus said unto him, There is no one who putteth his hand to the plough and looketh behind him, and yet is fit for the kingdom of God.
XI	31	Mark iv. 35	And he said to them on that day in the evening, Let us go over to the other side
XI	32	Mark iv. 36	of the lake; and he left the multitudes. And Jesus went up and sat in the ship,
XI	33	Mark iv. 36; Luke viii. 23	he and his disciples, and there were with them other ships. And there occurred on the sea a great tempest of whirlwind and wind, and the ship was on the point of
XI	34	Mark iv. 38; Matt. viii. 25	sinking from the greatness of the waves. But Jesus was sleeping on a cushion in the stern of the ship; and his disciples came and awoke him, and said unto him, Our
XI	35	Luke viii. 24; Mark iv. 39	Lord, save us; lo, we perish. And he rose, and rebuked the winds and the turbulence of the water, and said to the sea, Be still, for thou art rebuked; and the wind
XI	36	Mark iv. 40	was still, and there was a great calm. And he said unto them, Why are ye thus
XI	37	Luke viii. 25	afraid? and why have ye no faith? And they feared greatly. And they marvelled, and said one to another, Who, think you, is this, who commandeth also the wind and the waves and the sea, and they obey him?
XI	38	Luke viii. 26	And they departed and came to the country of the Gadarenes, which is on the
XI	39	Luke viii. 27; Mark v. 2	other side, opposite the land of Galilee. And when he went out of the ship to the land, there met him from among the tombs a man who had a devil for a long time,
XI	40	Mark v. 3; Mark v. 4	and wore no clothes, neither dwelt in a house, but among the tombs. And no man was able to bind him with chains, because any time that he was bound with chains
XI	41	Luke viii. 29	and fetters he cut the chains and loosened the fetters; and he was snatched
XI	42	Mark v. 4; Matt. viii. 28; Mark v. 5	away of the devil into the desert, and no man was able to quiet him; and at all times, in the night and in the day, he would be among the tombs and in the mountains; and no man was able to pass by that way; and he would cry out and wound himself
XI	43	Mark v. 6	with stones. And when he saw Jesus at a distance, he hastened and worshipped
XI	44	Mark v. 7	him, and cried with a loud voice and said, What have we to do with thee, Jesus,
XI	45	Mark v. 7	Son of the most high God? I adjure thee by God, torment me not. And Jesus commanded the unclean spirit to come out of the man: and he had suffered a long
XI	46	Luke viii. 30	time since the time when he came into captivity to it. And Jesus asked him, What is thy name? He said unto him, Legion; for there had entered into him many
XI	47	Luke viii. 31	devils. And they besought him that he would not command them to depart into
XI	48	Luke viii. 32	the depths. And there was there a herd of many swine, feeding in the mountain, and those devils besought him to give them leave to enter the swine; and he gave
XI	49	Luke viii. 33; Mark v. 13	them leave. And the devils went out of the man and entered into the swine. And that herd hastened to the summit and fell down into the midst of the sea, about two
XI	50	Luke viii. 34	thousand, and they were choked in the water. And when the keepers saw what
XI	51	Luke viii. 35	happened, they fled, and told those in the cities and villages. And the people went out to see what had happened; and they came to Jesus, and found the man whose devils had gone out, clothed, modest, seated at the feet of Jesus; and they
XI	52	Luke viii. 36; Mark v. 16	feared. And they reported what they saw, and how the man was healed who had a devil, and concerning those swine also. Footnotes[edit]
XII	1	Luke viii. 37	And all the multitude of the Gadarenes entreated him to depart from them, because that great fear took hold upon them.
XII	2, 3	Matt. ix. 1; Luke viii. 38	But Jesus went up into the ship, and crossed, and came to his city. And that man from whom the devils went out entreated that he might stay with him; but
XII	4	Luke viii. 39	Jesus sent him away, and said unto him, Return to thy house, and make known what
XII	5	Mark v. 20	God hath done for thee. And he went, and began to publish in Decapolis what Jesus had done for him; and they all marvelled.
XII	6	Mark v. 21	And when Jesus had crossed in the ship to that side, a great multitude received
XII	7	Luke viii. 41	him; and they were all looking for him. And a man named Jairus, the chief of the
XII	8	Mark v. 23; Matt. ix. 18	synagogue, fell before the feet of Jesus, and besought him much, and said unto him, I have an only daughter, and she is come nigh unto death; but come and lay thy
XII	9	Matt. ix. 19	hand upon her, and she shall live. And Jesus rose, and his disciples, and they followed
XII	10	Mark v. 24	him. And there joined him a great multitude, and they pressed him.
XII	11, 12	Mark v. 25; Mark v. 26	And a woman, which had a flow of blood for twelve years, had suffered much of many physicians, and spent all that she had, and was not benefited at all, but her
XII	13	Mark v. 27	trouble increased further. And when she heard of Jesus, she came in the thronging of
XII	14	Mark v. 28	the crowd behind him, and touched his garments; and she thought within
XII	15	Mark v. 29	herself, If I could reach to touch his garments, I should live. And immediately the fountain of her blood was dried; and she felt in her body that she was healed
XII	16	Mark v. 30	of her plague. And Jesus straightway knew within himself that power had gone out of him; and he turned to the crowd, and said, Who approached unto my garments?
XII	17	Luke viii. 45	And on their denying, all of them, Simon Cephas and those with him said unto him, Our Master, the multitudes throng thee and press thee, and sayest thou, Who approached
XII	18	Luke viii. 46	unto me? And he said, Some one approached unto me; and I knew that
XII	19	Luke viii. 47	power went forth from me. And that woman, when she saw that she was not hid
XII	20	Mark v. 33	from him, came fearing and agitated (for she knew what had happened to her), and fell down and worshipped him, and told, in the presence of all the people, for what
XII	21	Luke viii. 48	reason she touched him, and how she was healed immediately. And Jesus said unto her, Be of good courage, daughter; thy faith hath made thee alive; depart in peace, and be whole from thy plague.
XII	22	Luke viii. 49	And while he was yet speaking, there came a man from the house of the chief of the synagogue, and said unto him, Thy daughter hath died; so trouble not the
XII	23	Luke viii. 50	teacher. But Jesus heard, and said unto the father of the maid, Fear not: but believe
XII	24	Mark v. 37	only, and she shall live. And he suffered no man to go with him, except
XII	25	Mark v. 38	Simon Cephas, and James, and John the brother of James. And they reached the house of the chief of the synagogue; and he saw them agitated, weeping and wailing.
XII	26	Mark v. 39	And he entered, and said unto them, Why are ye agitated and weeping? the
XII	27	Luke viii. 53	maid hath not died, but she is sleeping. And they laughed at him, for
XII	28	Mark v. 40	they knew that she had died. And he put every man forth without, and took the father of the maid, and her mother, and Simon, and James, and John, and
XII	29	Mark v. 41; Luke viii. 55	entered into the place where the maid was laid. And he took hold of the hand of the maid, and said unto her, Maid, arise. And her spirit returned, and straightway
XII	30	Mark v. 42; Luke viii. 55	she arose and walked: and she was about twelve years of age. And he commanded
XII	31	Luke viii. 56	that there should be given to her something to eat. And her father wondered greatly:
XII	32	Matt. ix. 26	and he warned them that they should tell no man what had happened. And this report spread in all that land.
XII	33	Matt. ix. 27	And when Jesus crossed over from there, there joined him two blind men, crying
XII	34	Matt. ix. 28	out, and saying, Have mercy on us, thou son of David. And when he came to the house, those two blind men came to him: and Jesus said unto them, Believe ye
XII	35	Matt. ix. 29	that I am able to do this? They said unto him, Yea, our Lord. Then he touched
XII	36	Matt. ix. 30	their eyes, and said, As ye have believed, it shall be unto you. And immediately their eyes were opened. And Jesus forbade them, and said, See that no man know.
XII	37	Matt. ix. 31	But they went out and published the news in all that land.
XII	38	Matt. ix. 32	And when Jesus went out, they brought to him a dumb man having a devil.
XII	39	Matt. ix. 33	And on the going out of the devil that dumb man spake. And the multitudes marvelled, and said, It was never so seen in Israel
XII	40	Matt. ix. 35	And Jesus was going about in all the cities and in the villages, and teaching in their synagogues, and proclaiming the good news of the kingdom, and healing every disease
XII	41	Matt. ix. 36	and sickness; and many followed him. And when Jesus saw the multitudes, he had compassion on them, for they were wearied and scattered, as sheep
XII	42	Matt. x. 1	that have no shepherd. And he called his twelve disciples, and gave them power and
XII	43	Luke ix. 2	much authority over all devils and diseases; and sent them two and two, that they
XII	44	Matt. x. 5	might proclaim the kingdom of God, and to heal the sick. And he charged them, and said, Walk not in the way of the heathen, nor enter into the cities of the Samaritans.
XII	45, 46	Matt. x. 6; Matt. x. 7	Go especially unto the sheep that are lost of the sons of Israel. And
XII	47	Matt. x. 8	when ye go, proclaim and say, The kingdom of heaven is come near. And heal the sick, and cleanse the lepers, and cast out the devils: freely ye have received, freely
XII	48, 49	Matt. x. 9; Mark vi. 8	give. Get you not gold, nor silver, nor brass in your purses; and take nothing for the way, except a staff only; nor bag, nor bread; neither shall ye have two tunics,
XII	50	Matt. x. 10	nor shoes, nor staff, but be shod with sandals; for the labourer is worthy of his food.
XII	51	Matt. x. 10	And whatever city or village ye enter, inquire who is worthy in it, and there be until
XII	52, 53	Matt. x. 11; Matt. x. 12	ye go out. And when ye enter into the house, ask for the peace of the house: and if the house is worthy, your peace shall come upon it; but if it is not worthy, your
XII	54	Matt. x. 14	peace shall return unto you. And whosoever shall not receive you, nor hear your sayings, when ye go out from that house, or from that village, shake off the dust
XII	55	Matt. x. 15	that is under your feet against them for a testimony. And verily I say unto you, To the land of Sodom and Gomorrah there shall be rest in the day of judgement, rather than to that city. Footnotes[edit]
XIII	1	Matt. x. 16	I am sending you as lambs among wolves: be ye now wise as serpents, and
XIII	2	Matt. x. 17	harmless as doves. Beware of men: they shall deliver you to the councils of the
XIII	3	Matt. x. 18	magistrates, and scourge you in their synagogues; and shall bring you before governors and kings for my sake, for a testimony against them and against the nations.
XIII	4	Matt. x. 19	And when they deliver you up, be not anxious, nor consider beforehand, what ye
XIII	5	Matt. x. 20	shall say; but ye shall be given in that hour what ye ought to speak. Ye do not
XIII	6	Matt. x. 21	speak, but the Spirit of your Father speaketh in you. The brother shall deliver up his brother to death, and the father his son; and the sons shall rise against their
XIII	7	Matt. x. 22	parents, and put them to death. And ye shall be hated of every man because of
XIII	8	Matt. x. 23	my name; but he that endureth unto the end of the matter shall be saved. When they expel you from this city, flee to another. Verily I say unto you, Ye shall not finish all the cities of the people of Israel, until the Son of man come.
XIII	9, 10	Matt. x. 24; Matt. x. 25	A disciple is not superior to his lord, nor a servant to his master. For it is enough then for the disciple that he be as his lord, and the servant as his master. If they have called the master of the house Beelzebul, how much more the people
XIII	11	Matt. x. 26	of his house! Fear them not therefore: for there is nothing covered, that shall
XIII	12	Matt. x. 27	not be revealed; nor hid, that shall not be disclosed and published. What I say unto you in the darkness, speak ye in the light; and what ye have told
XIII	13	Luke xii. 4	secretly in the ears in closets, let it be proclaimed on the housetops. I say unto you now, my beloved, Be not agitated at those who kill the body, but have no power to
XIII	14		kill the soul. I will inform you whom ye shall fear: him which is able to destroy
XIII	15	Luke xii. 5	soul and body in hell. Yea, I say unto you, Be afraid of him especially. Are not two sparrows sold for a farthing in a bond? and one of them shall not fall on the
XIII	16	Matt. x. 30	ground without your Father. But what concerns you: even the hair of your heads
XIII	17, 18	Matt. x. 31; Matt. x. 32	also is numbered. Fear not therefore; ye are better than many sparrows. Every man who confesseth me now before men, I also will confess him before my Father
XIII	19	Matt. x. 33	which is in heaven; but whosoever denieth me before men, I also will deny him before my Father which is in heaven.
XIII	20	Luke xii. 51	Think ye that I am come to cast peace into the earth? I came not to cast peace,
XIII	21	Luke xii. 52	but to cast dissension. Henceforth there shall be five in one house, three of them
XIII	22	Luke xii. 53	disagreeing with two, and the two with the three. The father shall become hostile to his son, and the son to his father; and the mother to her daughter, and the daughter to her mother; and the mother in law to her daughter in law, and the daughter
XIII	23	Matt. x. 36	in law to her mother in law: and a man’s enemies shall be the people of his house.
XIII	24	Matt. x. 37	Whosoever loveth father or mother better than me is not worthy of me; and whosoever loveth son or daughter more than his love of me is not worthy of me.
XIII	25	Matt. x. 38	And every one that doth not take his cross and follow me is not worthy of
XIII	26	Matt. x. 39	me. Whosoever findeth his life shall lose it; and whosoever loseth his life for my sake shall find it.
XIII	27	Matt. x. 40	And whosoever receiveth you receiveth me; and whosoever receiveth me receiveth
XIII	28	Matt. x. 41	him that sent me. And whosoever receiveth a prophet in the name of a prophet shall take a prophet’s reward; and whosoever shall receive a righteous man
XIII	29	Matt. x. 42	in the name of a righteous man shall take a righteous man’s reward. And every one that shall give to drink to one of these least ones a drink of water only, in the name of a disciple, verily I say unto you, he shall not lose his reward.
XIII	30	Matt. xi. 1	And when Jesus finished charging his twelve disciples, he removed thence to
XIII	31	Luke x. 38	teach and preach in their cities. And while they were going in the way they entered into a certain village; and a woman named Martha entertained him in her house.
XIII	32	Luke x. 39	And she had a sister named Mary, and she came and sat at the feet of our Lord,
XIII	33	Luke x. 40	and heard his sayings. But Martha was disquieted by much serving; and she came and said unto him, My Lord, givest thou no heed that my sister left me alone to
XIII	34	Luke x. 41	serve? speak to her that she help me. Jesus answered and said unto her, Martha,
XIII	35	Luke x. 42	Martha, thou art solicitous and impatient on account of many things: but what is sought is one thing. But Mary hath chosen for herself a good portion, and that which shall not be taken from her.
XIII	36	Mark vi. 12	And the apostles went forth, and preached to the people that they might repent.
XIII	37	Mark vi. 13	And they cast out many devils, and anointed many sick with oil, and healed them.
XIII	38, 39	Luke vii. 18; Matt. xi. 2	And the disciples of John told him of all these things. And when John heard in the prison of the doings of the Messiah, he called two of his disciples, and sent them to Jesus, and said, Art thou he that cometh, or look we for
XIII	40	Luke vii. 20	another? And they came to Jesus, and said unto him, John the Baptist hath sent
XIII	41	Luke vii. 21	us unto thee, and said, Art thou he that cometh, or look we for another? And in that hour he cured many of diseases, and of plagues of an evil spirit; and he gave sight
XIII	42	Luke vii. 22	to many blind. Jesus answered and said unto them, Go and tell John everything ye have seen and heard: the blind see, and the lame walk, and the lepers are cleansed, and the blind hear, and the dead rise, and the poor have the gospel preached to
XIII	43	Luke vii. 23	them. And blessed is he who doubteth not in me.
XIII	44	Luke vii. 24	And when John’s disciples departed, Jesus began to say to the multitudes concerning John, What went ye out into the wilderness to see? a reed shaken with the
XIII	45	Luke vii. 25	winds? And if not, then what went ye out to see? a man clothed in soft raiment? Behold, they that are in magnificent garments and in voluptuousness are in the abode
XIII	46	Luke vii. 26	of kings. And if not, then what went ye out to see? a prophet? Yea, I say unto
XIII	47	Luke vii. 27	you, and more than a prophet. This is he of whom it is written, I am sending my messenger before thy face To prepare the way before thee. Footnotes[edit]
XIV	1	Matt. xi. 11	Verily I say unto you, There hath not arisen among those whom women have borne a greater than John the Baptist; but he that is little now in the kingdom of heaven is greater than he.
XIV	2	Luke vii. 29	And all the people which heard, and the publicans, justified God, for
XIV	3	Luke vii. 30	they had been baptized with the baptism of John. But the Pharisees and the scribes wronged the purpose of God in themselves, in that they were not baptized of
XIV	4	Matt. xi. 12	him. And from the days of John the Baptist until now the kingdom of heaven is
XIV	5	Luke xvi. 16; Matt. xi. 12	snatched away by violence. The law and the prophets were until John; and after that, the kingdom of God is preached, and all press to enter it: and they that exert themselves
XIV	6, 7	Matt. xi. 13; Matt. xi. 14	snatch it away. All the prophets and the law until John prophesied. And if ye
XIV	8	Matt. xi. 15	will, then receive it, that he is Elijah, which is to come. Whosoever hath ears that hear
XIV	9	Luke xvi. 17	let him hear. Easier is the perishing of heaven and earth, than the passing away of
XIV	10	Luke vii. 31	one point of the law. To whom then shall I liken the people of this generation, and
XIV	11	Luke vii. 32	to whom are they like? They are like the children sitting in the market, which call to their companions, and say, We sang to you, and ye danced not; we wailed to you,
XIV	12	Luke vii. 33	and ye wept not. John the Baptist came neither eating bread nor drinking wine;
XIV	13	Luke vii. 34	and ye said, He hath demons: and the Son of man came eating and drinking; and ye said, Behold, a gluttonous man, and a drinker of wine, and an associate of publicans
XIV	14, 15	Luke vii. 35; Mark iii. 20	and sinners! And wisdom was justified of all her children. And when he said that, they came to the house. And there gathered unto him again multitudes,
XIV	16	Luke xi. 14	so that they found not bread to eat. And while he was casting out a devil which was dumb, when he cast out that devil, that dumb man spake. And the multitudes
XIV	17	Matt. xii. 24	marvelled. And the Pharisees, when they heard, said, This man doth not cast out the devils, except by Beelzebul the chief of the demons, which is in him.
XIV	18, 19	Luke xi. 16; Matt. xii. 25	And others requested of him a sign from heaven, to tempt him. And Jesus knew their thoughts, and said unto them in parables, Every kingdom that withstandeth itself shall become desolate; and every house or city that disagreeth with itself shall not
XIV	20	Matt. xii. 26	stand: and if a devil cast out a devil, he withstandeth himself; neither shall he be
XIV	21	Mark iii. 26	able to stand, but his end shall be. Then how now shall his kingdom stand? for ye
XIV	22	Luke xi. 18	said that I cast out devils by Beelzebul. And if I by Beelzebul cast out the devils, then your children, by what do they cast them out? And for this cause they shall
XIV	23	Matt. xii. 28	be judges against you. But if I by the Spirit of God cast out devils, then the kingdom
XIV	24	Matt. xii. 29	of God is come near unto you. Or how can a man enter into the house of a valiant man, and seize his garments, if he do not beforehand secure himself from
XIV	25	Luke xi. 21	that valiant man? and then will he cut off his house. But when the valiant man is
XIV	26	Luke xi. 22	armed, guarding his house, his possessions are in peace. But if one come who is more valiant than he, he overcometh him, and taketh his whole armour, on which
XIV	27	Luke xi. 23	he relieth, and divideth his spoil. Whosoever is not with me is against me; and
XIV	28	Mark iii. 28	whosoever gathereth not with me scattereth abroad. For this reason I say unto you, that all sins and blasphemies with which men blaspheme shall be forgiven
XIV	29	Mark iii. 29	them: but whosoever shall blaspheme against the Holy Spirit, there is no
XIV	30	Mark iii. 30	forgiveness for him for ever, but he is deserving of eternal punishment: because they
XIV	31	Matt. xii. 32	said that he had an unclean spirit. And he said also, Every one that speaketh a word against the Son of man, it shall be forgiven him; but whosoever speaketh against the Holy Spirit, it shall not be forgiven him, neither in this world, nor in the world to
XIV	32	Matt. xii. 33	come. Either ye must make a good tree and its fruit good; or ye must make an evil
XIV	33	Matt. xii. 34	tree and its fruit evil: for the tree is known by its fruit. Ye children of vipers, how can ye, being evil, speak good things? from the overflowings of the heart the mouth
XIV	34	Luke vi. 45	speaketh. The good man from the good treasures which are in his heart bringeth forth good things; and the wicked man from the evil treasures which are in his
XIV	35	Matt. xii. 36	heart bringeth forth evils. I say unto you, that every idle word which men shall
XIV	36	Matt. xii. 37	speak, they shall give an answer for in the day of judgement: for by thy sayings thou shalt be justified, and by thy sayings thou shalt be judged.
XIV	37	Luke xii. 54	And he said to the multitudes, When ye see the clouds appear from the west,
XIV	38	Luke xii. 55	straightway ye say that there cometh rain; and so it cometh to pass. And when
XIV	39	Matt. xvi. 2	the south wind bloweth, ye say that there will be heat; and it cometh to pass. And when the evening is come, ye say, It will be fair weather, for the heaven has become
XIV	40	Matt. xvi. 3; Matt. xvi. 4	red. And in the morning ye say, To-day there will be severe weather, for the redness of the heaven is paling. Ye hypocrites, ye know to examine the face of the heaven and the earth; but the signs of this time ye know not to discern.
XIV	41	Matt. xii. 22	Then they brought to him one possessed of a demon, dumb and blind; and he
XIV	42	Matt. xii. 23	healed him, so that the dumb and blind began to speak and see. And all the multitudes wondered, and said, Is this, think you, the son of David?
XIV	43	Mark vi. 30	And the apostles returned unto Jesus, and told him everything that they had
XIV	44	Mark vi. 31	done and wrought. And he said unto them, Come, let us go into the desert alone, and rest ye a little. And many were going and returning, and they had not leisure, not even to eat bread.
XIV	45	Luke vii. 36	And after that, there came to him one of the Pharisees, and besought him that he would eat bread with him. And he entered into the house of that Pharisee, and
XIV	46	Luke vii. 37	reclined. And there was in that city a woman that was a sinner; and when she knew that he was sitting in the house of that Pharisee, she took a box of sweet ointment,
XIV	47	Luke vii. 38	and stood behind him, towards his feet, weeping, and began to wet his feet with her tears, and to wipe them with the hair of her head, and to kiss his feet, and
XIV	48	Luke vii. 39	anoint them with the sweet ointment. And when that Pharisee saw it, who invited him, he thought within himself, and said, This man, if he were a prophet, would know who she is and what is her history: for the woman which touched him was a sinner. Footnotes[edit]
XV	1	Luke vii. 40	Jesus answered and said unto him, Simon, I have something to say unto thee. And
XV	2	Luke vii. 41	he said unto him, Say on, my Master. Jesus said unto him, There were two debtors to one creditor; and one of them owed five hundred pence, and the other
XV	3	Luke vii. 42	owed fifty pence. And because they had not wherewith to pay, he forgave
XV	4	Luke vii. 43	them both. Which of them ought to love him more? Simon answered and said, I suppose, he to whom he forgave most. Jesus said unto him, Thou hast judged rightly.
XV	5	Luke vii. 44	And he turned to that woman, and said to Simon, Dost thou see this woman? I entered into thy dwelling, and thou gavest me not water to wash my feet: but this
XV	6	Luke vii. 45	woman hath bathed my feet with her tears, and dried them with her hair. And thou kissedst me not: but this woman, since she entered, hath not ceased to kiss my
XV	7	Luke vii. 46	feet. And thou anointedst not my head with oil: but this woman hath anointed
XV	8	Luke vii. 47	my feet with sweet ointment. And for this, I say unto thee, Her many sins are forgiven her, because she loved much; for he to whom little is forgiven loveth little.
XV	9, 10	Luke vii. 48; Luke vii. 49	And he said unto that woman, Thy sins are forgiven thee. And those that were invited
XV	11	Luke vii. 50	began to say within themselves, Who is this that forgiveth sins also? And Jesus said to that woman, Thy faith hath saved thee; go in peace.
XV	12	John ii. 23	And many believed in him when they saw the signs which he was doing.
XV	13, 14	John ii. 24; John ii. 25	But Jesus did not trust himself to them, for he knew every man, and he needed not any man to testify to him concerning every man; for he knew what was in man.
XV	15	Luke x. 1	And after that, Jesus set apart from his disciples other seventy, and sent them two and two before his face to every region and city whither he was purposing to
XV	16	Luke x. 2	go. And he said unto them, The harvest is abundant, and the labourers are few:
XV	17	Luke x. 3	entreat now the Lord of the harvest, that he send forth labourers into his harvest. Go
XV	18	Luke x. 4	ye: and lo, I am sending you as lambs among wolves. Take not with you
XV	19	Luke x. 5	purses, nor a wallet, nor shoes; neither salute any man in the way. And
XV	20	Luke x. 6	whatsoever house ye enter, first salute that house: and if there be there a son of peace,
XV	21	Luke x. 7	let your peace rest upon him; but if there be not, your peace shall return to you. And be ye in that house eating and drinking what they have: for the labourer is worthy of
XV	22	Luke x. 8	his hire. And remove not from house to house. And into whatsoever city ye enter,
XV	23	Luke x. 9	and they receive you, eat what is presented to you: and heal the sick that are
XV	24	Luke x. 10	therein, and say unto them, The kingdom of God is come near unto you. But whatsoever city ye enter, and they receive you not, go out into the market, and say,
XV	25	Luke x. 11	Even the dust that clave to our feet from your city, we shake off against you; but
XV	26	Luke x. 12	know this, that the kingdom of God is come near unto you. I say unto you, that for Sodom there shall be quiet in the day of judgement, but there shall not be for
XV	27	Matt. xi. 20	that city. Then began Jesus to rebuke the cities in which there had been many
XV	28	Matt. xi. 21	mighty works, and they repented not. And he said, Woe unto thee, Chorazin! woe unto thee, Bethsaida! if there had been in Tyre and Sidon the signs which were in
XV	29	Matt. xi. 22	thee, it may be that they would have repented in sackcloth and ashes. Howbeit I say unto you, that for Tyre and Sidon there shall be rest in the day of judgement,
XV	30	Matt. xi. 23	more than for you. And thou, Capernaum, which art exalted unto heaven, shalt sink down unto Hades; for if there had been in Sodom the wonders which were
XV	31	Matt. xi. 24	in thee, it would have remained until this day. And now I say unto thee, that for the land of Sodom there shall be quiet in the day of judgement, more than for thee.
XV	32	Luke x. 16	And he said again unto his apostles, Whosoever heareth you heareth me; and whosoever heareth me heareth him that sent me: and whosoever wrongeth you wrongeth me; and whosoever wrongeth me wrongeth him that sent me.
XV	33	Luke x. 17	And those seventy returned with great joy, and said unto him, Our Lord, even
XV	34	Luke x. 18	the devils also are subject unto us in thy name. He said unto them, I beheld
XV	35	Luke x. 19	Satan fallen like lightning from heaven. Behold, I am giving you authority to tread upon serpents and scorpions, and the whole race of the enemy; and nothing shall
XV	36	Luke x. 20	hurt you. Only ye must not rejoice that the devils are subject unto you; but be glad that your names are written in heaven.
XV	37	Luke x. 21	And in that hour Jesus rejoiced in the Holy Spirit, and said, I acknowledge thee, my Father, Lord of heaven and earth, that thou didst hide these things from the wise and understanding, and didst reveal them unto children: yea, my Father; so
XV	38	Luke x. 22	was thy will. And he turned to his disciples, and said unto them, Everything hath been delivered to me of my Father: and no man knoweth who the Son is, save the Father; and who the Father is, save the Son, and to whomsoever the Son willeth
XV	39	Matt. xi. 28	to reveal him. Come unto me, all of you, ye that are wearied and bearers of burdens,
XV	40	Matt. xi. 29	and I will give you rest. Bear my yoke upon you, and learn of me; for I
XV	41	Matt. xi. 30	am gentle and lowly in my heart: and ye shall find rest unto your souls. For my yoke is pleasant, and my burden is light.
XV	42	Luke xiv. 25	And while great multitudes were going with him, he turned, and said unto them,
XV	43	Luke xiv. 26	Whosoever cometh unto me, and hateth not his father, and his mother, and his brethren, and his sisters, and his wife, and his children, and himself also, cannot
XV	44	Luke xiv. 27	be a disciple to me. And whosoever doth not take his cross, and follow
XV	45	Luke xiv. 28	me, cannot be a disciple to me. Which of you desireth to build a tower, and doth not sit down first and reckon his expenses and whether he hath enough to
XV	46	Luke xiv. 29	complete it? lest when he hath laid the foundations, and is not able to finish, all that
XV	47	Luke xiv. 30	behold him laugh at him, and say, This man began to build, and was not able to
XV	48	Luke xiv. 31	finish. Or what king goeth to the battle to fight with another king, and doth not consider first whether he is able with ten thousand to meet him that cometh to him
XV	49	Luke xiv. 32	with twenty thousand? And if he is not able, he sendeth unto him while he is afar
XV	50	Luke xiv. 33	off, and seeketh peace. So shall every man of you consider, that desireth to be a disciple to me; for if he renounceth not all that he hath, he cannot be a disciple to me. Footnotes[edit]
XVI	1	Matt. xii. 38	Then answered certain of the scribes and Pharisees, that they might tempt him,
XVI	2	Matt. xii. 39	and said, Teacher, we desire to see a sign from thee. He answered and said, This evil and adulterous generation seeketh a sign; and it shall not be given a sign,
XVI	3	Luke xi. 30	except the sign of Jonah the prophet. And as Jonah was a sign to the inhabitants
XVI	4	Matt. xii. 40	of Nineveh, so shall the Son of man also be to this generation. And as Jonah was in the belly of the great fish three days and three nights, so shall the Son of man
XVI	5	Luke xi. 31	be in the heart of the earth three days and three nights. The queen of the south shall rise in the judgement with the people of this generation, and condemn them: for she came from the ends of the earth that she might hear the wisdom of Solomon;
XVI	6	Matt. xii. 41	and behold, here is a better than Solomon. The men of Nineveh shall stand in the judgement with this generation, and condemn it: for they repented at
XVI	7	Luke xi. 24	the preaching of Jonah; and behold, here is a greater than Jonah. The unclean spirit, when he goeth out of the man, departeth, and goeth about through places wherein are no waters, that he may find rest for himself; and when he findeth it not, he
XVI	8	Luke xi. 25	saith, I will return to my house whence I came out. And if he come and find it
XVI	9	Luke xi. 26	adorned and set in order, then he goeth, and associateth with himself seven other spirits worse than himself; and they enter and dwell in it: and the end of that man
XVI	10	Matt. xii. 45	shall be worse than his beginning. Thus shall it be unto this evil generation.
XVI	11	Luke xi. 27	And while he was saying that, a woman from the multitude lifted up her voice, and said unto him, Blessed is the womb that bare thee, and the breasts that nursed
XVI	12	Luke xi. 28	thee. But he said unto her, Blessed is he that heareth the word of God, and keepeth it.
XVI	13	Matt. xii. 46	And while he was speaking unto the multitude, there came unto him his mother
XVI	14	Matt. xii. 46	and his brethren, and sought to speak with him; and they were not able, because of
XVI	15	Mark iii. 31	the multitude; and they stood without and sent, calling him unto them. A man said unto him, Behold, thy mother and thy brethren are standing without, and seek to
XVI	16	Matt. xii. 48	speak with thee. But he answered unto him that spake unto him, Who is my
XVI	17	Matt. xxii. 49	mother? and who are my brethren? And he beckoned with his hand, stretching it out towards his disciples, and said, Behold, my mother! and behold, my brethren!
XVI	18	Matt. xii. 50	And every man that shall do the will of my Father which is in heaven is my brother, and my sister, and my mother.
XVI	19	Luke viii. 1	And after that, Jesus was going about in the cities and in the villages, and proclaiming and preaching the kingdom of God, and his twelve with him,
XVI	20	Luke viii. 2	and the women which had been healed of diseases and of evil spirits, Mary
XVI	21	Luke viii. 3	that was called Magdalene, from whom he had cast out seven devils, and Joanna the wife of Chuza Herod’s steward, and Susanna, and many others, who were ministering to them of their substance.
XVI	22	Matt. xiii. 1; Matt. xiii. 2	And after that, Jesus went out of the house, and sat on the sea shore. And there
XVI	23		gathered unto him great multitudes. And when the press of the people was great upon him, he went up and sat in the boat; and all the multitude was standing on the
XVI	24	Matt. xiii. 3	shore of the sea. And he spake to them much in parables, and said, The sower
XVI	25	Matt. xiii. 4	went forth to sow: and when he sowed, some fell on the beaten highway; and it was
XVI	26	Matt. xiii. 5	trodden upon, and the birds ate it. And other fell on the rocks: and some, where there was not much earth; and straightway it sprang up, because it had no depth in
XVI	27	Matt. xiii. 6	the earth: and when the sun rose, it withered; and because it had no root, it dried
XVI	28	Luke viii. 7	up. And some fell among thorns; and the thorns sprang up with it, and choked it;
XVI	29	Luke viii. 8	and it yielded no fruit. And other fell into excellent and good ground; and it came up, and grew, and brought forth fruit, some thirty, and some sixty, and some
XVI	30	Luke viii. 8	a hundred. And when he said that, he cried, He that hath ears that hear, let him
XVI	31	Mark iv. 10	hear. And when they were alone, his disciples came, and asked him, and said unto
XVI	32	Mark iv. 11	him, What is this parable? and why spakest thou unto them in parables? He answered and said unto them, Unto you is given the knowledge of the secrets of the kingdom of God; but it is not given unto them that are
XVI	33	Matt. xiii. 12	without. He that hath shall be given unto, and there shall be added; and he that
XVI	34	Matt. xiii. 13	hath not, that which he hath shall be taken from him also. For this cause therefore I speak unto them in parables; because they see, and see not; and hear, and hear
XVI	35	Matt. xiii. 14	not, nor understand. And in them is being fulfilled the prophecy of Isaiah, who said, Hearing they shall hear, and shall not understand; And seeing they shall see, and shall not perceive:
XVI	36	Matt. xiii. 15	The heart of this people is waxed gross, And their hearing with their ears is become heavy, And they have closed their eyes; Lest they should see with their eyes, And hear with their ears, And understand with their hearts, And should return, And I should heal them.
XVI	37, 38	Matt. xiii. 16; Luke x. 23	But ye, blessed are your eyes, which see; and your ears, which hear. Blessed
XVI	39	Matt. xiii. 17	are the eyes which see what ye see. Verily I say unto you, Many of the prophets and the righteous longed to see what ye see, and saw not; and to hear what ye
XVI	40	Mark iv. 13	hear, and heard not. When ye know not this parable, how shall ye know all parables?
XVI	41, 42	Matt. xiii. 18; Mark iv. 14	Hear ye the parable of the sower. The sower which sowed, sowed the word
XVI	43	Matt. xiii. 19	of God. Every one who heareth the word of the kingdom, and understandeth it not, the evil one cometh and snatcheth away the word that hath been sown in his
XVI	44	Matt. xiii. 20	heart: and this is that which was sown on the middle of the highway. But that which was sown on the rocks is he that heareth the word, and straightway receiveth
XVI	45, 46	Matt. xiii. 21; Luke viii. 13	it with joy; only, it hath no root in his soul, but his belief in it is for a time; and whenever there is distress or persecution because of a word, he
XVI	47	Matt. xiii. 22; Mark iv. 19	stumbleth quickly. And that which was sown among the thorns is he that heareth the word; and the care of this world, and the error of riches, and the rest of the
XVI	48	Luke viii. 15; Matt. xiii. 23	other lusts enter, and choke the word, and it becometh without fruit. And that which was sown in good ground is he that heareth my word in a pure and good heart, and understandeth it, and holdeth to it, and bringeth forth fruit with patience, and produceth either a hundredfold or sixtyfold or thirty.
XVI	49	Mark iv. 26	And he said, So is the kingdom of God, like a man who casteth seed into the
XVI	50	Mark iv. 27	earth, and sleepeth and riseth by night and day, and the seed groweth and cometh
XVI	51	Mark iv. 28	up, whence he knoweth not. And the earth bringeth it to the fruit; and first it
XVI	52	Mark iv. 29	will be blade, and after it ear, and at last perfect wheat in the ear: and whenever the fruit ripeneth, he bringeth immediately the sickle, for the harvest hath come. Footnotes[edit]
XVII	1	Matt. xiii. 24	And he set forth to them another parable, and said, The kingdom of heaven is
XVII	2	Matt. xiii. 25	like a man who sowed good seed in his field; but when men slept, his enemy came
XVII	3	Matt. xiii. 26	and sowed tares among the wheat, and went away. And when the blade sprang up
XVII	4	Matt. xiii. 27	and brought forth fruit, there were noticed the tares also. And the servants of the master of the house came, and said unto him, Our lord, didst thou not sow good
XVII	5	Matt. xiii. 28	seed in thy field? whence are there tares in it? He said unto them, An enemy hath done this. His servants said unto him, Wilt thou that we go
XVII	6	Matt. xiii. 29	and separate it? He said unto them, Perhaps, when ye separate the tares, ye would
XVII	7	Matt. xiii. 30	root up with them wheat also. Leave them to grow both together until the harvest: and in the time of the harvest I will say unto the reapers, Separate the tares first, and bind them in bundles to be burned with fire; and gather the wheat into my barns.
XVII	8, 9	Matt. xiii. 31; Luke xiii. 18	And he set forth to them another parable, and said, To what is the kingdom of
XVII	10	Mark iv. 30	God like? and to what shall I liken it? and in what parable shall I set it forth? It
XVII	11	Matt. xiii. 31	is like a grain of mustard seed, which a man took, and planted in his field: and of the number of the things that are sown in the earth it is smaller than all of the things
XVII	12	Matt. xiii. 32	which are sown, which are upon the earth; but when it is grown, it is greater than all the herbs, and produceth large branches, so that the birds of heaven make their nests in its branches.
XVII	13, 14	Mark iv. 33; Luke xiii. 20	And he set forth to them another parable: To what shall I liken the kingdom of
XVII	15	Matt. xiii. 33	God? It is like the leaven which a woman took, and kneaded into three measures of flour, until the whole of it was leavened.
XVII	16	Matt. xiii. 34	And Jesus spake all that to the multitudes by way of parables, according as they
XVII	17	Matt. xiii. 34	were able to hear. And without parables spake he not unto them; that the saying of the Lord through the prophet might be fulfilled: I will open my mouth in parables; And I will utter secrets which were before the foundations of the world.
XVII	18	Mark iv. 34	But he explained to his disciples privately everything.
XVII	19	Matt. xiii. 36	Then Jesus left the multitudes, and came to the house. And his disciples came unto him, and said unto him, Explain unto us that parable about the tares
XVII	20	Matt. xiii. 37	and the field. He answered and said unto them, He that sowed good seed is
XVII	21	Matt. xiii. 38	the Son of man; and the field is the world; and the good seed are the children of the
XVII	22	Matt. xiii. 39	kingdom; and the tares are the children of the evil one; and the enemy that sowed them is Satan; and the harvest is the end of the world; and the reapers are the angels.
XVII	23	Matt. xiii. 40	And as the tares are separated and burned in the fire, so shall it be in the end of
XVII	24	Matt. xiii. 41	this world. The Son of man shall send his angels, and separate from his kingdom
XVII	25	Matt. xiii. 42	all things that injure, and all the doers of iniquity, and they shall cast them into the
XVII	26	Matt. xiii. 43	furnace of fire: and there shall be weeping and gnashing of teeth. Then the righteous shall shine as the sun in the kingdom of their Father. Whosoever hath ears that hear, let him hear.
XVII	27	Matt. xiii. 44	And again the kingdom of heaven is like treasure hid in a field: that which a man found and hid; and, for his pleasure in it, went and sold all that he had, and bought that field.
XVII	28	Matt. xiii. 45	And again the kingdom of heaven is like a man that is a merchant seeking excellent
XVII	29	Matt. xiii. 46	pearls; and when he found one pearl of great price, he went and sold everything that he had, and bought it.
XVII	30	Matt. xiii. 47	And again the kingdom of heaven is like a net that was cast into the sea, and
XVII	31	Matt. xiii. 48	gathered of every kind: and when it was filled, they drew it up on to the shore of the sea, and sat down to select; and the good of them they threw into the vessels,
XVII	32	Matt. xiii. 49	and the bad they threw outside. Thus shall it be in the end of the world: the angels
XVII	33	Matt. xiii. 50	shall go forth, and separate the wicked from among the good, and shall cast them into the furnace of fire: there shall be weeping and gnashing of teeth.
XVII	34	Matt. xiii. 51	Jesus said unto them, Have ye understood all these things? They said unto
XVII	35	Matt. xiii. 52	him, Yea, our Lord. He said unto them, Therefore every scribe that becometh a disciple of the kingdom of heaven is like a man that is a householder, who bringeth out of his treasures the new and the old.
XVII	36, 37	Matt. xiii. 53; Matt. xiii. 54	And when Jesus had finished all these parables, he removed thence, and came to his city; and he taught them in their synagogues, so that they were perplexed.
XVII	38	Mark vi. 2	And when the sabbath came, Jesus began to teach in the synagogue; and many of
XVII	39		those that heard marvelled, and said, Whence came these things to this man? And many envied him and gave no heed to him, but said, What is this wisdom that is given to this man, that there should happen at his hands such as these mighty works?
XVII	40	Matt. xiii. 55	Is not this a carpenter, son of a carpenter? and is not his mother called Mary? and
XVII	41	Matt. xiii. 56	his brethren, James, and Joses, and Simon, and Judas? And his sisters, all of them,
XVII	42	Matt. xiii. 57; Luke iv. 23	lo, are they not all with us? Whence hath this man all these things? And they were in doubt concerning him. And Jesus knew their opinion, and said unto them, Will ye haply say unto me this proverb, Physician, heal first thyself: and all that
XVII	43	Luke iv. 24	we have heard that thou didst in Capernaum, do here also in thine own city? And he said, Verily I say unto you, A prophet is not received in his own city, nor among
XVII	44	Mark vi. 4	his brethren: for a prophet is not despised, save in his own city, and among his own
XVII	45	Luke iv. 25	kin, and in his own house. Verily I say unto you, In the days of Elijah the prophet, there were many widows among the children of Israel, when the heaven held back
XVII	46	Luke iv. 26	three years and six months, and there was a great famine in all the land; and Elijah was not sent to one of them, save to Zarephath of Sidon, to a woman that was
XVII	47	Luke iv. 27	a widow. And many lepers were among the children of Israel in the days of Elisha the prophet; but not one of them was cleansed, save Naaman the Nabathæan.
XVII	48	Mark vi. 5	And he was not able to do there many mighty works, because of their unbelief;
XVII	49	Mark vi. 6	except that he laid his hand upon a few of the sick, and healed them. And he marvelled
XVII	50	Luke iv. 28	at their lack of faith. And when those who were in the synagogue heard,
XVII	51	Luke iv. 29	they were all filled with wrath; and they rose up, and brought him forth outside the city, and brought him to the brow of the hill upon which their city was built, that
XVII	52	Luke iv. 30	they might cast him from its summit: but he passed through among them and went away.
XVII	53	Mark vi. 6	And he went about in the villages which were around Nazareth, and taught in their synagogues. Footnotes[edit]
XVIII	1	Matt. xiv. 1; Mark vi. 14	At that time Herod the tetrarch heard of the fame of Jesus, and all the things which came to pass at his hand; and he marvelled, for he had obtained excellent
XVIII	2	Luke ix. 7	information concerning him. And some men said that John the Baptist was risen
XVIII	3	Luke ix. 8	from among the dead; and others said that Elijah had appeared; and others, Jeremiah;
XVIII	4	Luke ix. 8	and others, that a prophet of the old prophets was risen; and others said that he
XVIII	5	Mark vi. 16	was a prophet like one of the prophets. Herod said to his servants, This is John the Baptist, he whom I beheaded; he is risen from among the dead: therefore mighty
XVIII	6	Mark vi. 17	works result from him. For Herod himself had sent and taken John, and cast him into prison, for the sake of Herodias his brother Philip’s wife, whom he
XVIII	7	Mark vi. 18	had taken. And John said to Herod, Thou hast no authority to take the wife of thy
XVIII	8	Mark vi. 19	brother. And Herodias avoided him and wished to kill him; and she could not.
XVIII	9	Mark vi. 20	But Herod feared John, for he knew that he was a righteous man and a holy; and
XVIII	10	Matt. xiv. 5	he guarded him, and heard him much, and did, and obeyed him with gladness. And he wished to kill him; but he feared the people, for they adhered to him as the
XVIII	11	Mark vi. 21	prophet. And there was a celebrated day, and Herod had made a feast for his great men on the day of his anniversary, and for the officers and for the chief men
XVIII	12	Mark vi. 22	of Galilee. And the daughter of Herodias came in and danced in the midst of the company, and pleased Herod and those that sat with him. And the king said to the
XVIII	13	Mark vi. 23	damsel, Ask of me what thou wilt, and I will give it thee. And he sware unto her,
XVIII	14	Mark vi. 24	Whatsoever thou shalt ask, I will give it thee, to the half of my kingdom. And she went out, and said unto her mother, What shall I ask him? She said unto her, The
XVIII	15	Mark vi. 25	head of John the Baptist. And immediately she came in hastily to the king, and said unto him, I desire in this hour that thou give me on a dish the head of John
XVIII	16	Mark vi. 26	the Baptist. And the king was exceeding sorry; but because of the oath and the
XVIII	17	Mark vi. 27	guests he did not wish to refuse her. But immediately the king sent an executioner, and commanded that he should bring the head of John: and he went and cut off
XVIII	18	Mark vi. 28	the head of John in the prison, and brought it on a dish, and delivered it to the
XVIII	19	Mark vi. 29; Matt. xiv. 12	damsel; and the damsel gave it to her mother. And his disciples heard, and came and took his body, and buried it. And they came and told Jesus what
XVIII	20	Luke ix. 9	had happened. And for this cause Herod said, I beheaded John: who
XVIII	21	Matt. xiv. 13	is this, of whom I hear these things. And he desired to see him. And Jesus, when he heard, removed thence in a boat to a waste place alone, to the other side of the sea of the Galilee of Tiberias.
XVIII	22	Mark vi. 33; John vi. 2	And many saw them going, and knew them, and hastened by land from all the cities, and came thither beforehand; for they saw the signs which he was doing on the
XVIII	23, 24	John vi. 3; John vi. 4	sick. And Jesus went up into the mountain, and sat there with his disciples. And
XVIII	25	John vi. 5; Mark vi. 34	the feast of the passover of the Jews was near. And Jesus lifted up his eyes, and saw great multitudes coming to him. And he was moved with compassion for them, for
XVIII	26	Luke ix. 11	they were like sheep that were without a shepherd. And he received them, and spake to them concerning the kingdom of God, and healed those who had need of healing.
XVIII	27	Matt. xiv. 15	And when the evening approached, his disciples came to him, and said unto
XVIII	28	Mark vi. 36	him, The place is desert, and the time is past; send away the multitudes of the people, that they may go to the towns and villages which are around us, and buy for
XVIII	29	Matt. xiv. 16	themselves bread; for they have nothing to eat. But he said unto them, They have
XVIII	30	Matt. xiv. 17; John vi. 5	no need to go away; give ye them what may be eaten. They said unto him, We have not here enough. He said unto Philip, Whence shall we buy bread that these may eat?
XVIII	31, 32	John vi. 6; John vi. 7	And he said that proving him; and he knew what he was resolved to do. Philip said unto him, Two hundred pennyworth of bread would not suffice them after
XVIII	33	John vi. 8	every one of them hath taken a small amount. One of his disciples said unto
XVIII	34	John vi. 9	him (namely, Andrew the brother of Simon Cephas), Here is a lad having five loaves
XVIII	35	Luke ix. 13	of barley and two fishes: but this amount, what is it for all these? But wilt thou that we go and buy for all the people what may be eaten? for we have no more
XVIII	36	John vi. 10	than these five loaves and the two fishes. And the grass was plentiful in that place. Jesus said unto them, Arrange all the people that they may sit down on the grass,
XVIII	37	Mark vi. 40	fifty people in a company. And the disciples did so. And all the people sat down
XVIII	38	Matt. xiv. 18	by companies, by hundreds and fifties. Then Jesus said unto them, Bring hither
XVIII	39	Mark vi. 41	those five loaves and the two fishes. And when they brought him that, Jesus took the bread and the fish, and looked to heaven, and blessed, and divided, and gave to
XVIII	40	Matt. xiv. 19	his disciples to set before them; and the disciples set for the multitudes the bread
XVIII	41	Matt. xiv. 20	and the fish; and they ate, all of them, and were satisfied. And when they were satisfied, he said unto his disciples, Gather the fragments that remain over, that nothing
XVIII	42	John vi. 13	be lost. And they gathered, and filled twelve baskets with fragments, being those that remained over from those which ate of the five barley loaves and the two
XVIII	43	Matt. xiv. 21	fishes. And those people who ate were five thousand, besides the women and children.
XVIII	44	Mark vi. 45	And straightway he pressed his disciples to go up into the ship, and that they should go before him unto the other side to Bethsaida, while he
XVIII	45	John vi. 14	himself should send away the multitudes. And those people who saw the sign which
XVIII	46	John vi. 15	Jesus did, said, Of a truth this is a prophet who hath come into the world. And Jesus knew their purpose to come and take him, and make him a king; and he left them, and went up into the mountain alone for prayer.
XVIII	47, 48	John vi. 16; John vi. 17	And when the nightfall was near, his disciples went down unto the sea, and sat in a boat, and came to the side of Capernaum. And the darkness came on, and Jesus
XVIII	49	John vi. 18	had not come to them. And the sea was stirred up against them by reason of a violent
XVIII	50	Matt. xiv. 24	wind that blew. And the boat was distant from the land many furlongs, and they were much damaged by the waves, and the wind was against them. Footnotes[edit]
XIX	1	Matt. xiv. 25	And in the fourth watch of the night Jesus came unto them, walking upon the
XIX	2	John vi. 19	water, after they had rowed with difficulty about twenty-five or thirty furlongs.
XIX	3	Matt. xiv. 26	And when he drew near unto their boat, his disciples saw him walking on the water; and they were troubled, and supposed that it was a false appearance; and they cried
XIX	4	Matt. xiv. 27	out from their fear. But Jesus straightway spoke unto them, and said, Take courage,
XIX	5	Matt. xiv. 28	for it is I; fear not. Then Cephas answered and said unto him, My Lord, if it be thou,
XIX	6	Matt. xiv. 29	bid me to come unto thee on the water. And Jesus said unto him, Come. And
XIX	7	Matt. xiv. 30	Cephas went down out of the boat, and walked on the water to come unto Jesus. But when he saw the wind strong, he feared, and was on the point of sinking;
XIX	8	Matt. xiv. 31	and he lifted up his voice, and said, My Lord, save me. And immediately our Lord stretched out his hand and took hold of him, and said unto him,
XIX	9	Matt. xiv. 32	Thou of little faith, why didst thou doubt? And when Jesus came near, he went up
XIX	10	Matt. xiv. 33	unto them into the boat, he and Simon, and immediately the wind ceased. And those that were in the ship came and worshipped him, and said, Truly thou art the
XIX	11	John vi. 21	Son of God. And straightway that ship arrived at the land which they made for.
XIX	12	Mark vi. 54	And when they came out of the ship to the land, they marvelled greatly and were
XIX	13	Mark vi. 52	perplexed in themselves: and they had not understood by means of that bread, because their heart was gross.
XIX	14	Mark vi. 54	And when the people of that region knew of the arrival of Jesus, they made haste in all that land, and began to bring those that were diseased, borne in their
XIX	15	Mark vi. 56	beds to the place where they heard that he was. And wheresoever the place might be which he entered, of the villages or the cities, they laid the sick in the markets, and sought of him that they might touch were it only the edge of his garment: and all that touched him were healed and lived.
XIX	16	John vi. 22	And on the day after that, the multitude which was standing on the shore of the sea saw that there was there no other ship save that into which the disciples had
XIX	17	John vi. 23	gone up, and that Jesus went not up into the ship with his disciples (but there were other ships from Tiberias near the place where they ate the bread when Jesus blessed
XIX	18	John vi. 24	it): and when that multitude saw that Jesus was not there, nor yet his disciples, they
XIX	19	John vi. 25	went up into those ships, and came to Capernaum, and sought Jesus. And when they found him on the other side of the sea, they said unto him, Our
XIX	20	John vi. 26	Master, when camest thou hither? Jesus answered and said unto them, Verily, verily, I say unto you, Ye have not sought me because of your seeing the signs, but because of
XIX	21	John vi. 27	your eating the bread and being satisfied. Serve not the food which perisheth, but the food which abideth in eternal life, which the Son of man will give unto you: him
XIX	22	John vi. 28	hath God the Father sealed. They said unto him, What shall we do that we may
XIX	23	John vi. 29	work the work of God? Jesus answered and said unto them, This is the work of
XIX	24	John vi. 30	God, that ye believe in him whom he hath sent. They said unto him, What sign hast thou done, that we may see, and believe in thee? what hast thou wrought?
XIX	25	John vi. 31	Our fathers ate the manna in the wilderness; as it was written, Bread from heaven
XIX	26	John vi. 32	gave he them to eat. Jesus said unto them, Verily, verily, I say unto you, Moses gave you not bread from
XIX	27	John vi. 33	heaven; but my Father gave you the bread of truth from heaven. The bread of God is that which came down from heaven and gave the
XIX	28, 29	John vi. 34; John vi. 35	world life. They said unto him, Our Lord, give us at all times this bread. Jesus said unto them, I am the bread of life: whosoever cometh unto me shall not hunger,
XIX	30	John vi. 36	and whosoever believeth in me shall not thirst for ever. But I said unto you,
XIX	31	John vi. 37	Ye have seen me, and have not believed. And all that my Father hath given to me cometh unto me; and whosoever cometh unto me I shall not cast him forth without.
XIX	32	John vi. 38	I came down from heaven, not to do my own will, but to do the will of him
XIX	33	John vi. 39	that sent me; and this is the will of him that sent me, that I should lose nothing of
XIX	34	John vi. 40	that which he gave me, but raise it up in the last day. This is the will of my Father, that every one that seeth the Son, and believeth in him, should have eternal life; and I will raise him up in the last day.
XIX	35	John vi. 41	The Jews therefore murmured against him because of his saying, I am the bread
XIX	36	John vi. 42	which came down from heaven. And they said, Is not this Jesus, the son of Joseph, whose father and mother we know? then how saith this man, I came down from
XIX	37, 38	John vi. 43; John vi. 44	heaven? Jesus answered and said unto them, Murmur not one with another. No man is able to come unto me, except the Father which sent me draw him; and I will
XIX	39	John vi. 45	raise him up in the last day. It is written in the prophet, They shall all be the taught of God. Every one who heareth from the Father now, and learneth of him, cometh
XIX	40	John vi. 46	unto me. No man now seeth the Father; but he that is from God, he it is that seeth
XIX	41	John vi. 47	the Father. Verily, verily, I say unto you, Whosoever believeth in me hath eternal
XIX	42, 43	John vi. 48; John vi. 49	life. I am the bread of life. Your fathers ate the manna in the wilderness, and
XIX	44	John vi. 50	they died. This is the bread which came down from heaven, that a man may eat
XIX	45	John vi. 51; John vi. 51	of it, and not die. I am the bread of life which came down from heaven: and if a man eat of this bread he shall live for ever: and the bread which I shall give is my body, which I give for the life of the world.
XIX	46	John vi. 52	The Jews therefore quarrelled one with another, and said, How can he give us
XIX	47	John vi. 53	his body that we may eat it? Jesus said unto them, Verily, verily, I say unto you, If ye do not eat the body of the Son of man and drink his blood, ye shall
XIX	48	John vi. 54	not have life in yourselves. Whosoever eateth of my body and drinketh of my blood
XIX	49	John vi. 55	hath eternal life; and I will raise him up in the last day. My body truly is meat, and
XIX	50	John vi. 56	my blood truly is drink. Whosoever eateth my body and drinketh my blood abideth
XIX	51	John vi. 57	in me, and I in him— as the living Father sent me, and I am alive because of the
XIX	52	John vi. 58	Father; and whosoever eateth me, he also shall live because of me. This is the bread which came down from heaven: and not according as your fathers ate the
XIX	53	John vi. 59	manna, and died: whosoever eateth of this bread shall live for ever. This he said in
XIX	54	John vi. 60	the synagogue, when he was teaching in Capernaum. And many of his disciples, when they heard, said, This word is hard; who is he that can hear it? Footnotes[edit]
XX	1	John vi. 61	And Jesus knew within himself that his disciples were murmuring because of
XX	2	John vi. 62	that, and he said unto them, Doth this trouble you? What if ye should see the Son
XX	3	John vi. 63	of man then ascend to the place where he was of old? It is the spirit that quickeneth, and the body profiteth nothing: the words that I speak unto you are spirit
XX	4	John vi. 64	and life. But there are some of you that do not believe. And Jesus knew beforehand who they were who should not believe, and who it was that should betray
XX	5	John vi. 65	him. And he said unto them, Therefore I said unto you, No man can come unto me, if that hath not been given him by the Father.
XX	6	John vi. 66	And because of this word many of his disciples turned back and walked
XX	7	John vi. 67	not with him. And Jesus said unto the twelve, Do ye haply also wish to
XX	8	John vi. 68	go away? Simon Cephas answered and said, My Lord, to whom shall we go? thou
XX	9	John vi. 69	hast the words of eternal life. And we have believed and known that thou art the
XX	10	John vi. 70	Messiah, the Son of the living God. Jesus said unto them, Did not I choose you,
XX	11	John vi. 71	ye company of the twelve, and of you one is a devil? He said that because of Judas the son of Simon Iscariot; for he, being of the twelve, was purposed to betray him.
XX	12	Luke xi. 37	And while he was speaking, one of the Pharisees came asking of him that he
XX	13	Luke xi. 38	would eat with him: and he went in, and reclined to meat. And that Pharisee, when
XX	14	Luke xi. 39	he saw it, marvelled that he had not first cleansed himself before his eating. Jesus said unto him, Now do ye Pharisees wash the outside of the cup and the dish, and ye think that ye are cleansed; but your inside is full of injustice and wickedness.
XX	15, 16	Luke xi. 40; Luke xi. 41	Ye of little mind, did not he that made the outside make the inside? Now give what ye have in alms, and everything shall be clean unto you.
XX	17, 18	Mark vii. 1; Mark vii. 2	And there came to him Pharisees and scribes, come from Jerusalem. And when they saw some of his disciples eating bread while they had not washed their hands,
XX	19	Mark vii. 3	they found fault. For all of the Jews and the Pharisees, if they wash not their
XX	20	Mark vii. 4	hands thoroughly, eat not; for they held to the ordinance of the elders. And they ate not what was bought from the market, except they washed it; and many other things did they keep of what they had received, such as the washing of cups, and
XX	21	Mark vii. 5	measures, and vessels of brass, and couches. And scribes and Pharisees asked him, Why do thy disciples not walk according to the ordinances of the elders, but
XX	22	Matt. xv. 3	eat bread without washing their hands? Jesus answered and said unto them, Why do ye also overstep the command of God by reason of your ordinance?
XX	23	Matt. xv. 4	God said, Honour thy father and thy mother; and, Whosoever revileth his father and
XX	24	Mark vii. 11	his mother shall surely die. But ye say, If a man say to his father or to his mother,
XX	25	Mark vii. 12	What thou receivest from me is an offering,— and ye suffer him not to do anything
XX	26	Mark vii. 13	for his father or his mother; and ye make void and reject the word of God by reason of the ordinance that ye have ordained and commanded, such as the washing
XX	27	Mark vii. 8	of cups and measures, and what resembles that ye do much. And ye forsook
XX	28	Mark vii. 9	the command of God, and held to the ordinance of men. Do ye well to wrong
XX	29	Matt. xv. 7	the command of God in order that ye may establish your ordinance? Ye hypocrites, well did Isaiah the prophet prophesy concerning you, and say,
XX	30	Matt. xv. 8	This people honoureth me with its lips; But their heart is very far from me.
XX	31	Matt. xv. 9	But in vain do they fear me, In that they teach the commands of men.
XX	32	Mark vii. 14	And Jesus called all the multitude, and said unto them, Hear me, all of you, and
XX	33	Mark vii. 15	understand: nothing without the man, which then enters him, is able to defile him;
XX	34	Mark vii. 16	but what goeth out of him, that it is which defileth the man. He that hath ears
XX	35	Matt. xv. 12	that hear, let him hear. Then his disciples drew near, and said unto him, Knowest
XX	36	Matt. xv. 13	thou that the Pharisees which heard this word were angry? He answered and said unto them, Every plant which my Father which is in heaven planted not shall be
XX	37	Matt. xv. 14	uprooted. Let them alone; for they are blind leading blind. And if the blind lead the blind, both of them shall fall into a hollow.
XX	38	Mark vii. 17	And when Jesus entered the house from the multitude, Simon Cephas asked him,
XX	39	Mark vii. 18	and said unto him, My Lord, explain to us that parable. He said unto them, Do ye also thus not understand? Know ye not that everything that entereth into the
XX	40	Mark vii. 19	man from without cannot defile him; because it entereth not into his heart; it entereth into his stomach only, and thence is cast forth in the cleansing which maketh
XX	41	Matt. xv. 18	clean all the food? The thing which goeth forth from the mouth of the man proceedeth
XX	42	Mark vii. 21	from his heart, and it is that which defileth the man. From within the
XX	43	Mark vii. 22	heart of men proceed evil thoughts, fornication, adultery, theft, false witness, murder, injustice, wickedness, deceit, stupidity, evil eye, calumny, pride, foolishness:
XX	44	Mark vii. 23	these evils all of them from within proceed from the heart, and they are the things
XX	45	Matt. xv. 20	which defile the man: but if a man eat while he washeth not his hands, he is not defiled.
XX	46	Matt. xv. 21	And Jesus went out thence, and came to the borders of Tyre and Sidon. And he entered into a certain house, and desired that no man should know it; and
XX	47	Mark vii. 25	he could not be hid. But straightway a Canaanitish woman, whose daughter had an
XX	48, 49	Mark vii. 26; Matt. xv. 22	unclean spirit, heard of him. And that woman was a Gentile of Emesa of Syria. And she came out after him, crying out, and saying, Have mercy upon me, my Lord, thou
XX	50	Matt. xv. 23	son of David; for my daughter is seized in an evil way by Satan. And he answered her not a word. And his disciples came and besought him, and said, Send
XX	51	Matt. xv. 24	her away: for she crieth after us. He answered and said unto them, I was
XX	52	Matt. xv. 25	not sent except to the sheep that are gone astray of the house of Israel. But she came and worshipped him, and said, My Lord, help me, have mercy upon me.
XX	53	Matt. xv. 26	Jesus said unto her, It is not seemly that the children’s bread should be taken and
XX	54	Matt. xv. 27	thrown to the dogs. But she said, Yea, my Lord: the dogs also eat of the crumbs
XX	55	Matt. xv. 28	that fall from their masters’ tables, and live. Then said Jesus unto her, O woman,
XX	56	Mark vii. 29	great is thy faith: it shall be unto thee as thou hast desired. Go then thy way; and
XX	57	Matt. xv. 28	because of this word, the devil is gone out of thy daughter. And her daughter was
XX	58	Mark vii. 30	healed in that hour. And that woman went away to her house, and found her daughter laid upon the bed, and the devil gone out of her. Footnotes[edit]
XXI	1	Mark vii. 31	And Jesus went out again from the borders of Tyre and Sidon, and came to the
XXI	2	Mark vii. 32	sea of Galilee, towards the borders of Decapolis. And they brought unto him one dumb and deaf, and entreated him that he would lay his hand upon him and heal
XXI	3	Mark vii. 33	him. And he drew him away from the multitude, and went away alone, and spat
XXI	4	Mark vii. 34	upon his fingers, and thrust them into his ears, and touched his tongue; and looked
XXI	5	Mark vii. 35	to heaven, and sighed, and said unto him, Be opened. And in that hour his ears
XXI	6	Mark vii. 36	were opened, and the bond of his tongue was loosed, and he spake with ease. And Jesus charged them much that they should not tell this to any man: but the more
XXI	7	Mark vii. 37	he charged them, the more they increased in publishing, and marvelled much, and said, This man doeth everything well: he made the deaf to hear, and those that lacked speech to speak.
XXI	8, 9	John iv. 4; John iv. 5	And while he was passing through the land of Samaria, he came to one of the cities of the Samaritans, called Sychar, beside the field which Jacob gave to Joseph to
XXI	10	John iv. 6	his son. And there was there a spring of water of Jacob’s. And Jesus was fatigued from the exertion of the way, and sat at the spring. And the time was about the
XXI	11	John iv. 7	sixth hour. And a woman of Samaria came to draw water; and Jesus said unto
XXI	12	John iv. 8	her, Give me water, that I may drink. And his disciples had entered into the city
XXI	13	John iv. 9	to buy for themselves food. And that Samaritan woman said unto him, How dost thou, being a Jew, ask me to give thee to drink, while I am a Samaritan woman?
XXI	14	John iv. 10	(And the Jews mingle not with the Samaritans. ) Jesus answered and said unto her, If thou knewest the gift of God, and who this is that said unto thee, Give me
XXI	15	John iv. 11	to drink; thou wouldest ask him, and he would give thee the water of life. That woman said unto him, My Lord, thou hast no bucket, and the well is deep: from
XXI	16	John iv. 12	whence hast thou the water of life? Can it be that thou art greater than our father Jacob, who gave us this well, and drank from it, and his children, and his sheep?
XXI	17	John iv. 13	Jesus answered and said unto her, Every one that drinketh of this water shall thirst
XXI	18	John iv. 14	again: but whosoever drinketh of the water which I shall give him shall not thirst for ever: but the water which I shall give him shall be in him a spring of water springing
XXI	19	John iv. 15	up unto eternal life. That woman said unto him, My Lord, give me of this water, that
XXI	20	John iv. 16	I may not thirst again, neither come and draw water from here. Jesus said unto her,
XXI	21	John iv. 17	Go and call thy husband, and come hither. She said unto him, I have no
XXI	22	John iv. 18	husband. Jesus said unto her, Thou saidst well, I have no husband: five husbands hast thou had, and this man whom thou hast now is not thy husband; and
XXI	23	John iv. 19	in this thou saidst truly. That woman said unto him, My Lord, I perceive thee to
XXI	24	John iv. 20	be a prophet. Our fathers worshipped in this mountain; and ye say that in Jerusalem
XXI	25	John iv. 21	is the place in which worship must be. Jesus said unto her, Woman, believe me, an hour cometh, when neither in this mountain, nor yet in Jerusalem, shall ye worship
XXI	26	John iv. 22	the Father. Ye worship that which ye know not: but we worship that which
XXI	27	John iv. 23	we know: for salvation is of the Jews. But an hour cometh, and now is, when the true worshippers shall worship the Father in spirit and truth: and the Father also
XXI	28	John iv. 24	seeketh such as these worshippers. For God is a Spirit: and they that worship him
XXI	29	John iv. 25	must worship him in spirit and in truth. That woman said unto him, I know that
XXI	30	John iv. 26	the Messiah cometh: and when he is come, he will teach us everything. Jesus said unto her, I that speak unto thee am he.
XXI	31	John iv. 27	And while he was speaking, his disciples came; and they wondered how he would speak with a woman; but not one of them said unto him, What seekest thou? or,
XXI	32	John iv. 28	What speakest thou with her? And the woman left her waterpot, and went to the
XXI	33	John iv. 29	city, and said to the people, Come, and see a man who told me all that ever I did:
XXI	34	John iv. 30	perhaps then he is the Messiah. And people went out from the city, and came to
XXI	35	John iv. 31	him. And in the mean while his disciples besought him, and said unto him, Our
XXI	36, 37	John iv. 32; John iv. 33	master, eat. And he said unto them, I have food to eat that ye know not. And the disciples said amongst themselves, Can any one have brought him aught to eat?
XXI	38	John iv. 34	Jesus said unto them, My food is to do the will of him that sent me, and to accomplish
XXI	39	John iv. 35	his work. Said ye not that after four months cometh the harvest? behold, I therefore say unto you, Lift up your eyes, and behold the lands,
XXI	40	John iv. 36	that they have become white, and the harvest is already come. And he that reapeth receiveth his wages, and gathereth the fruit of eternal life; and the sower and
XXI	41	John iv. 37	the reaper rejoice together. For in this is found the word of truth, One soweth, and
XXI	42	John iv. 38	another reapeth. And I sent you to reap that in which ye have not laboured: others laboured, and ye have entered on their labour.
XXI	43	John iv. 39	And from that city many of the Samaritans believed in him because of the words
XXI	44	John iv. 40	of that woman, who testified and said, He told me all that ever I did. And when those Samaritans came unto him, they besought him to abide with them; and he
XXI	45, 46	John iv. 41; John iv. 42	abode with them two days. And many believed in him because of his word; and they said to that woman, Now not because of thy saying have we believed in him: we have heard and known that this truly is the Messiah, the Saviour of the world.
XXI	47, 48	John iv. 43; John iv. 44	And after two days Jesus went out thence and departed to Galilee. And Jesus
XXI	49	John iv. 45	testified that a prophet is not honoured in his own city. And when he came to Galilee, the Galilæans received him. Footnotes[edit]
XXII	1	Luke v. 12	And when Jesus came to a certain village, there drew near to him a leper, and fell at his feet, and besought him, and said unto him, If thou wilt, thou art able to
XXII	2	Mark i. 41	cleanse me. And Jesus had mercy upon him, and stretched forth his hand, and
XXII	3	Mark i. 42	touched him, and said, I will cleanse thee. And immediately his leprosy departed
XXII	4	Mark i. 43	from him, and he was cleansed. And he sternly charged him, and sent him out,
XXII	5	Mark i. 44	and said unto him, See that thou tell not any man: but go and shew thyself to the priests, and offer an offering for thy cleansing as Moses commanded
XXII	6	Mark i. 45	for their testimony. But he, when he went out, began to publish much, and spread abroad the news, so that Jesus could not enter into any of the cities openly, for the extent to which the report of him spread, but he remained without in a desert
XXII	7	Luke v. 15	place. And much people came unto him from one place and another, to hear
XXII	8	Luke v. 16	his word, and that they might be healed of their pains. And he used to withdraw from them into the desert, and pray.
XXII	9	John v. 1	And after that, was the feast of the Jews; and Jesus went up to Jerusalem.
XXII	10	John v. 2	And there was in Jerusalem a place prepared for bathing, which was called in
XXII	11	John v. 3	Hebrew the House of Mercy, having five porches. And there were laid in them much people of the sick, and blind, and lame, and paralysed, waiting for the moving
XXII	12	John v. 4	of the water. And the angel from time to time went down into the place of bathing, and moved the water; and the first that went down after the moving
XXII	13	John v. 5	of the water, every pain that he had was healed. And a man was there who had a
XXII	14	John v. 6	disease for thirty-eight years. And Jesus saw this man laid, and knew that he had
XXII	15	John v. 7	been thus a long time; and he said unto him, Wouldest thou be made whole? That diseased one answered and said, Yea, my Lord, I have no man, when the water moveth, to put me into the bathing-place; but when I come, another goeth down before
XXII	16, 17	John v. 8; John v. 9	me. Jesus said unto him, Rise, take thy bed, and walk. And immediately that man was healed; and he rose, and carried his bed, and walked.
XXII	18	John v. 10	And that day was a sabbath. And when the Jews saw that healed one, they said
XXII	19	John v. 11	unto him, It is a sabbath: thou hast no authority to carry thy bed. And he answered and said unto them, He that made me whole, the same said unto me, Take thy bed,
XXII	20	John v. 12	and walk. They asked him therefore, Who is this man that said unto thee,
XXII	21	John v. 13	Take thy bed, and walk? But he that was healed knew not who it was; for Jesus had removed from that place to another, because of the press of the great multitude
XXII	22	John v. 14	which was in that place. And after two days Jesus happened upon him in the temple, and said unto him, Behold, thou art whole: sin not again, lest there come upon
XXII	23	John v. 15	thee what is worse than the first. And that man went, and said to the Jews that it
XXII	24	John v. 16	was Jesus that had healed him. And because of that the Jews persecuted Jesus and
XXII	25	John v. 17	sought to kill him, because he was doing this on the sabbath. And Jesus said unto
XXII	26	John v. 18	them, My Father worketh until now, and I also work. And because of this especially the Jews sought to kill him, not because he profaned the sabbath only; but for his saying also that God was his Father, and his making himself equal with God.
XXII	27	John v. 19	Jesus answered and said unto them, Verily, verily, I say unto you, The Son cannot do anything of himself, but what he seeth the Father do; what the Father doeth,
XXII	28	John v. 20	that the Son also doeth like him. The Father loveth his Son, and everything that he doeth he sheweth him: and more than these works will he shew him, that ye
XXII	29	John v. 21	may marvel. And as the Father raiseth the dead and giveth them life, so the Son
XXII	30	John v. 22	also giveth life to whomsoever he will. And the Father judgeth no man, but hath
XXII	31	John v. 23	given all judgement unto the Son; that every man may honour the Son, as he honoureth the Father. And he that honoureth not the Son honoureth not the Father which
XXII	32	John v. 24	sent him. Verily, verily, I say unto you, Whosoever heareth my word, and believeth in him that sent me, hath eternal life, and cometh not into judgement, but passeth from
XXII	33	John v. 25	death unto life. Verily, verily, I say unto you, An hour shall come, and now is also, when the dead shall hear the voice of the Son of God; and those
XXII	34	John v. 26	which hear shall live. And as the Father hath life in himself, likewise he gave to
XXII	35	John v. 27	the Son also that he might have life in himself, and authority to do judgement also,
XXII	36	John v. 28	because he is the Son of man. Marvel not then at that: I mean the coming of the hour when all that are in the tombs shall hear his voice, and shall come forth:
XXII	37	John v. 29	those that have done good, to the resurrection of life; and those that have done evil deeds, to the resurrection of judgement.
XXII	38	John v. 30	I am not able of myself to do anything; but as I hear, I judge: and my judgement
XXII	39	John v. 31	is just; I seek not my own will, but the will of him that sent me. I bear witness
XXII	40	John v. 32	of myself, and so my witness is not true. It is another that beareth witness
XXII	41	John v. 33	of me; and I know that the witness which he beareth of me is true. Ye have sent
XXII	42	John v. 34	unto John, and he hath borne witness of the truth. But not from man do I seek
XXII	43	John v. 35	witness; but I say that ye may live. That was a lamp which shineth and
XXII	44	John v. 36	giveth light: and ye were pleased to glory now in his light. But I have witness greater than that of John: the works which my Father hath given me to accomplish,
XXII	45	John v. 37	those works which I do, bear witness of me, that the Father hath sent me. And the Father which sent me, he hath borne witness of me. Ye have neither heard his
XXII	46	John v. 38	voice at any time, nor seen his appearance. And his word abideth not in you; because
XXII	47	John v. 39	in him whom he hath sent ye do not believe. Search the scriptures, in which ye rejoice
XXII	48	John v. 40	that ye have eternal life; and they bear witness of me; and ye do not wish to come to
XXII	49, 50	John v. 41; John v. 42	me, that ye may have eternal life. I seek not praise of men. But I know
XXII	51	John v. 43	you, that the love of God is not in you. I am come in the name of my Father, and ye received me not; but if another come in his own name, that one will
XXII	52	John v. 44	ye receive. And how can ye believe, while ye receive praise one from another, and
XXII	53	John v. 45	praise from God, the One, ye seek not? Can it be that ye think that I will accuse you before the Father? Ye have one that accuseth you, Moses, in whom ye have
XXII	54	John v. 46	rejoiced. If ye believed Moses, ye would believe me also; Moses wrote of me.
XXII	55	John v. 47	And if ye believed not his writings, how shall ye believe my words? Footnotes[edit]
XXIII	1	Matt. xv. 29	And Jesus departed thence, and came to the side of the sea of Galilee, and went
XXIII	2	Matt. xv. 30	up into the mountain, and sat there. And there came unto him great multitudes, having with them lame, and blind, and dumb, and maimed, and many others, and
XXIII	3	John iv. 45	they cast them at the feet of Jesus: for they had seen all the signs which he did in
XXIII	4	Matt. xv. 30; Matt. xv. 31	Jerusalem, when they were gathered at the feast. And he healed them all. And those multitudes marvelled when they saw dumb men speak, and maimed men healed, and lame men walk, and blind men see; and they praised the God of Israel.
XXIII	5	Matt. xv. 32; Mark viii. 3	And Jesus called his disciples, and said unto them, I have compassion on this multitude, because of their continuing with me three days, having nothing to eat; and to send them away fasting I am not willing, lest they faint in the way, some of them having
XXIII	6	Matt. xv. 33	come from far. His disciples said unto him, Whence have we in the desert
XXIII	7	Matt. xv. 34	bread wherewith to satisfy all this multitude? Jesus said unto them, How
XXIII	8	Matt. xv. 35	many loaves have ye? They said unto him, Seven, and a few small fishes. And he
XXIII	9	Matt. xv. 36	commanded the multitudes to sit down upon the ground; and he took those seven loaves and the fish, and blessed, and brake, and gave to his disciples to set before
XXIII	10	Matt. xv. 37	them; and the disciples set before the multitudes. And they all ate, and were satisfied: and they took that which remained over of the fragments, seven basketfuls.
XXIII	11	Matt. xv. 38	And the people that ate were four thousand men, besides the women and children.
XXIII	12	Matt. xv. 39	And when the multitudes departed, he went up into the boat, and came to the borders of Magada.
XXIII	13	Matt. xvi. 1	And the Pharisees and Sadducees came to him, and began to seek a discussion with him. And they asked him to shew them a sign from heaven, tempting him.
XXIII	14	Mark viii. 12	And Jesus sighed within himself, and said, What sign seeketh this evil and adulterous generation? It seeketh a sign, and it shall not be given a sign, except the sign
XXIII	15	Mark viii. 12	of Jonah the prophet. Verily I say unto you, This generation shall not be given a
XXIII	16	Mark viii. 13	sign. And he left them, and went up into the boat, and went away to that side.
XXIII	17	Mark viii. 14	And his disciples forgot to take with them bread, and there was not with them
XXIII	18	Mark viii. 15	in the boat, not even one loaf. And Jesus charged them, and said, Take heed, and guard yourselves from the leaven of the Pharisees and Sadducees, and from the
XXIII	19	Matt. xvi. 7	leaven of Herod. And they reflected within themselves that they had taken with them
XXIII	20	Matt. xvi. 8; Mark viii. 17	no bread. And Jesus knew, and said unto them, Why think ye within yourselves, O ye of little faith, and are anxious, because ye have no bread? until now do ye not perceive,
XXIII	21	Mark viii. 18	neither understand? is your heart yet hard? And have ye eyes, and yet see not?
XXIII	22	Mark viii. 19	and have ye ears, and yet hear not? and do ye not remember when I brake those five loaves for five thousand? and how many baskets full of broken
XXIII	23	Mark viii. 20	pieces took ye up? They said, Twelve. He said unto them, And the seven also for four thousand: how many baskets full of broken pieces took ye up? They
XXIII	24	Mark viii. 21	said, Seven. He said unto them, How have ye not understood that I spake not to you because of the bread, but that ye should beware of the leaven of the Pharisees
XXIII	25	Matt. xvi. 12	and Sadducees? Then they understood that he spake, not that they should beware of the leaven of the bread, but of the doctrine of the Pharisees and Sadducees, which he called leaven.
XXIII	26	Mark viii. 22	And after that, he came to Bethsaida. And they brought to him a certain blind
XXIII	27	Mark viii. 23	man, and besought him that he would touch him. And he took the hand of that blind man, and led him out without the village, and spat in his eyes, and laid his
XXIII	28	Mark viii. 24	hand on him, and asked him, What seest thou? And that blind man looked intently,
XXIII	29	Mark viii. 25	and said unto him, I see men as trees walking. And he placed his hand
XXIII	30	Mark viii. 26	again on his eyes; and they were restored, and he saw everything clearly. And he sent him to his house, and said, Do not enter even into the village, nor tell any man in the village.
XXIII	31	Mark viii. 27	And Jesus went forth, and his disciples, to the villages of Cæsarea Philippi.
XXIII	32	Matt. xvi. 13	And while he was going in the way, and his disciples alone, he asked his disciples,
XXIII	33	Matt. xvi. 14	and said, What do men say of me that I am, the Son of man? They said unto him, Some say, John the Baptist; and others, Elijah; and others, Jeremiah, or one of the
XXIII	34, 35	Matt. xvi. 15; Matt. xvi. 16	prophets. He said unto them, And ye, what say ye that I am? Simon Cephas answered
XXIII	36	Matt. xvi. 17	and said, Thou art the Messiah, the Son of the living God. Jesus answered and said unto him, Blessed art thou, Simon son of Jonah: flesh and
XXIII	37	Matt. xvi. 18	blood hath not revealed it unto thee, but my Father which is in heaven. And I say unto thee also, that thou art Cephas, and on this rock will I build my church; and the
XXIII	38	Matt. xvi. 19	gates of Hades shall not prevail against it. To thee will I give the keys of the kingdom of heaven: and whatsoever thou shalt bind on earth shall be bound in heaven; and
XXIII	39	Matt. xvi. 20	whatsoever thou shalt loose on earth shall be loosed in heaven. And he sternly charged his disciples, and warned them that they should not tell any man concerning him,
XXIII	40	Matt. xvi. 21	that he was the Messiah. And henceforth began Jesus to shew to his disciples
XXIII	41	Mark viii. 31	that he was determined to go to Jerusalem, and suffer much, and be rejected of the elders, and of the chief priests, and of the scribes, and be killed, and on the
XXIII	42	Mark viii. 32; Matt. xvi. 22	third day rise. And he was speaking plainly. And Simon Cephas, as one grieved
XXIII	43	Mark viii. 33	for him, said, Far be thou, my Lord, from that. And he turned, and looked upon
XXIII	44	Matt. xvi. 23	his disciples, and rebuked Simon, and said, Get thee behind me, Satan: for thou art a stumblingblock unto me: for thou thinkest not of what pertains to God, but of what pertains to men.
XXIII	45	Mark viii. 34	And Jesus called the multitudes with his disciples, and said unto them, Whosoever would come after me, let him deny himself, and take his cross every day, and
XXIII	46	Mark viii. 35	come after me. And whosoever would save his life shall lose it; and whosoever
XXIII	47	Luke ix. 25	loseth his life for my sake, and for the sake of my gospel, shall save it. What shall
XXIII	48	Mark viii. 37	a man profit, if he gain all the world, and destroy his own life, or lose it? or what
XXIII	49	Mark viii. 38	will a man give in ransom for his life? Whosoever shall deny me and my sayings in this sinful and adulterous generation, the Son of man also will
XXIII	50	Matt. xvi. 27	deny him, when he cometh in the glory of his Father with his holy angels. For the Son of man is about to come in the glory of his Father with his holy angels; and then shall he reward each man according to his works. Footnotes[edit]
XXIV	1	Mark ix. 1; Matt. xvi. 28	And he said unto them, Verily I say unto you, There be here now some standing that shall not taste death, until they see the kingdom of God come with strength, and the Son of man who cometh in his kingdom.
XXIV	2	Matt. xvii. 1	And after six days Jesus took Simon Cephas, and James, and John his brother,
XXIV	3	Luke ix. 29	and brought them up into a high mountain, the three of them only. And while they
XXIV	4	Matt. xvii. 2	were praying, Jesus changed, and became after the fashion of another person; and his face shone like the sun, and his raiment was very white like the snow, and as
XXIV	5	Mark ix. 3	the light of lightning, so that nothing on earth can whiten like it. And there appeared
XXIV	6	Luke ix. 31	unto him Moses and Elijah talking to Jesus. And they thought that the time
XXIV	7	Luke ix. 32	of his decease which was to be accomplished at Jerusalem was come. And Simon and those that were with him were heavy in the drowsiness of sleep; and with effort they roused themselves, and saw his glory, and those two men that were standing with him.
XXIV	8	Luke ix. 33	And when they began to depart from him, Simon said unto Jesus, My
XXIV	9	Matt. xvii. 4; Luke ix. 33	Master, it is good for us to be here: and if thou wilt, we will make here three tabernacles; one for thee, and one for Moses, and one for Elijah; not knowing
XXIV	10	Mark ix. 6	what he said, because of the fear which took possession of them. And while he
XXIV	11	Luke ix. 34	was yet saying that, a bright cloud overshadowed them. And when they saw Moses
XXIV	12	Matt. xvii. 5	and Elijah that they had entered into that cloud, they feared again. And a voice was heard out of the cloud, saying, This is my beloved Son, whom I have chosen;
XXIV	13	Luke ix. 36	hear ye therefore him. And when this voice was heard, Jesus was found alone.
XXIV	14	Matt. xvii. 6	And the disciples, when they heard the voice, fell on their faces from the fear which
XXIV	15	Matt. xvii. 7	took hold of them. And Jesus came and touched them and said, Arise, be not
XXIV	16	Matt. xvii. 8	afraid. And they lifted up their eyes, and saw Jesus as he was.
XXIV	17	Matt. xvii. 9	And when they went down from the mountain, Jesus charged them, and said unto them, Tell not what ye have seen to any man, until the Son of man rise from
XXIV	18	Mark ix. 10	among the dead. And they kept the word within themselves, and told no man in
XXIV	19	Mark ix. 10	those days what they had seen. And they reflected among themselves, What is this
XXIV	20	Mark ix. 11	word which he spake unto us, I, when I am risen from among the dead? And his disciples asked him, and said, What is that which the scribes say, then, that Elijah
XXIV	21	Mark ix. 12	must first come? He said unto them, Elijah cometh first to set in order everything, and as it was written of the Son of man, that he should suffer many things,
XXIV	22	Mark ix. 13	and be rejected. But I say unto you, that Elijah is come, and they knew him not, and have done unto him whatsoever they desired, as it was written of him.
XXIV	23, 24	Matt. xvii. 12; Matt. xvii. 13	In like manner the Son of man is to suffer of them. Then understood the disciples that he spake unto them concerning John the Baptist.
XXIV	25	Mark ix. 14	And on that day whereon they came down from the mountain, there met him a multitude of many people standing with his disciples, and the scribes were discussing
XXIV	26	Mark ix. 15	with them. And the people, when they saw Jesus, were perplexed, and in the
XXIV	27	Luke xiii. 31	midst of their joy hastened and saluted him. And on that day came certain of the Pharisees, and said unto him, Get thee out, and go hence; for Herod seeketh
XXIV	28	Luke xiii. 32	to kill thee. Jesus said unto them, Go ye and say to this fox, Behold, I am casting out demons, and I heal to-day and to-morrow, and on the third day I am perfected.
XXIV	29	Luke xiii. 33	Nevertheless I must be watchful to-day and to-morrow, and on the last day I shall depart; for it cannot be that a prophet perish outside of Jerusalem.
XXIV	30	Luke ix. 38; Luke ix. 38	And after that, there came to him a man from that multitude, and fell upon his knees, and said unto him, I beseech thee, my Lord, look upon my son; he is my
XXIV	31	Luke ix. 39	only child: and the spirit cometh upon him suddenly. A lunacy hath come upon
XXIV	32	Mark ix. 18	him, and he meeteth with evils. And when it cometh upon him, it beateth him about;
XXIV	33	Matt. xvii. 15	and he foameth, and gnasheth his teeth, and wasteth; and many times it hath thrown him into the water and into the fire to destroy him, and it hardly leaveth him after
XXIV	34	Matt. xvii. 16	bruising him. And I brought him near to thy disciples, and they could
XXIV	35	Matt. xvii. 17	not heal him. Jesus answered and said, O faithless and perverse generation, till when shall I be with you? and till when shall I bear with you? bring thy son
XXIV	36	Mark ix. 20	hither. And he brought him unto him: and when the spirit saw him, immediately
XXIV	37	Mark ix. 21	it beat him about; and he fell upon the ground, and was raging and foaming. And Jesus asked his father, How long is the time during which he hath been thus? He
XXIV	38	Mark ix. 22	said unto him, From his youth until now. But, my Lord, help me wherein thou
XXIV	39	Mark ix. 23	canst, and have mercy upon me. Jesus said unto him, If thou canst believe! All
XXIV	40	Mark ix. 24	things are possible to him that believeth. And immediately the father of the child
XXIV	41	Mark ix. 25	cried out, weeping, and said, I believe, my Lord; help my lack of faith. And when Jesus saw the hastening of the people, and their coming at the sound, he rebuked that unclean spirit, and said to it, Thou dumb spirit that speakest not, I command
XXIV	42	Mark ix. 26	thee, come out of him, and enter not again into him. And that spirit, devil, cried out much, and bruised him, and came out; and that child fell as one dead, and
XXIV	43	Mark ix. 27	many thought that he had died. But Jesus took him by his hand, and raised him
XXIV	44	Matt. xvii. 18	up, and gave him to his father; and that child was healed from that hour. And the people all marvelled at the greatness of God.
XXIV	45	Mark ix. 28	And when Jesus entered into the house, his disciples came, and asked him
XXIV	46	Matt. xvii. 20	privately, and said unto him, Why were we not able to heal him? Jesus said unto them, Because of your unbelief. Verily I say unto you, If ye have faith as a grain of mustard seed, ye shall say to this mountain, Remove hence;
XXIV	47	Mark ix. 29	and it shall remove; and nothing shall overcome you. But it is impossible to cast out this kind by anything except by fasting and prayer.
XXIV	48	Mark ix. 30	And when he went forth thence, they passed through Galilee: and he would not
XXIV	49	Mark ix. 31	that any man should know it. And he taught his disciples, and said unto them,
XXIV	50	Mark ix. 31	Keep ye these sayings in your ears and your hearts: for the Son of man is to be delivered into the hands of men, and they shall kill him; and when he is killed, he
XXIV	51	Luke ix. 45	shall rise on the third day. But they knew not the word which he spake unto them, for it was concealed from them, that they should not perceive it; and they feared to
XXIV	52	Matt. xvii. 23	ask him about this word. And they were exceeding sorrowful. Footnotes[edit]
XXV	1	Luke ix. 46	And in that day this thought presented itself to his disciples, and they said, which
XXV	2	Mark ix. 33	haply should be the greatest among them. And when they came to Capernaum, and entered into the house, Jesus said unto them, What were ye considering in the
XXV	3	Mark ix. 34	way among yourselves? And they were silent because they had considered that matter.
XXV	4	Matt. xvii. 24	And when Simon went forth without, those that received two dirhams for the tribute came to Cephas, and said unto him, Doth your master not give his two
XXV	5	Matt. xvii. 25	dirhams? He said unto them, Yea. And when Cephas entered the house, Jesus anticipated him, and said unto him, What thinkest thou, Simon? the kings of the earth, from whom do they receive custom and tribute? from their sons, or from
XXV	6	Matt. xvii. 26	strangers? Simon said unto him, From strangers. Jesus said unto him, Children then are free. Simon said unto him, Yea. Jesus said unto him,
XXV	7	Matt. xvii. 27	Give thou also unto them, like the stranger. But, lest it trouble them, go thou to the sea, and cast a hook; and the first fish that cometh up, open its mouth, and thou shalt find a stater: take therefore that, and give for me and thee.
XXV	8	Matt. xviii. 1	And in that hour came the disciples to Jesus, and said unto him, Who, thinkest
XXV	9	Luke ix. 47	thou, is greater in the kingdom of heaven? And Jesus knew the thought of their heart, and called a child, and set him in the midst, and took him in his arms, and
XXV	10	Matt. xviii. 3	said unto them, Verily I say unto you, If ye do not return, and become as children,
XXV	11	Luke ix. 48; Mark ix. 37	ye shall not enter the kingdom of heaven. Every one that shall receive in my name such as this child hath received me: and whosoever receiveth me receiveth
XXV	12	Luke ix. 48	not me, but him that sent me. And he who is little in your company, the same
XXV	13	Matt. xviii. 6	shall be great. But whosoever shall injure one of these little ones that believe in me, it were better for him that a great millstone should be hanged about his neck, and he should be drowned in the depths of the sea.
XXV	14	Luke ix. 49	John answered and said, Our Master, we saw one casting out devils in thy name;
XXV	15	Mark ix. 39	and we prevented him, because he followed not thee with us. Jesus said unto them, Prevent him not; for no man doeth powers in my name, and can hasten to speak evil
XXV	16, 17	Luke ix. 50; Matt. xviii. 7	of me. Every one who is not in opposition to you is with you. Woe unto the world because of trials! but woe unto that man by whose hand the trials come!
XXV	18	Matt. xviii. 8	If thy hand or thy foot injure thee, cut it off, and cast it from thee; for it is better for thee to enter into life being halt or maimed, and not that thou shouldest have two hands or two feet, and fall into the hell of fire that burneth for ever;
XXV	19, 20	Mark ix. 44; Matt. xviii. 9	where their worm dieth not, and their fire is not quenched. And if thine eye seduce
XXV	21	Mark ix. 47	thee, pluck it out, and cast it from thee; for it is better for thee to enter the kingdom of God with one eye, than that thou shouldest have two eyes, and fall into the
XXV	22, 23	Mark ix. 48; Mark ix. 49	fire of Gehenna; where their worm dieth not, and their fire is not quenched. Every
XXV	24	Mark ix. 50	one shall be salted with fire, and every sacrifice shall be salted with salt. How good
XXV	25	Luke xiv. 34	is salt! but if the salt also be tasteless, wherewith shall it be salted? It is fit neither for the land nor for dung, but they cast it out. He that hath ears to hear, let him
XXV	26	Mark ix. 50	hear. Have ye salt in yourselves, and be in peace one with another.
XXV	27	Mark x. 1	And he arose from thence, and came to the borders of Judæa beyond Jordan: and there went unto him thither great multitudes, and he healed them; and he taught
XXV	28	Mark x. 2	them also, according to his custom. And the Pharisees came unto him, tempting
XXV	29	Mark x. 3	him, and asking him, Is it lawful for a man to put away his wife? He said, What
XXV	30	Mark x. 4	did Moses command you? They said, Moses made it allowable for us, saying, Whosoever
XXV	31	Mark x. 5; Matt. xix. 4	will, let him write a writing of divorcement, and put away his wife. Jesus answered and said unto them, Have ye not read, He that made them from the beginning
XXV	32	Matt. xix. 5	made them male and female, and said, For this reason shall the man leave his father and his mother, and cleave to his wife; and they both shall be one body?
XXV	33	Matt. xix. 6	So then they are not twain, but one body; the thing, then, which God hath
XXV	34	Matt. xix. 7	joined together, let no man put asunder. And those Pharisees said unto him, Why did Moses consent that a man should give a writing of divorcement and put her away?
XXV	35	Matt. xix. 8	Jesus said unto them, Moses because of the hardness of your hearts gave you leave
XXV	36	Matt. xix. 9	to divorce your wives; but in the beginning it was not so. I say unto you, Whosoever putteth away his wife without fornication, and marrieth another, hath exposed
XXV	37	Mark x. 10	her to adultery. And his disciples, when he entered the house, asked him again
XXV	38	Mark x. 11	about that. And he said unto them, Every one who putteth away his wife, and
XXV	39	Mark x. 12; Matt. xix. 9	marrieth another, hath exposed her to adultery. And any woman that leaveth her husband, and becometh another’s, hath committed adultery. And whosoever marrieth
XXV	40	Matt. xix. 10	her that is divorced hath committed adultery. And his disciples said unto him, If there be between the man and the woman such a case as this, it is not good for
XXV	41	Matt. xix. 11	a man to marry. He said unto them, Not every man can endure this saying, except
XXV	42	Matt. xix. 12	him to whom it is given. There are eunuchs which from their mother’s womb were born so; and there are eunuchs which through men became eunuchs; and there are eunuchs which made themselves eunuchs for the sake of the kingdom of heaven. He that is able to be content, let him be content.
XXV	43	Matt. xix. 13	Then they brought to him children, that he should lay his hand upon them, and
XXV	44	Mark x. 13	pray: and his disciples were rebuking those that were bringing them. And Jesus saw, and it was distressing to him; and he said unto them, Suffer the children to come unto me, and prevent them not; for those that are like these have
XXV	45	Mark x. 15	the kingdom of God. Verily I say unto you, Whosoever receiveth not the
XXV	46	Mark x. 16	kingdom of God as this child, shall not enter it. And he took them in his arms, and laid his hand upon them, and blessed them. Footnotes[edit]
XXVI	1, 2	Luke xv. 1; Luke xv. 2	And there came unto him publicans and sinners to hear his word. And the scribes and the Pharisees murmured, and said, This man receiveth sinners, and
XXVI	3	Luke xv. 3	eateth with them. And Jesus, when he beheld their murmuring, spake unto them
XXVI	4	Luke xv. 4	this parable: What man of you, having an hundred sheep, if one of them were lost, would not leave the ninety-nine in the wilderness, and go and seek the straying one
XXVI	5	Matt. xviii. 13	till he found it? Verily I say unto you, When he findeth it, he will rejoice over it
XXVI	6	Luke xv. 5; Luke xv. 6	more than over the ninety-nine that went not astray; and bear it on his shoulders, and bring it to his house, and call his friends and neighbours, and say unto them,
XXVI	7	Matt. xviii. 14	Rejoice with me, since I have found my straying sheep. So your Father which is in heaven willeth not that one of these little ones that have strayed should perish,
XXVI	8	Luke xv. 7	and he seeketh for them repentance. I say unto you, Thus there shall be rejoicing in heaven over one sinner that repenteth, more than over ninety-nine righteous persons that do not need repentance.
XXVI	9	Luke xv. 8	And what woman having ten drachmas would lose one of them, and not light a
XXVI	10	Luke xv. 9	lamp, and sweep the house, and seek it with care till she found it; and when she found it, call her friends and neighbours, and say unto them, Rejoice with me, as I
XXVI	11	Luke xv. 10	have found my drachma that was lost? I say unto you, Thus there shall be joy before the angels of God over the one sinner that repenteth, more than over the ninety-nine righteous persons that do not need repentance.
XXVI	12, 13	Luke xv. 11; Luke xv. 12	And Jesus spake unto them also another parable: A man had two sons: and the younger son said unto him, My father, give me my portion that belongeth to
XXVI	14	Luke xv. 13	me of thy goods. And he divided between them his property. And after a few days the younger son gathered everything that belonged to him, and went into a
XXVI	15	Luke xv. 14	far country, and there squandered his property by living prodigally. And when he had exhausted everything he had, there occurred a great dearth in that country.
XXVI	16	Luke xv. 15	And when he was in want, he went and joined himself to one of the people of a city
XXVI	17	Luke xv. 16	of that country; and that man sent him into the field to feed the swine. And he used to long to fill his belly with the carob that those swine were eating: and no man
XXVI	18	Luke xv. 17	gave him. And when he returned unto himself, he said, How many hired servants now in my father’s house have bread enough and to spare, while I here perish with
XXVI	19	Luke xv. 18; Luke xv. 19	hunger! I will arise and go to my father’s house, and say unto him, My father, I
XXVI	20		have sinned in heaven and before thee, and am not worthy now to be called thy
XXVI	21	Luke xv. 20	son: make me as one of thy hired servants. And he arose, and came to his father. But his father saw him while he was at a distance, and was moved with compassion
XXVI	22	Luke xv. 21	for him, and ran, and fell on his breast, and kissed him. And his son said unto him, My father, I have sinned in heaven and before thee, and am not worthy to be
XXVI	23	Luke xv. 22	called thy son. His father said unto his servants, Bring forth a stately robe, and put
XXVI	24	Luke xv. 23	it on him; and put a ring on his hand, and put on him shoes on his feet: and bring and
XXVI	25	Luke xv. 24	slay a fatted ox, that we may eat and make merry: for this my son was dead, and is
XXVI	26	Luke xv. 25	alive; and was lost, and is found. And they began to be merry. Now his elder son was in the field; and when he came and drew near to the house,
XXVI	27	Luke xv. 26	he heard the sound of many singing. And he called one of the lads, and asked him
XXVI	28	Luke xv. 27	what this was. He said unto him, Thy brother hath arrived; and thy father hath
XXVI	29	Luke xv. 28	slain a fatted ox, since he hath received him safe and sound. And he was angry,
XXVI	30	Luke xv. 29	and would not enter; so his father went out, and besought him to enter. And he said to his father, How many years do I serve thee in bondage, and I never transgressed a commandment of thine; and thou hast never given me a kid, that I might
XXVI	31	Luke xv. 30	make merry with my friends? but this thy son, when he had squandered thy
XXVI	32	Luke xv. 31	property with harlots, and come, thou hast slain for him a fatted ox. His father said unto him, My son, thou art at all times with me, and everything I have is
XXVI	33	Luke xv. 32	thine. It behoveth thee to rejoice and make merry, since this thy brother was dead, and is alive; and was lost, and is found.
XXVI	34	Luke xvi. 1	And he spake a parable unto his disciples: There was a rich man, and he had
XXVI	35	Luke xvi. 2	a steward; and he was accused to him that he had squandered his property. So his lord called him, and said unto him, What is this that I hear regarding thee? Give me the account of thy stewardship; for it is now impossible that thou shouldest
XXVI	36	Luke xvi. 3	be a steward for me. The steward said within himself, What shall I do, seeing that my lord taketh from me the stewardship? To dig I am not able; and to beg I
XXVI	37	Luke xvi. 4	am ashamed. I know what I will do, that, when I go out of the stewardship, they
XXVI	38	Luke xvi. 5	may receive me into their houses. And he called one after another of his lord’s
XXVI	39	Luke xvi. 6	debtors, and said to the first, How much owest thou my lord? He said unto him, An hundred portions of oil. He said unto him, Take thy writing, and sit down, and write
XXVI	40	Luke xvi. 7	quickly fifty portions. And he said to the next, And thou, how much owest thou my lord? He said unto him, An hundred cors of wheat. He said unto him, Take
XXVI	41	Luke xvi. 8	thy writing, and sit down, and write eighty cors. And our lord commended the sinful steward because he had done a wise deed; for the children
XXVI	42	Luke xvi. 9	of this world are wiser than the children of the light in this their age. And I also say unto you, Make unto yourselves friends with the wealth of this unrighteousness;
XXVI	43	Luke xvi. 10	so that, when it is exhausted, they may receive you into their tents for ever. He who is faithful in a little is faithful also in much: and he who is unrighteous in a
XXVI	44	Luke xvi. 11	little is unrighteous also in much. If then in the wealth of unrighteousness ye were
XXVI	45	Luke xvi. 12	not trustworthy, who will intrust you with the truth? If ye are not found faithful in what does not belong to you, who will give you what belongeth to you? Footnotes[edit]
XXVII	1	Matt. xviii. 23	Therefore the kingdom of heaven is like a certain king, who would make a
XXVII	2	Matt. xviii. 24	reckoning with his servants. And when he began to make it, they brought to him one who
XXVII	3	Matt. xviii. 25	owed him ten talents. And because he had not wherewith to pay, his lord ordered that he should be sold, he, and his wife, and children, and all that he
XXVII	4	Matt. xviii. 26	had, and payment be made. So that servant fell down and worshipped him, and said unto him, My lord, have patience with me, and I shall pay thee everything.
XXVII	5	Matt. xviii. 27	And the lord of that servant had compassion, and released him, and forgave him his
XXVII	6	Matt. xviii. 28	debt. And that servant went out, and found one of his fellow-servants, who owed him a hundred pence; and he took him, and dealt severely with him, and said
XXVII	7	Matt. xviii. 29	unto him, Give me what thou owest. So the fellow-servant fell down at his
XXVII	8	Matt. xviii. 30	feet, and besought him, and said, Grant me respite, and I will pay thee. And he would not; but took him, and cast him into prison, till he should give him his debt.
XXVII	9	Matt. xviii. 31	And when their fellow-servants saw what happened, it distressed them much; and
XXVII	10	Matt. xviii. 32	they came and told their lord of all that had taken place. Then his lord called him, and said unto him, Thou wicked servant, all that debt I forgave thee, because
XXVII	11	Matt. xviii. 33	thou besoughtest me: was it not then incumbent on thee also to have mercy on thy
XXVII	12	Matt. xviii. 34	fellow-servant, as I had mercy on thee? And his lord became wroth, and delivered
XXVII	13	Matt. xviii. 35	him to the scourgers, till he should pay all that he owed. So shall my Father which is in heaven do unto you, if one forgive not his brother his wrong conduct from
XXVII	14	Luke xvii. 3	his heart. Take heed within yourselves: if thy brother sin, rebuke him; and if he
XXVII	15	Luke xvii. 4	repent, forgive him. And if he act wrongly towards thee seven times in a day, and on that day return seven times unto thee, and say, I repent towards thee; forgive him.
XXVII	16	Matt. xviii. 15	And if thy brother act wrongly towards thee, go and reprove him between thee and
XXVII	17	Matt. xviii. 16	him alone: if he hear thee, thou hast gained thy brother. But if he hear thee not, take with thee one or two, and so at the mouth of two or three every saying shall
XXVII	18	Matt. xviii. 17	be established. And if he listen not to these also, tell the congregation; and if he listen not even to the congregation, let him be unto thee as a publican and a Gentile.
XXVII	19	Matt. xviii. 18	Verily I say unto you, All that ye bind on earth shall be bound in heaven:
XXVII	20	Matt. xviii. 19	and what ye loose on earth shall be loosed in heaven. I say unto you also, If two of you agree on earth to ask, everything shall be granted them from my Father
XXVII	21	Matt. xviii. 20	which is in heaven. For where two or three are gathered in my name, there
XXVII	22	Matt. xviii. 21	am I amongst them. Then Cephas drew near to him, and said unto him, My Lord, how many times, if my brother act wrongly towards me, should I forgive him?
XXVII	23	Matt. xviii. 22	until seven times? Jesus said unto him, I say not unto thee, Until seven; but, Until seventy
XXVII	24	Luke xii. 47	times seven, seven. And the servant that knoweth his lord’s will, and maketh not
XXVII	25	Luke xii. 48	ready for him according to his will, shall meet with much punishment; but he that knoweth not, and doeth something for which he meriteth punishment, shall meet with slight punishment. Every one to whom much hath been given, much shall be asked of him; and he that hath had much committed to him, much shall be
XXVII	26	Luke xii. 49	required at his hand. I came to cast fire upon the earth; and I would that it had
XXVII	27	Luke xii. 50	been kindled already. And I have a baptism to be baptized with, and greatly am
XXVII	28	Matt. xviii. 10	I straitened till it be accomplished. See that ye despise not one of these little ones that believe in me. Verily I say unto you, Their angels at all times see the
XXVII	29	Matt. xviii. 11	face of my Father which is in heaven. The Son of man came to save the thing which was lost.
XXVII	30	John vii. 1	And after that, Jesus walked in Galilee; and he did not like to walk in Judæa,
XXVII	31	Luke xiii. 1	because the Jews sought to kill him. And there came people who told him of
XXVII	32	Luke xiii. 2	the Galilæans, those whose blood Pilate had mingled with their sacrifices. Jesus answered and said unto them, Do ye imagine that those Galilæans were sinners
XXVII	33	Luke xiii. 3	more than all the Galilæans, so that this thing has come upon them? Nay. Verily I say unto you now, that ye shall all also, if ye repent not, likewise perish.
XXVII	34	Luke xiii. 4	Or perchance those eighteen on whom the palace fell in Siloam, and slew them, do ye imagine that they were to be condemned more than all the people that dwell
XXVII	35	Luke xiii. 5	in Jerusalem? Nay. Verily I say unto you, If ye do not all repent, ye shall perish like them.
XXVII	36	Luke xiii. 6	And he spake unto them this parable: A man had a fig tree planted in his vineyard;
XXVII	37	Luke xiii. 7	and he came and sought fruit thereon, and found none. So he said to the husbandman, Lo, three years do I come and seek fruit on this fig tree, and find
XXVII	38	Luke xiii. 8	none: cut it down; why doth it render the ground unoccupied? The husbandman said unto him, My lord, leave it this year also, that I may dig about it, and dung
XXVII	39	Luke xiii. 9	it; then if it bear fruit—! and if not, then cut it down in the coming year.
XXVII	40	Luke xiii. 10	And when Jesus was teaching on the sabbath day in one of the synagogues,
XXVII	41	Luke xiii. 11	there was there a woman that had a spirit of disease eighteen years; and she was
XXVII	42	Luke xiii. 12	bowed down, and could not straighten herself at all. And Jesus saw her, and called
XXVII	43	Luke xiii. 13	her, and said unto her, Woman, be loosed from thy disease. And he put his hand
XXVII	44	Luke xiii. 14	upon her; and immediately she was straightened, and praised God. And the chief of the synagogue answered with anger, because Jesus had healed on a sabbath, and said unto the multitudes, There are six days in which work ought to be done;
XXVII	45	Luke xiii. 15	come in them and be healed, and not on the sabbath day. But Jesus answered and said unto him, Ye hypocrites, doth not each of you on the sabbath day loose
XXVII	46	Luke xiii. 16	his ox or his ass from the manger, and go and water it? Ought not this woman, who is a daughter of Abraham, and whom the devil hath bound eighteen years,
XXVII	47	Luke xiii. 17	to be loosed from this bond on the sabbath day? And when he said this, they were all put to shame, those standing, who were opposing him: and all the people were pleased with all the wonders that proceeded from his hand. Footnotes[edit]
XXVIII	1, 2	John vii. 2; John vii. 3	And at that time the feast of tabernacles of the Jews drew near. So the brethren of Jesus said unto him, Remove now hence, and go to Judæa, that
XXVIII	3	John vii. 4	thy disciples may see the deeds that thou doest. For no man doeth a thing secretly
XXVIII	4	John vii. 5	and wisheth to be apparent. If thou doest this, shew thyself to the world. For
XXVIII	5	John vii. 6	up to this time not even the brethren of Jesus believed on him. Jesus said unto them, My time till now has not arrived; but as for you, your time is alway ready.
XXVIII	6	John vii. 7	It is not possible for the world to hate you; but me it hateth, for I bear witness
XXVIII	7	John vii. 8	against it, that its deeds are evil. As for you, go ye up unto this feast: but I go
XXVIII	8	John vii. 9	not up now to this feast; for my time has not yet been completed. He said this, and remained behind in Galilee.
XXVIII	9	John vii. 10	But when his brethren went up unto the feast, he journeyed from Galilee, and
XXVIII	10	Matt. xix. 2	came to the borders of Judæa, to the country beyond Jordan; and there came after
XXVIII	11	John vii. 10	him great multitudes, and he healed them all there. And he went out, and proceeded
XXVIII	12	John vii. 11	to the feast, not openly, but as one that conceals himself. And the Jews sought him
XXVIII	13	John vii. 12	at the feast, and said, In what place is this man? And there occurred much murmuring there in the great multitude that came to the feast, on his account. For
XXVIII	14	John vii. 13	some said, He is good: and others said, Nay, but he leadeth the people astray. But no man spake of him openly for fear of the Jews.
XXVIII	15	John vii. 14	But when the days of the feast of tabernacles were half over, Jesus went
XXVIII	16	John vii. 15	up to the temple, and taught. And the Jews wondered, and said, How doth
XXVIII	17	John vii. 16	this man know writing, seeing he hath not learned? Jesus answered and said, My doctrine
XXVIII	18	John vii. 17	is not mine, but his that sent me. Whoever wisheth to do his will understandeth my doctrine, whether it be from God, or whether I speak of mine own accord.
XXVIII	19	John vii. 18	Whosoever speaketh of his own accord seeketh praise for himself; but whosoever seeketh praise for him that sent him, he is true, and unrighteousness in his heart
XXVIII	20	John vii. 19	there is none. Did not Moses give you the law, and no man of you keepeth the
XXVIII	21	John vii. 20	law? Why seek ye to kill me? The multitude answered and said unto him, Thou
XXVIII	22	John vii. 21	hast demons: who seeketh to kill thee? Jesus answered and said unto them, I did
XXVIII	23	John vii. 22	one deed, and ye all marvel because of this. Moses hath given you circumcision (not because it is from Moses, but it is from the fathers); and ye on the sabbath
XXVIII	24	John vii. 23	circumcise a man. And if a man is circumcised on the sabbath day, that the law of Moses may not be broken; are ye angry at me, because I healed on the sabbath
XXVIII	25	John vii. 24	day the whole man? Judge not with hypocrisy, but judge righteous judgement.
XXVIII	26	John vii. 25	And some people from Jerusalem said, Is not this he whom they seek to slay?
XXVIII	27	John vii. 26	And lo, he discourseth with them openly, and they say nothing unto him. Think
XXVIII	28	John vii. 27	you that our elders have learned that this is the Messiah indeed? But this man is known whence he is; and the Messiah, when he cometh, no man knoweth whence
XXVIII	29	John vii. 28	he is. So Jesus lifted up his voice as he taught in the temple, and said, Ye both know me, and know whence I am; and of my own accord am I not come, but he
XXVIII	30	John vii. 29	that sent me is true, he whom ye know not: but I know him; for I am
XXVIII	31	John vii. 30	from him, and he sent me. And they sought to seize him: and no man
XXVIII	32	John vii. 31	laid a hand on him, because his hour had not yet come. But many of the multitude believed on him; and they said, The Messiah, when he cometh, can it be that he will do more than these signs that this man doeth?
XXVIII	33	Luke xii. 13	And a man of that multitude said unto our Lord, Teacher, say to my brother
XXVIII	34	Luke xii. 14	that he divide with me the inheritance. Jesus said unto him, Man, who is it that
XXVIII	35	Luke xii. 15	appointed me over you as a judge and divider? And he said unto his disciples, Take heed within yourselves of all inordinate desire; for it is not in abundance of
XXVIII	36	Luke xii. 16	possessions that life shall be. And he gave them this parable: The ground of a
XXVIII	37	Luke xii. 17	rich man brought forth abundant produce: and he pondered within himself, and
XXVIII	38	Luke xii. 18	said, What shall I do, since I have no place to store my produce? And he said, I will do this: I will pull down the buildings of my barns, and build them, and make
XXVIII	39	Luke xii. 19	them greater; and store there all my wheat and my goods. And I will say to my soul, Soul, thou hast much goods laid by for many years; take thine ease, eat,
XXVIII	40	Luke xii. 20	drink, enjoy thyself. God said unto him, O thou of little intelligence, this night shall thy soul be taken from thee; and this that thou hast prepared, whose shall it
XXVIII	41	Luke xii. 21	be? So is he that layeth up treasures for himself, and is not rich in God.
XXVIII	42	Mark x. 17	And while Jesus was going in the way, there came near to him a young man of the rulers, and fell on his knees, and asked him, and said, Good Teacher, what is
XXVIII	43	Mark x. 18	it that I must do that I may have eternal life? Jesus said unto him, Why callest thou
XXVIII	44	Mark x. 19	me good, while there is none good but the one, even God? Thou knowest the commandments.
XXVIII	45	Matt. xix. 17	If thou wouldest enter into life, keep the commandments. The young man said unto him, Which of the commandments? Jesus said unto him,
XXVIII	46	Mark x. 19	Thou shalt not commit adultery, Thou shalt not steal, Thou shalt not kill, Thou shalt not bear false witness, Thou shalt not do injury, Honour thy father
XXVIII	47	Matt. xix. 19	and thy mother: and, Love thy neighbour as thyself. That young man said unto
XXVIII	48	Mark x. 21	him, All these have I kept from my youth: what then is it that I lack? And Jesus
XXVIII	49	Matt. xix. 21	looked intently at him, and loved him, and said unto him, If thou wouldest be perfect, what thou lackest is one thing: go away and sell everything that thou hast, and give to the poor, and thou shalt have treasure in heaven: and take thy
XXVIII	50	Matt. xix. 22	cross, and follow me. And that young man frowned at this word, and went away
XXVIII	51	Luke xviii. 24	feeling sad; for he was very rich. And when Jesus saw his sadness, he looked towards his disciples, and said unto them, How hard it is for them that have possessions to enter the kingdom of God! Footnotes[edit]
XXIX	1	Matt. xix. 23	Verily I say unto you, It is difficult for a rich man to enter the kingdom of
XXIX	2	Matt. xix. 24	heaven. And I say unto you also, that it is easier for a camel to enter the eye of
XXIX	3	Mark x. 24	a needle, than for a rich man to enter the kingdom of God. And the disciples were wondering at these sayings. And Jesus answered and said unto them again, My children, how hard it is for those that rely on their possessions to enter the
XXIX	4	Mark x. 26	kingdom of God! And those that were listening wondered more, and said amongst
XXIX	5	Mark x. 27	themselves, being agitated, Who, thinkest thou, can be saved? And Jesus looked at them intently, and said unto them, With men this is not possible, but with God it is:
XXIX	6	Luke xviii. 28	it is possible for God to do everything. Simon Cephas said unto him, Lo, we have left everything, and followed thee; what is it, thinkest thou, that we
XXIX	7	Matt. xix. 28	shall have? Jesus said unto them, Verily I say unto you, Ye that have followed me, in the new world, when the Son of man shall sit on the throne of his glory, ye also
XXIX	8	Mark x. 29	shall sit on twelve thrones, and shall judge the twelve tribes of Israel. Verily I say unto you, No man leaveth houses, or brothers, or sisters, or father, or mother, or wife, or children, or kinsfolk, or lands, because of the kingdom of God, or for
XXIX	9	Luke xviii. 30	my sake, and the sake of my gospel, who shall not obtain many times as much in this
XXIX	10	Mark x. 30	time, and in the world to come inherit eternal life: and now in this time, houses, and brothers, and sisters, and mothers, and children, and lands, with persecution;
XXIX	11	Mark x. 31	and in the world to come everlasting life. Many that are first shall be last, and that are last shall be first.
XXIX	12	Luke xvi. 14	And when the Pharisees heard all this, because of their love for wealth they
XXIX	13	Luke xvi. 15	scoffed at him. And Jesus knew what was in their hearts, and said unto them, Ye are they that justify yourselves before men; while God knows your hearts: the thing that is lofty with men is base before God.
XXIX	14	Luke xvi. 19	And he began to say, A certain man was rich, and wore silk and purple, and enjoyed
XXIX	15	Luke xvi. 20	himself every day in splendour: and there was a poor man named Lazarus, and
XXIX	16	Luke xvi. 21	he was cast down at the door of the rich man, afflicted with sores, and he longed to fill his belly with the crumbs that fell from the table of that rich man; yea,
XXIX	17	Luke xvi. 22	even the dogs used to come and lick his sores. And it happened that that poor man died, and the angels conveyed him into the bosom of Abraham: and the
XXIX	18	Luke xvi. 23	rich man also died, and was buried. And while he was being tormented in Hades,
XXIX	19	Luke xvi. 24	he lifted up his eyes from afar, and saw Abraham with Lazarus in his bosom. And he called with a loud voice, and said, My father Abraham, have mercy upon me, and send Lazarus to wet the tip of his finger with water, and moisten my tongue
XXIX	20	Luke xvi. 25	for me; for, behold, I am burned in this flame. Abraham said unto him, My son, remember that thou receivedst thy good things in thy life, and Lazarus his afflictions:
XXIX	21	Luke xvi. 26	but now, behold, he is at rest here, and thou art tormented. And in addition to all this, there is between us and you a great abyss placed, so that they that would cross unto you from hence cannot, nor yet from thence do they cross unto
XXIX	22	Luke xvi. 27	us. He said unto him, Then I beseech thee, my father, to send him to my father’s
XXIX	23	Luke xvi. 28	house; for I have five brethren; let him go, that they also sin not, and come to
XXIX	24	Luke xvi. 29	the abode of this torment. Abraham said unto him, They have Moses and the
XXIX	25	Luke xvi. 30	prophets; let them hear them. He said unto him, Nay, my father Abraham: but
XXIX	26	Luke xvi. 31	let a man from the dead go unto them, and they will repent. Abraham said unto him, If they listen neither to Moses nor to the prophets, neither if a man from the dead rose would they believe him.
XXIX	27	Matt. xx. 1	The kingdom of heaven is like a man that is a householder, which went out early
XXIX	28	Matt. xx. 2	in the morning to hire labourers for his vineyard. And he agreed with the labourers on
XXIX	29	Matt. xx. 3	one penny a day for each labourer, and he sent them into his vineyard. And he went
XXIX	30	Matt. xx. 4	out in three hours, and saw others standing in the market idle. He said unto them, Go ye also into my vineyard, and what is right I will pay you.
XXIX	31	Matt. xx. 5	And they went. And he went out also at the sixth and the ninth hour, and did likewise,
XXIX	32	Matt. xx. 6	and sent them. And about the eleventh hour he went out, and found others standing idle. He said unto them, Why are ye standing the whole day idle?
XXIX	33	Matt. xx. 7	They said unto him, Because no one hath hired us. He said unto them, Go ye
XXIX	34	Matt. xx. 8	also into the vineyard, and what is right ye shall receive. So when evening came, the lord of the vineyard said unto his steward, Call the labourers, and pay them
XXIX	35	Matt. xx. 9	their wages; and begin with the later ones, and end with the former ones. And
XXIX	36	Matt. xx. 10	those of eleven hours came, and received each a penny. When therefore the first came, they supposed that they should receive something more; and they also
XXIX	37	Matt. xx. 11	received each a penny. And when they received it, they spake angrily against the
XXIX	38	Matt. xx. 12	householder, and said, These last worked one hour, and thou hast made them equal
XXIX	39	Matt. xx. 13	with us, who have suffered the heat of the day, and its burden. He answered and said unto one of them, My friend, I do thee no wrong: was it not for a penny that
XXIX	40	Matt. xx. 14	thou didst bargain with me? Take what is thine, and go thy way; for I wish to
XXIX	41	Matt. xx. 15	give this last as I have given thee. Or am I not entitled to do with what is mine
XXIX	42	Matt. xx. 16	what I choose? Or is thine eye perchance evil, because I am good? Thus shall the last ones be first, and the first last. The called are many, and the chosen are few.
XXIX	43	Luke xiv. 1	And when Jesus entered into the house of one of the chiefs of the Pharisees to eat bread on the sabbath day, and they were watching him to see what he would
XXIX	44, 45	Luke xiv. 2; Luke xiv. 3	do, and there was before him a man which had the dropsy, Jesus answered and
XXIX	46	Luke xiv. 4	said unto the scribes and the Pharisees, Is it lawful on the sabbath to heal? But they were silent. So he took him, and healed him, and sent him away.
XXIX	47	Luke xiv. 5	And he said unto them, Which of you shall have his son or his ox fall on the sabbath day into a well, and not lift him up straightway, and draw water for
XXIX	48	Luke xiv. 6	him? And they were not able to answer him a word to that. Footnotes[edit]
XXX	1	Luke xiv. 7	And he spake a parable unto those which were bidden there, because he saw
XXX	2	Luke xiv. 8	them choose the places that were in the highest part of the sitting room: When a man invites thee to a feast, do not go and sit at the head of the room; lest there
XXX	3	Luke xiv. 9	be there a man more honourable than thou, and he that invited you come and say unto thee, Give the place to this man: and thou be ashamed when thou risest and
XXX	4	Luke xiv. 10	takest another place. But when thou art invited, go and sit last; so that when he that invited thee cometh, he may say unto thee, My friend, go up higher: and
XXX	5	Luke xiv. 11	thou shalt have praise before all that were invited with thee. For every one that exalteth himself shall be abased; and every one that abaseth himself shall be exalted.
XXX	6	Luke xiv. 12	And he said also to him that had invited him, When thou makest a feast or a banquet, do not invite thy friends, nor even thy brethren, nor thy kinsmen, nor thy
XXX	7	Luke xiv. 13	rich neighbours; lest haply they also invite thee, and thou have this reward. But when thou makest a feast, invite the poor, and those with withered hand, and the
XXX	8	Luke xiv. 14	lame, and the blind: and blessed art thou, since they have not the means to reward
XXX	9	Luke xiv. 15	thee; that thy reward may be at the rising of the righteous. And when one of them that were invited heard that, he said unto him, Blessed is he that shall eat bread in the kingdom of God.
XXX	10, 11	Matt. xxii. 1; Luke xiv. 16	Jesus answered again in parables, and said, The kingdom of heaven hath been likened to a certain king, which made a feast for his son, and prepared a
XXX	12	Luke xiv. 17	great banquet, and invited many: and he sent his servants at the time of the feast to inform them that were invited, Everything is made ready for you; come. And
XXX	13	Luke xiv. 18	they would not come, but began all of them with one voice to make excuse. And the first said unto them, Say to him, I have bought a field, and I must needs go out
XXX	14	Luke xiv. 19	to see it: I pray thee to release me, for I ask to be excused. And another said, I have bought five yoke of oxen, and I am going to examine them: I pray thee
XXX	15	Luke xiv. 20	to release me, for I ask to be excused. And another said, I have married a wife,
XXX	16	Matt. xxii. 4	and therefore I cannot come. And the king sent also other servants, and said, Say to those that were invited, that my feast is ready, and my oxen and my fatlings are
XXX	17	Matt. xxii. 5	slain, and everything is ready: come to the feast. But they made light of it, and
XXX	18	Matt. xxii. 6	went, one to his field, and another to his merchandise: and the rest took his
XXX	19	Luke xiv. 21	servants, and entreated them shamefully, and killed them. And one of the servants
XXX	20	Matt. xxii. 7	came, and informed his lord of what had happened. And when the king heard, he became angry, and sent his armies; and they destroyed those murderers, and
XXX	21	Matt. xxii. 8	burned their cities. Then he said to his servants, The feast is prepared, but those
XXX	22	Luke xiv. 21	that were invited were not worthy. Go out quickly into the markets and into the partings of the ways of the city, and bring in hither the poor, and those with pains, and the lame, and the blind. And the servants did as the king commanded them.
XXX	23	Luke xiv. 22	And they came, and said unto him, Our lord, we have done all that thou commandedst
XXX	24	Luke xiv. 23	us, and there is here still room. So the lord said unto his servants, Go out into the roads, and the ways, and the paths, and every one that ye find, invite
XXX	25	Luke xiv. 23	to the feast, and constrain them to enter, till my house is filled. I say unto you, that no one of those people that were invited shall taste of my feast.
XXX	26	Matt. xxii. 10	And those servants went out into the roads, and gathered all that they found, good and
XXX	27	Matt. xxii. 11	bad: and the banquet-house was filled with guests. And the king entered to see those
XXX	28	Matt. xxii. 12	who were seated, and he saw there a man not wearing a festive garment: and he said unto him, My friend, how didst thou come in here not having on festive garments?
XXX	29	Matt. xxii. 13	And he was silent. Then the king said to the servants, Bind his hands and his feet, and put him forth into the outer darkness; there shall be weeping and
XXX	30	Matt. xxii. 14	gnashing of teeth. The called are many; and the chosen, few.
XXX	31	John v. 1	And after that, the time of the feast of unleavened bread of the Jews arrived,
XXX	32	Luke xvii. 11	and Jesus went out to go to Jerusalem. And as he went in the way, there met him
XXX	33	Luke xvii. 13	ten persons who were lepers, and stood afar off: and they lifted up their voice, and
XXX	34	Luke xvii. 14	said, Our Master, Jesus, have mercy upon us. And when he saw them, he said unto them, Go and shew yourselves unto the priests. And when they went, they
XXX	35	Luke xvii. 15	were cleansed. And one of them, when he saw himself cleansed, returned, and
XXX	36	Luke xvii. 16	was praising God with a loud voice; and he fell on his face before the feet of
XXX	37	Luke xvii. 17	Jesus, giving him thanks: and this man was a Samaritan. Jesus answered and said,
XXX	38	Luke xvii. 18	Were not those that were cleansed ten? where then are the nine? Not one of them turned aside to come and praise God, but this man who is of a strange
XXX	39	Luke xvii. 19	people. He said unto him, Arise, and go thy way; for thy faith hath given thee life.
XXX	40	Mark x. 32	And while they were going up in the way to Jerusalem, Jesus went in front of them; and they wondered, and followed him fearing. And he took his twelve disciples apart,
XXX	41	Luke xviii. 31	and began to tell them privately what was about to befall him. And he said unto them, We are going up to Jerusalem, and all the things shall be fulfilled
XXX	42	Mark x. 33	that are written in the prophets concerning the Son of man. He shall be delivered to the chief priests and the scribes; and they shall condemn him to death,
XXX	43	Mark x. 34	and deliver him to the peoples; and they shall treat him shamefully, and scourge
XXX	44	Luke xviii. 33	him, and spit in his face, and humble him, and crucify him, and slay him: and on
XXX	45	Luke xviii. 34	the third day he shall rise. But they understood not one thing of this; but this word was hidden from them, and they did not perceive these things that were addressed to them.
XXX	46	Matt. xx. 20; Matt. xx. 21	Then came near to him the mother of the (two) sons of Zebedee, she and her (two) sons, and worshipped him, and asked of him a certain thing. And he said
XXX	47	Mark x. 35	unto her, What wouldest thou? And James and John, her two sons, came forward, and said unto him, Teacher, we would that all that we ask thou wouldest
XXX	48	Mark x. 36	do unto us. He said unto them, What would ye that I should do unto you?
XXX	49	Mark x. 37	They said unto him, Grant us that we may sit, the one on thy right, and the other
XXX	50	Mark x. 38	on thy left, in thy kingdom and thy glory. And Jesus said unto them, Ye know not what ye ask. Are ye able to drink the cup that I am to drink? and with the
XXX	51	Mark x. 39	baptism that I am to be baptized with, will ye be baptized? And they said unto him, We are able. Jesus said unto them, The cup that I drink ye shall drink; and
XXX	52	Mark x. 40	with the baptism wherewith I am baptized ye shall be baptized: but that ye should sit on my right and on my left is not mine to give; but it is for him for whom my Father hath prepared it. Footnotes[edit]
XXXI	1	Mark x. 41	And when the ten heard, they were moved with anger against James and John.
XXXI	2	Mark x. 42	And Jesus called them, and said unto them, Ye know that the rulers of the nations
XXXI	3	Mark x. 43	are their lords; and their great men are set in authority over them. Not thus shall it be amongst you: but he amongst you that would be great, let him be to you a
XXXI	4	Mark x. 44	servant; and whoever of you would be first, let him be to every man a
XXXI	5	Matt. xx. 28	bond-servant: even as the Son of man also came not to be served, but to serve, and
XXXI	6	Luke xiii. 22	to give himself a ransom in place of the many. He said this, and was going about
XXXI	7	Luke xiii. 23	the villages and the cities, and teaching; and he went to Jerusalem. And a man asked him, Are those that shall be saved few? Jesus answered and said unto
XXXI	8	Luke xiii. 24	them, Strive ye to enter at the narrow door: I say unto you now, that many shall
XXXI	9	Luke xiii. 25	seek to enter, and shall not be able — from the time when the master of the house riseth, and closeth the door, and ye shall be standing without, and shall knock at the door, and shall begin to say, Our lord, open unto us; and he shall answer and
XXXI	10	Luke xiii. 26	say, I say unto you, I know you not whence ye are: and ye shall begin to say,
XXXI	11	Luke xiii. 27	Before thee we did eat and drink, and in our markets didst thou teach; and he shall say unto you, I know you not whence ye are; depart from me, ye servants
XXXI	12	Luke xiii. 28	of untruth. There shall be weeping and gnashing of teeth, when ye see Abraham, and Isaac, and Jacob, and all the prophets, in the kingdom of God, while ye are
XXXI	13	Luke xiii. 29	put forth without. And they shall come from the east and the west, and from the
XXXI	14	Luke xiii. 30	north and the south, and shall sit down in the kingdom of God. And there shall then be last that have become first, and first that have become last.
XXXI	15, 16	Luke xix. 1; Luke xix. 2	And when Jesus entered and passed through Jericho, there was a man named Zacchæus,
XXXI	17	Luke xix. 3	rich, and chief of the publicans. And he desired to see Jesus who he was; and he was not able for the pressure of the crowd, because Zacchæus was little of stature.
XXXI	18	Luke xix. 4	And he hastened, and went before Jesus, and went up into an unripe fig
XXXI	19	Luke xix. 5	tree to see Jesus: for he was to pass thus. And when Jesus came to that place, he saw him, and said unto him, Make haste, and come down, Zacchæus:
XXXI	20	Luke xix. 6	to-day I must be in thy house. And he hastened, and came down, and received
XXXI	21	Luke xix. 7	him joyfully. And when they all saw, they murmured, and said, He hath gone in
XXXI	22	Luke xix. 8	and lodged with a man that is a sinner. So Zacchæus stood, and said unto Jesus, My Lord, now half of my possessions I give to the poor, and what I have unjustly
XXXI	23	Luke xix. 9	taken from every man I give him fourfold. Jesus said unto him, Today is salvation
XXXI	24	Luke xix. 10	come to this house, because this man also is a son of Abraham. For the Son of man came to seek and save the thing that was lost.
XXXI	25	Luke xviii. 35	And when Jesus went out of Jericho, he and his disciples, there came after him
XXXI	26	Luke xviii. 35	a great multitude. And there was a blind man sitting by the way side begging.
XXXI	27	Mark x. 46	And his name was Timæus, the son of Timæus. And he heard the sound of the
XXXI	28	Luke xviii. 37	multitude passing, and asked, Who is this? They said unto him, Jesus the Nazarene
XXXI	29	Mark x. 47	passeth by. And when he heard that it was Jesus, he called out with a loud
XXXI	30	Luke xviii. 39; Mark x. 48	voice, and said, Jesus, son of David, have mercy on me. And those that went before Jesus were rebuking him, that he should hold his peace: but he cried the
XXXI	31	Mark x. 49	more, and said, Son of David, have mercy on me. And Jesus stood, and commanded that they should call him. And they called the blind man, and said unto
XXXI	32	Mark x. 50	him, Be of good courage, and rise; for, behold, he calleth thee. And the blind
XXXI	33	Mark x. 51	man threw away his garment, and rose, and came to Jesus. Jesus said unto him, What dost thou wish that I should do unto thee? And that blind man said unto him, My Lord and Master, that my eyes may be opened, so that I may see thee.
XXXI	34	Matt. xx. 34	And Jesus had compassion on him, and touched his eyes, and said unto
XXXI	35	Luke xviii. 42	him, See; for thy faith hath saved thee. And immediately he received his sight, and came after him, and praised God; and all the people that saw praised God.
XXXI	36	Luke xix. 11	And he spake a parable because he was nearing Jerusalem, and they supposed
XXXI	37	Luke xix. 12	that at that time the kingdom of God was about to appear. He said unto them, A man, a son of a great race, went into a far country, to receive a kingdom, and
XXXI	38	Luke xix. 13	return. And he called his ten servants, and gave them ten shares, and said unto
XXXI	39	Luke xix. 14	them, Trade till the time of my coming. But the people of his city hated him, and
XXXI	40	Luke xix. 15	sent messengers after him, and said, We will not that this man reign over us. And when he had received a kingdom, and returned, he said that the servants to whom he had given the money should be called unto him, that he might know what each
XXXI	41	Luke xix. 16	of them had traded. And the first came, and said, My lord, thy share hath gained
XXXI	42	Luke xix. 17	ten shares. The king said unto him, Thou good and faithful servant, who hast
XXXI	43	Luke xix. 18	been found faithful in a little, be thou set over ten districts. And the second came,
XXXI	44	Luke xix. 19	and said, My lord, thy portion hath gained five portions. And he said unto him
XXXI	45	Luke xix. 20	also, And thou shalt be set over five districts. And another came, and said, My
XXXI	46	Luke xix. 21	lord, here is thy portion, which was with me laid by in a napkin: I feared thee, because thou art a hard man, and takest what thou didst not leave, and seekest
XXXI	47	Luke xix. 22	what thou didst not give, and reapest what thou didst not sow. His lord said unto him, From thy mouth shall I judge thee, thou wicked and idle servant, who wast untrustworthy. Thou knewest that I am a hard man, and take what I did not
XXXI	48	Luke xix. 23	leave, and reap what I did not sow: why didst thou not put my money at usury,
XXXI	49	Luke xix. 24	and so I might come and seek it, with its gains? And he said unto those that were standing in front of him, Take from him the share, and give it to him that hath
XXXI	50, 51	Luke xix. 25; Luke xix. 26	ten shares. They said unto him, Our lord, he hath ten shares. He said unto them, I say unto you, Every one that hath shall be given unto; and
XXXI	52	Luke xix. 27	he that hath not, that which he hath also shall be taken from him. And those mine enemies who would not that I should reign over them, bring them, and slay them before me. Footnotes[edit]
XXXII	1	Matt. xxi. 12	And when Jesus entered Jerusalem, he went up to the temple of God, and found
XXXII	2	Matt. xxi. 12; John ii. 14; Matt. xxi. 12	there oxen and sheep and doves. And when he beheld those that sold and those that bought, and the money-changers sitting, he made for himself a scourge of rope, and drove them all out of the temple, and the sheep and the oxen, and the money-changers; and he threw down their money, and upset their tables, and the seats of
XXXII	3	Matt. xxi. 13	them that sold the doves; and he was teaching, and saying unto them, Is it not written, My house is a house of prayer for all peoples? and ye have made it a den
XXXII	4	John ii. 16	for robbers. And he said unto those that sold the doves, Take this hence, and
XXXII	5	Mark xi. 16	make not my Father’s house a house of merchandise. And he suffered not any
XXXII	6	John ii. 17	one to carry vessels inside the temple. And his disciples remembered the scripture,
XXXII	7	John ii. 18	The zeal of thy house hath eaten me up. The Jews answered and said unto him,
XXXII	8	John ii. 19	What sign hast thou shewn us, that thou doest this? Jesus answered and said unto
XXXII	9	John ii. 20	them, Destroy this temple, and I shall raise it in three days. The Jews said unto him, This temple was built in forty-six years, and wilt thou raise it in three days?
XXXII	10	John ii. 21	But he spake unto them of the temple of his body, that when they destroyed it, he
XXXII	11	John ii. 22	would raise it in three days. When therefore he rose from among the dead, his disciples remembered that he said this; and they believed the scriptures, and the word that Jesus spake.
XXXII	12	Mark xii. 41	And when Jesus sat down over against the treasury, he observed how the multitudes were casting their offerings into the treasury: and many rich men were
XXXII	13, 14	Mark xii. 42; Luke xxi. 3	throwing in much. And there came a poor widow, and cast in two mites. And Jesus called his disciples, and said unto them, Verily I say unto you, This poor
XXXII	15	Mark xii. 44	widow cast into the treasury more than all the people: and all of these cast into the place of the offering of God of the superfluity of their wealth; while this woman of her want threw in all that she possessed.
XXXII	16	Luke xviii. 9	And he spake unto them this parable, concerning people who trusted in themselves
XXXII	17	Luke xviii. 10	that they are righteous, and despised every man: Two men went up to the
XXXII	18	Luke xviii. 11	temple to pray; one of them a Pharisee, and the other a publican. And the Pharisee stood apart, and prayed thus, O Lord, I thank thee, since I am not like the rest of men, the unjust, the profligate, the extortioners, or even like this publican;
XXXII	19	Luke xviii. 12; Luke xviii. 13	but I fast two days a week, and tithe all my possessions. And the publican was
XXXII	20		standing at a distance, and he would not even lift up his eyes to heaven, but was
XXXII	21	Luke xviii. 14	beating upon his breast, and saying, O Lord, have mercy on me, me the sinner. I say unto you, that this man went down justified to his house more than the Pharisee. Every one that exalteth himself shall be abased; and every one that abaseth himself shall be exalted.
XXXII	22	Mark xi. 19	And when eventide was come, he left all the people, and went outside the
XXXII	23	Luke ix. 11	city to Bethany, he and his twelve, and he remained there. And all the people, because they knew the place, came to him, and he received them; and them that
XXXII	24	Mark xi. 12	had need of healing he healed. And on the morning of the next day, when he returned
XXXII	25	Mark xi. 13	to the city from Bethany, he hungered. And he saw a fig tree at a distance on the beaten highway, having on it leaves. And he came unto it, expecting to find something on it; and when he came, he found nothing on it but the leaves—it was not
XXXII	26	Mark xi. 14	the season of figs— and he said unto it, Henceforward for ever let no man eat fruit of thee. And his disciples heard.
XXXII	27	Mark xi. 15	And they came to Jerusalem. And there was there a man of the Pharisees,
XXXII	28	John iii. 2	named Nicodemus, ruler of the Jews. This man came unto Jesus by night, and said unto him, My Master, we know that thou hast been sent from God as a teacher; and no man can do these signs that thou doest, except him whom God is
XXXII	29	John iii. 3	with. Jesus answered and said unto him, Verily, verily, I say unto thee, If a man
XXXII	30	John iii. 4	be not born a second time, he cannot see the kingdom of God. Nicodemus said unto him, How can a man who is old be born? can he, think you, return again to
XXXII	31	John iii. 5	his mother’s womb a second time, to enter and be born? Jesus answered and said unto him, Verily, verily, I say unto thee, If a man be not born of water and the Spirit,
XXXII	32	John iii. 6	he cannot enter the kingdom of God. For he that is born of flesh is flesh; and he that
XXXII	33	John iii. 7	is born of Spirit is spirit. Wonder not that I said unto thee that ye must be born a
XXXII	34	John iii. 8	second time. The wind bloweth where it listeth, and thou hearest its voice, but thou knowest not from what place it cometh, nor whither it goeth: so
XXXII	35	John iii. 9	is every man that is born of the Spirit. Nicodemus answered and said unto him,
XXXII	36	John iii. 10	How can that be? Jesus answered and said unto him, Art thou teaching Israel,
XXXII	37	John iii. 11	and yet knowest not these things? Verily, verily, I say unto thee, What we know
XXXII	38	John iii. 12	we say, and what we have seen we witness: and ye receive not our witness. If I said unto you what is on earth, and ye believed not, how then, if I say unto you
XXXII	39	John iii. 13	what is in heaven, will ye believe? And no man hath ascended up into heaven, except him that descended from heaven, the Son of man, which is in heaven.
XXXII	40	John iii. 14	And as Moses lifted up the serpent in the wilderness, so is the Son of man to be
XXXII	41	John iii. 15	lifted up; so that every man who may believe in him may not perish, but have
XXXII	42	John iii. 16	eternal life. God so loved the world, that he should give his only Son; and so every one that believeth on him should not perish, but should have eternal life.
XXXII	43	John iii. 17	God sent not his Son into the world to judge the world; but that the world might
XXXII	44	John iii. 18	be saved by his hand. He that believeth in him shall not be judged: but he that believeth not is condemned beforehand, because he hath not believed in the name
XXXII	45	John iii. 19	of the only Son, the Son of God. This is the judgement, that the light came into the world, and men loved the darkness more than the light; because their deeds
XXXII	46	John iii. 20	were evil. Whosoever doeth evil deeds hateth the light, and cometh not to the
XXXII	47	John iii. 21	light, lest his deeds be reproved. But he that doeth the truth cometh to the light, that his deeds may be known, that they have been done in God. Footnotes[edit]
XXXIII	1	Mark xi. 19	And when evening came, Jesus went forth outside of the city, he and his
XXXIII	2	Mark xi. 20	disciples. And as they passed in the morning, the disciples saw that fig tree
XXXIII	3	Matt. xxi. 20	withered away from its root. And they passed by, and said, How did the fig tree dry
XXXIII	4	Mark xi. 21	up immediately? And Simon remembered, and said unto him, My Master, behold,
XXXIII	5	Mark xi. 22	that fig tree which thou didst curse hath dried up. And Jesus answered and said
XXXIII	6	Mark xi. 23	unto them, Let there be in you the faith of God. Verily I say unto you, if ye believe, and doubt not in your hearts, and assure yourselves that that will be which
XXXIII	7	Matt. xxi. 21	ye say, ye shall have what ye say. And if ye say to this mountain, Remove, and
XXXIII	8	Matt. xxi. 22	fall into the sea, it shall be. And all that ye ask God in prayer, and believe, he
XXXIII	9, 10	Luke xvii. 5; Luke xvii. 6	will give you. And the apostles said unto our Lord, Increase our faith. He said unto them, If there be in you faith like a grain of mustard, ye shall say to this fig tree, Be thou torn up, and be thou planted in the sea; and it will obey you.
XXXIII	11	Luke xvii. 7	Who of you hath a servant driving a yoke of oxen or tending sheep, and if he
XXXIII	12	Luke xvii. 8	come from the field, will say unto him straightway, Go and sit down? Nay, he will say unto him, Make ready for me wherewith I may sup, and gird thy waist, and serve me, till I eat and drink; and afterwards thou shalt eat and drink also.
XXXIII	13	Luke xvii. 9	Doth that servant haply, who did what he was bid, receive his praise? I think
XXXIII	14	Luke xvii. 10	not. So ye also, when ye have done all that ye were bid, say, We are idle servants; what it was our duty to do, we have done.
XXXIII	15	Mark xi. 24	For this reason I say unto you, Whatever ye pray and ask, believe that ye
XXXIII	16	Mark xi. 25	receive, and ye shall have. And when ye stand to pray, forgive what is in your heart against any man; and your Father which is in heaven will
XXXIII	17	Mark xi. 26	forgive you also your wrong-doings. But if ye forgive not men their wrong-doings, neither will your Father forgive you also your wrong-doings.
XXXIII	18	Luke xviii. 1	And he spake unto them a parable also, that they should pray at all times, and
XXXIII	19	Luke xviii. 2	not be slothful: There was a judge in a city, who feared not God, nor was ashamed
XXXIII	20	Luke xviii. 3	for men: and there was a widow in that city; and she came unto him, and said,
XXXIII	21	Luke xviii. 4	Avenge me of mine adversary. And he would not for a long time: but afterwards he said within himself, If of God I have no fear, and before men I have no shame;
XXXIII	22	Luke xviii. 5	yet because this widow vexeth me, I will avenge her, that she come not at all times
XXXIII	23, 24	Luke xviii. 6; Luke xviii. 7	and annoy me. And our Lord said, Hear ye what the judge of injustice said. And shall not God still more do vengeance for his elect, who call upon him in the night
XXXIII	25	Luke xviii. 8	and in the day, and grant them respite? I say unto you, He will do vengeance for them speedily. Thinkest thou the Son of man will come and find faith on the earth?
XXXIII	26, 27	Mark xi. 15; Luke xx. 1	And they came again to Jerusalem. And it came to pass, on one of the days, as Jesus was walking in the temple, and teaching the people, and preaching the
XXXIII	28	Luke xx. 2; Mark xi. 28	gospel, that the chief priests and the scribes with the elders came upon him, and said unto him, Tell us: By what power doest thou this? and who gave thee this
XXXIII	29	Mark xi. 29	power to do that? And Jesus said unto them, I also will ask you one word, and if
XXXIII	30	Matt. xxi. 25	ye tell me, I also shall tell you by what power I do that. The baptism of John, from
XXXIII	31	Mark xi. 30; Matt. xxi. 25	what place is it? from heaven or of men? Tell me. And they reflected within themselves, and said, If we shall say unto him, From heaven; he will say unto
XXXIII	32	Matt. xxi. 26	us, For what reason did ye not believe him? But if we shall say, Of men;
XXXIII	33	Luke xx. 6	we fear that the people will stone us, all of them. And all of them were holding
XXXIII	34	Mark xi. 33	to John, that he was a true prophet. They answered and said unto him, We know
XXXIII	35	Matt. xxi. 28	not. Jesus said unto them, Neither tell I you also by what power I work. What think ye? A man had two sons; and he went to the first, and said unto him, My
XXXIII	36	Matt. xxi. 29	son, go to-day, and till in the vineyard. And he answered and said, I do not wish
XXXIII	37	Matt. xxi. 30	to: but finally he repented, and went. And he went to the other, and said unto
XXXIII	38	Matt. xxi. 31	him likewise. And he answered and said, Yea, my lord: and went not. Which of these two did the will of his father? They said unto him, The first. Jesus said unto them, Verily I say unto you, The publicans and harlots go before you into
XXXIII	39	Matt. xxi. 32	the kingdom of God. John came unto you in the way of righteousness, and ye believed him not; but the publicans and harlots believed him; and ye, not even when ye saw, did ye repent at last, that ye might believe in him.
XXXIII	40	Matt. xxi. 33	Hear another parable: A man was a householder, and planted a vineyard, and surrounded it with a hedge, and digged in it a winepress, and built in it a tower,
XXXIII	41, 42	Luke xx. 9; Mark xxi. 34	and gave it to husbandmen, and went to a distance for a long time. So when the time of the fruits came, he sent his servants unto the husbandmen, that they might
XXXIII	43	Mark xii. 3	send him of the produce of his vineyard. And those husbandmen beat him, and
XXXIII	44	Mark xii. 4	sent him away empty. And he sent unto them another servant also; and they
XXXIII	45	Mark xii. 5	stoned him, and wounded him, and sent him away with shameful handling. And he sent again another; and they slew him. And he sent many other servants unto
XXXIII	46	Matt. xxi. 35	them. And the husbandmen took his servants, and one they beat, and another they
XXXIII	47	Matt. xxi. 36	stoned, and another they slew. So he sent again other servants more than the first; and
XXXIII	48	Luke xx. 13	they did likewise with them. So the owner of the vineyard said, What shall I do? I will send my beloved son: it may be they will see him and be
XXXIII	49, 50	Mark xii. 6; Matt. xxi. 38	ashamed. So at last he sent unto them his beloved son that he had. But the husbandmen, when they saw the son, said amongst themselves, This is the heir.
XXXIII	51, 52	Luke xx. 14; Matt. xxi. 39	And they said, We will slay him, and so the inheritance will be ours. So they took
XXXIII	53	Matt. xxi. 40	him, and put him forth without the vineyard, and slew him. When then the lord
XXXIII	54	Matt. xxi. 41	of the vineyard shall come, what will he do with those husbandmen? They said unto him, He will destroy them in the worst of ways, and give the vineyard to
XXXIII	55	Matt. xxi. 42; Luke xx. 17	other husbandmen, who will give him fruit in its season. Jesus said unto them, Have ye never read in the scripture, The stone which the builders declared to be base, The same came to be at the head of the corner:
XXXIII	56	Matt. xxi. 42	From God was this, And it is wonderful in our eyes?
XXXIII	57	Matt. xxi. 43	Therefore I say unto you, The kingdom of God shall be taken from you, and
XXXIII	58	Matt. xxi. 44	given to a people that will produce fruit. And whosoever falleth on this stone shall be broken in pieces: but on whomsoever it falleth, it will grind him to
XXXIII	59	Matt. xxi. 45	powder. And when the chief priests and the Pharisees heard his parables, they
XXXIII	60	Matt. xxi. 46	perceived that it was concerning them he spake. And they sought to seize him; and they feared the multitude, because they were holding to him as the prophet. Footnotes[edit]
XXXIV	1	Matt. xxii. 15	Then went the Pharisees and considered how they might ensnare him in a word,
XXXIV	2	Matt. xxii. 16	and deliver him into the power of the judge, and into the power of the ruler. And they sent unto him their disciples, with the kinsfolk of Herod; and they said unto him, Teacher, we know that thou speakest the truth, and teachest the way of God with equity, and art not lifted up by any man: for thou actest not so as to
XXXIV	3	Matt. xxii. 17	be seen of any man. Tell us now, What is thy opinion? Is it lawful that we should
XXXIV	4	Mark xii. 15	pay the tribute to Cæsar, or not? shall we give, or shall we not give? But Jesus knew
XXXIV	5	Matt. xxii. 18	their deceit, and said unto them, Why tempt ye me, ye hypocrites? Shew me the
XXXIV	6	Matt. xxii. 20	penny of the tribute. So they brought unto him a penny. Jesus said unto them, To whom belongeth this image and inscription? They said unto him, To Cæsar.
XXXIV	7, 8	Matt. xxii. 21; Luke xx. 26	He said unto them, Give what is Cæsar’s to Cæsar, and what is God’s to God. And they could not make him slip in a single word before the people; and they marvelled at his word, and refrained.
XXXIV	9	Matt. xxii. 23	And on that day came the Sadducees, and said unto him, There is no life for
XXXIV	10	Matt. xxii. 24	the dead. And they asked him, and said unto him, Teacher, Moses said unto us, If a man die, not having children, let his brother take his wife, and raise up seed
XXXIV	11	Matt. xxii. 25	for his brother. Now there were with us seven brethren: and the first took a wife,
XXXIV	12	Luke xx. 30	and died without children; and the second took his wife, and died without children;
XXXIV	13	Luke xx. 31	and the third also took her; and in like manner the seven of them also, and they
XXXIV	14, 15	Matt. xxii. 27; Matt. xxii. 28	died without leaving children. And last of them all the woman died also. At the resurrection, then, which of these seven shall have this woman? for all of them took
XXXIV	16	Matt. xxii. 29	her. Jesus answered and said unto them, Is it not for this that ye have erred,
XXXIV	17	Luke xx. 34	because ye know not the scriptures, nor the power of God? And the sons of this
XXXIV	18	Luke xx. 35	world take wives, and the women become the men’s; but those that have become worthy of that world, and the resurrection from among the dead, do not take
XXXIV	19	Luke xx. 36	wives, and the women also do not become the men’s. Nor is it possible that they should die; but they are like the angels, and are the children of
XXXIV	20	Matt. xxii. 30	God, because they have become the children of the resurrection. For in the resurrection of the dead, have ye not read in the book of Moses, how from the bush God said unto him, I am the God of Abraham, and the God of Isaac, and the God of Jacob?
XXXIV	21	Luke xx. 38	And God is not the God of the dead, but of the living: for all of them are alive with him. And ye have erred greatly.
XXXIV	22, 23	Matt. xxii. 33; Luke xx. 39	And when the multitudes heard, they were wondering at his teaching. And
XXXIV	24	Matt. xxii. 34	some of the scribes answered and said unto him, Teacher, thou hast well said. But the rest of the Pharisees, when they saw his silencing the Sadducees on this point, gathered against him to contend with him.
XXXIV	25	Matt. xxii. 35	And one of the scribes, of those that knew the law, when he saw the excellence
XXXIV	26	Luke x. 25; Mark xii. 28	of his answer to them, desired to try him, and said unto him, What shall I do to inherit eternal life? and, Which of the commandments is greater, and has precedence
XXXIV	27	Mark xii. 29	in the law? Jesus said unto him, The first of all the commandments is, Hear, O
XXXIV	28	Mark xii. 30	Israel; The Lord our God, the Lord is one: and thou shalt love the Lord thy God with all thy heart, and with all thy soul, and with all thy thought, and with all thy
XXXIV	29, 30	Matt. xxii. 38; Mark xii. 31	strength. This is the great and preëminent commandment. And the second, which is like it, is, Thou shalt love thy neighbour as thyself. And another commandment
XXXIV	31	Matt. xxii. 40	greater than these two there is not. On these two commandments, then, are hung the
XXXIV	32	Mark xii. 32	law and the prophets. That scribe said unto him, Excellent! my Master; thou hast said truly that he is one, and there is no other outside of him:
XXXIV	33	Mark xii. 33	and that a man should love him with all his heart, and with all his thought, and with all his soul, and with all his strength, and that he should love his neighbour as
XXXIV	34	Mark xii. 34	himself, is better than all savours and sacrifices. And Jesus saw him that he had answered wisely; and he answered and said unto him, Thou art not far from the
XXXIV	35, 36	Luke x. 28; Luke x. 29	kingdom of God. Thou hast spoken rightly: do this, and thou shalt live. And he, as his desire was to justify himself, said unto him, And who is my neighbour?
XXXIV	37	Luke x. 30	Jesus said unto him, A man went down from Jerusalem to Jericho; and the robbers fell upon him, and stripped him, and beat him, his life remaining in him but little,
XXXIV	38	Luke x. 31	and went away. And it happened that there came down a certain priest that way;
XXXIV	39	Luke x. 32	and he saw him, and passed by. And likewise a Levite also came and reached
XXXIV	40	Luke x. 33	that place, and saw him, and passed by. And a certain Samaritan, as he journeyed,
XXXIV	41	Luke x. 34	came to the place where he was, and saw him, and had compassion on him, and came near, and bound up his strokes, and poured on them wine and oil; and he set him on the ass, and brought him to the inn, and expended his care upon him.
XXXIV	42	Luke x. 35	And on the morrow of that day he took out two pence, and gave them to the innkeeper, and said unto him, Care for him; and if thou spendest upon him more,
XXXIV	43	Luke x. 36	when I return, I shall give thee. Who of these three now, thinkest thou, is nearest
XXXIV	44	Luke x. 37	to him that fell among the robbers? And he said unto him, He that had compassion
XXXIV	45	Mark xii. 34	on him. Jesus said unto him, Go, and do thou also likewise. And no man dared afterwards to ask him anything.
XXXIV	46	Luke xix. 47; Luke xix. 48	And he was teaching every day in the temple. But the chief priests and scribes and the elders of the people sought to destroy him: and they could not find what
XXXIV	47		they should do with him; and all the people were hanging upon him to hear him.
XXXIV	48	John vii. 31	And many of the multitude believed on him, and said, The Messiah, when he
XXXIV	49	John vii. 32	cometh, can it be that he will do more than these signs that this man doeth? And the Pharisees heard the multitudes say that of him; and the chief priests sent
XXXIV	50	John vii. 33	officers to seize him. And Jesus said unto them, I am with you but a short time
XXXIV	51	John vii. 34	yet, and I go to him that sent me. And ye shall seek me, and shall not find me:
XXXIV	52	John vii. 35	and where I shall be, ye shall not be able to come. The Jews said within themselves, Whither hath this man determined to go that we shall not be able to find him? can it be that he is determined to go to the regions of the nations, and teach
XXXIV	53	John vii. 36	the heathen? What is this word that he said, Ye shall seek me, and shall not find me: and where I am, ye cannot come? Footnotes[edit]
XXXV	1	John vii. 37	And on the great day, which is the last of the feast, Jesus stood, crying out and
XXXV	2	John vii. 38	saying, If any man is thirsty, let him come unto me, and drink. Every one that believeth in me, as the scriptures said, there shall flow from his belly rivers of pure
XXXV	3	John vii. 39	water. He said that referring to the Spirit, which those who believed in him were to receive: for the Spirit was not yet granted; and because Jesus had not yet been
XXXV	4	John vii. 40	glorified. And many of the multitude that heard his words said, This is
XXXV	5	John vii. 41	in truth the prophet. And others said, This is the Messiah. But others
XXXV	6	John vii. 42	said, Can it be that the Messiah will come from Galilee? Hath not the scripture said that from the seed of David, and from Bethlehem, the village of David, the
XXXV	7	John vii. 43	Messiah cometh? And there occurred a dissension in the multitude because of him.
XXXV	8	John vii. 44	And some of them were wishing to seize him; but no man laid a hand upon him.
XXXV	9	John vii. 45	And those officers came to the chief priests and Pharisees: and the priests said
XXXV	10	John vii. 46	unto them, Why did ye not bring him? The officers said, Never spake man thus
XXXV	11	John vii. 47	as speaketh this man. The Pharisees said unto them, Perhaps ye also have gone
XXXV	12, 13	John vii. 48; John vii. 49	astray? Hath any of the rulers or the Pharisees haply believed in him? except
XXXV	14	John vii. 50	this people which knows not the law; they are accursed. Nicodemus, one of them,
XXXV	15	John vii. 51	he that had come to Jesus by night, said unto them, Doth our law haply condemn
XXXV	16	John vii. 52	a man, except it hear him first and know what he hath done? They answered and said unto him, Art thou also haply from Galilee? Search, and see that a prophet riseth not from Galilee.
XXXV	17, 18	Matt. xxii. 41; Matt. xxii. 42	And when the Pharisees assembled, Jesus asked them, and said, What say ye of
XXXV	19	Matt. xxii. 43	the Messiah? whose son is he? They said unto him, The son of David. He said unto them, And how doth David in the Holy Spirit call him Lord? for he said,
XXXV	20	Matt. xxii. 44	The Lord said unto my Lord, Sit on my right hand, That I may put thine enemies under thy feet.
XXXV	21, 22	Matt. xxii. 45; Matt. xxii. 46	If then David calleth him Lord, how is he his son? And no one was able to answer him; and no man dared from that day again to ask him of anything.
XXXV	23	John viii. 12	And Jesus addressed them again, and said, I am the light of the world; and he that
XXXV	24	John viii. 13; John viii. 14	followeth me shall not walk in darkness, but shall find the light of life. The Pharisees said unto him, Thou bearest witness to thyself; thy witness is not true. Jesus
XXXV	25		answered and said unto them, If I bear witness to myself, my witness is true; for I know whence I came, and whither I go; but ye know not whence I came, or
XXXV	26, 27	John viii. 15; John viii. 16	whither I go. And ye judge after the flesh; and I judge no man. And even if I judge, my judgement is true; because I am not alone, but I and my Father which
XXXV	28, 29	John viii. 17; John viii. 18	sent me. And in your law it is written, that the witness of two men is true. I am he that beareth witness to myself, and my Father which sent me beareth witness to
XXXV	30	John viii. 19	me. They said unto him, Where is thy Father? Jesus answered and said unto them, Ye know not me, nor my Father: for did ye know me, ye would know my
XXXV	31	John viii. 20	Father. He said these sayings in the treasury, where he was teaching in the
XXXV	32	John viii. 21	temple: and no man seized him; because his hour had not yet come. Jesus said unto them again, I go truly, and ye shall seek me and not find me, and ye shall die
XXXV	33	John viii. 22	in your sins: and where I go, ye cannot come. The Jews said, Will he haply kill
XXXV	34	John viii. 23	himself, that he saith, Where I go, ye cannot come? He said unto them, Ye are from below; and I am from above: ye are of this world; and I am not of this
XXXV	35	John viii. 24	world. I said unto you, that ye shall die in your sins: if ye believe not that I am
XXXV	36	John viii. 25	he, ye shall die in your sins. The Jews said, And thou, who art thou? Jesus said
XXXV	37	John viii. 26	unto them, If I should begin to speak unto you, I have concerning you many words and judgement: but he that sent me is true; and I, what I heard from him is what
XXXV	38, 39	John viii. 27; John viii. 28	I say in the world. And they knew not that he meant by that the Father. Jesus said unto them again, When ye have lifted up the Son of man, then ye shall know that I am he: and I do nothing of myself, but as my Father
XXXV	40	John viii. 29	taught me, so I speak. And he that sent me is with me; and my Father hath not
XXXV	41	John viii. 30	left me alone; because I do what is pleasing to him at all times. And while he was saying that, many believed in him.
XXXV	42	John viii. 31	And Jesus said to those Jews that believed in him, If ye abide in my words, truly
XXXV	43	John viii. 32	ye are my disciples; and ye shall know the truth, and the truth shall make you free.
XXXV	44	John viii. 33	They said unto him, We are the seed of Abraham, and have never served any man
XXXV	45	John viii. 34	in the way of slavery: how then sayest thou, Ye shall be free children? Jesus said unto them, Verily, verily, I say unto you, Every one that doeth a sin is a slave of
XXXV	46	John viii. 35	sin. And the slave doth not remain for ever in the house; but the son remaineth
XXXV	47, 48	John viii. 37	for ever. And if the Son set you free, truly ye shall be free children. I know that ye are the seed of Abraham; but ye seek to slay me, because ye are unable for my
XXXV	49	John viii. 38	word. And what I saw with my Father, I say: and what ye saw with your father,
XXXV	50	John viii. 39	ye do. They answered and said unto him, Our father is Abraham. Jesus said unto them, If ye were the children of Abraham, ye would do the deeds of Abraham.
XXXV	51	John viii. 40	Now, behold, ye seek to kill me, a man that speak with you the truth, that I
XXXV	52	John viii. 41	heard from God: this did Abraham not do. And ye do the deeds of your father. They said unto him, We were not born of fornication; we have one Father, who is
XXXV	53	John viii. 42	God. Jesus said unto them, If God were your Father, ye would love me: I proceeded and came from God; and it was not of my own self that I came, but he sent
XXXV	54	John viii. 43	me. Why then do ye not know my word? Because ye cannot hear my word.
XXXV	55	John viii. 44	Ye are from the father, the devil, and the lust of your father do ye desire to do, who from the beginning is a slayer of men, and in the truth standeth not, because the truth is not in him. And when he speaketh untruth, he speaketh from
XXXV	56	John viii. 45	himself: for he is a liar, and the father of untruth. And I who speak the truth, ye
XXXV	57	John viii. 46	believe me not. Who of you rebuketh me for a sin? And if I speak the truth, ye
XXXV	58	John viii. 47	do not believe me. Whosoever is of God heareth the words of God: therefore do
XXXV	59	John viii. 48	ye not hear, because ye are not of God. The Jews answered and said unto him,
XXXV	60	John viii. 49	Did we not say well that thou art a Samaritan, and hast demons? Jesus said unto them, As for me, I have not a devil; but my Father do I honour, and ye dishonour
XXXV	61	John viii. 50	me. I seek not my glory: here is one who seeketh and judgeth. Footnotes[edit]
XXXVI	1	John viii. 51	Verily, verily, I say unto you, Whosoever keepeth my word shall not see death
XXXVI	2	John viii. 52	for ever. The Jews said unto him, Now we know that thou hast demons. Abraham is dead, and the prophets; and thou sayest, Whosoever keepeth my word shall not
XXXVI	3	John viii. 53	taste death for ever. Art thou haply greater than our father Abraham, who is
XXXVI	4	John viii. 54	dead, and than the prophets, which are dead? whom makest thou thyself? Jesus said unto them, If I glorify myself, my glory is nothing: my Father is he that
XXXVI	5	John viii. 55	glorifieth me; of whom ye say, that he is our God; and yet ye have not known him: but I know him; and if I should say that I know him not, I should become
XXXVI	6	John viii. 56	a liar like you: but I know him, and keep his word. Abraham your father
XXXVI	7	John viii. 57	longed to see my day; and he saw, and rejoiced. The Jews said unto him,
XXXVI	8	John viii. 58	Thou art now not fifty years old, and hast thou seen Abraham? Jesus said unto
XXXVI	9	John viii. 59; John viii. 60	them, Verily, verily, I say unto you, Before Abraham was, I am. And they take stones to stone him: but Jesus concealed himself, and went out of the temple. And he passed through them, and went his way.
XXXVI	10	John ix. 1; John ix. 2	And as he passed, he saw a man blind from his mother’s womb. And his
XXXVI	11		disciples asked him, and said, Our Master, who sinned, this man, or his parents, so
XXXVI	12	John ix. 3	that he was born blind? Jesus said unto them, Neither did he sin, nor his parents:
XXXVI	13	John ix. 4	but that the works of God may be seen in him. It is incumbent on me to do the deeds of him that sent me, while it is day: a night will come, and no man will be
XXXVI	14	John ix. 5	able to busy himself. As long as I am in the world, I am the light of the world.
XXXVI	15	John ix. 6	And when he said that, he spat upon the ground, and made clay of his spittle, and
XXXVI	16	John ix. 7	smeared it on the eyes of the blind man, and said unto him, Go and wash thyself in
XXXVI	17	John ix. 8	the pool of Siloam. And he went and washed, and came seeing. And his neighbours, which saw him of old begging, said, Is not this he that was sitting begging?
XXXVI	18	John ix. 9	And some said, It is he; and others said, Nay, but he resembles him much. He
XXXVI	19, 20	John ix. 10; John ix. 11	said, I am he. They said unto him, How then were thine eyes opened? He answered and said unto them, A man named Jesus made clay, and smeared it on my eyes, and said unto me, Go and wash in the water of Siloam: and I went and
XXXVI	21	John ix. 12	washed, and received sight. They said unto him, Where is he? He said, I know not.
XXXVI	22, 23	John ix. 13; John ix. 14	And they brought him that was previously blind to the Pharisees. And the day in which Jesus made clay and opened with it his eyes was a sabbath
XXXVI	24	John ix. 15	day. And again the Pharisees asked him, How didst thou receive sight? And he said
XXXVI	25	John ix. 16	unto them, He put clay on mine eyes, and I washed, and received sight. The people of the Pharisees said, This man is not from God, for he keepeth not the sabbath. And others said, How can a man that is a sinner do these signs? And there came
XXXVI	26	John ix. 17	to be a division amongst them. And again they said to that blind man, Thou, then, what sayest thou of him that opened for thee thine eyes? He said unto them,
XXXVI	27	John ix. 18	I say that he is a prophet. And the Jews did not believe concerning him, that he was blind, and received sight, until they summoned the parents of him who received
XXXVI	28	John ix. 19	sight, and asked them, Is this your son, of whom ye said that he was born blind?
XXXVI	29	John ix. 20	how then, behold, doth he now see? His parents answered and said, We know
XXXVI	30	John ix. 21	that this is our son, and that he was born blind: but how he has come to see now, or who it is that opened his eyes, we know not: and he also has reached his prime;
XXXVI	31	John ix. 22	ask him, and he will speak for himself. This said his parents, because they were fearing the Jews: and the Jews decided, that if any man should confess of him that
XXXVI	32	John ix. 23	he was the Messiah, they would put him out of the synagogue. For this reason
XXXVI	33	John ix. 24	said his parents, He hath reached his prime; ask him. And they called the man a second time, him that was blind, and said unto him, Praise God: we know that this
XXXVI	34	John ix. 25	man is a sinner. He answered and said unto them, Whether he be a sinner, I know
XXXVI	35	John ix. 26	not: I know one thing, that I was blind, and I now see. They said unto him again,
XXXVI	36	John ix. 27	What did he unto thee? how opened he for thee thine eyes? He said unto them, I said unto you, and ye did not hear: what wish ye further to hear?
XXXVI	37	John ix. 28	ye also, do ye wish to become disciples to him? And they reviled him, and said unto him, Thou art the disciple of that man; but as for us, we are the disciples of
XXXVI	38	John ix. 29	Moses. And we know that God spake unto Moses: but this man, we know not
XXXVI	39	John ix. 30	whence he is. The man answered and said unto them, From this is the wonder,
XXXVI	40	John ix. 31	because ye know not whence he is, and mine eyes hath he opened. And we know that God heareth not the voice of sinners: but whosoever feareth him, and doeth
XXXVI	41	John ix. 32	his will, him he heareth. From eternity hath it not been heard of, that a man
XXXVI	42	John ix. 33	opened the eyes of a blind man, who had been born in blindness. If then this man
XXXVI	43	John ix. 34	were not from God, he could not do that. They answered and said unto him, Thou wast all of thee born in sins, and dost thou teach us? And they put him forth without.
XXXVI	44	John ix. 35	And Jesus heard of his being put forth without, and found him, and said unto
XXXVI	45	John ix. 36	him, Dost thou believe in the Son of God? He that was made whole answered
XXXVI	46	John ix. 37	and said, Who is he, my Lord, that I may believe in him? Jesus said unto him,
XXXVI	47	John ix. 38	Thou hast seen him, and he that speaketh to thee is he. And he said, I believe, my Lord. And he fell down worshipping him. Footnotes[edit]
XXXVII	1	John ix. 39	And Jesus said, To judge the world am I come, so that they that see not may
XXXVII	2	John ix. 40	see, and they that see may become blind. And some of the Pharisees which were
XXXVII	3	John ix. 41	with him heard that, and they said unto him, Can it be that we are blind? Jesus said unto them, If ye were blind, ye should not have sin: but now ye say, We see: and because of this your sin remaineth.
XXXVII	4	John x. 1	Verily, verily, I say unto you, Whosoever entereth not into the fold of the sheep by the door, but goeth up from another place, that man is a thief and a
XXXVII	5, 6	John x. 2; John x. 3	stealer. But he that entereth by the door is the shepherd of the sheep. And therefore the keeper of the door openeth for him the door; and the sheep hear his voice: and
XXXVII	7	John x. 4	he calleth his sheep by their names, and they go forth unto him. And when he putteth forth his sheep, he goeth before them, and his sheep follow him: because
XXXVII	8	John x. 5	they know his voice. And after a stranger will the sheep not go, but they flee from
XXXVII	9	John x. 6	him: because they hear not the voice of a stranger. This parable spake Jesus unto them: but they knew not what he was saying unto them.
XXXVII	10	John x. 7	Jesus said unto them again, Verily, verily, I say unto you, I am the door of the
XXXVII	11	John x. 8	sheep. And all that came are thieves and stealers: but the sheep heard them not.
XXXVII	12	John x. 9	I am the door: and if a man enter by me, he shall live, and shall go in and go out,
XXXVII	13	John x. 10	and shall find pasture. And the stealer cometh not, save that he may steal, and kill, and destroy: but I came that they might have life, and that they might have
XXXVII	14	John x. 11	the thing that is better. I am the good shepherd; and the good shepherd giveth
XXXVII	15	John x. 12	himself for his sheep. But the hireling, who is not a shepherd, and whose the sheep are not, when he seeth the wolf as it cometh, leaveth the sheep, and fleeth,
XXXVII	16	John x. 13	and the wolf cometh, and snatcheth away the sheep, and scattereth them: and the
XXXVII	17	John x. 14	hireling fleeth because he is an hireling, and hath no care for the sheep. I am the
XXXVII	18	John x. 15	good shepherd; and I know what is mine, and what is mine knoweth me, as my Father knoweth me, and I know my Father; and I give myself for the sheep.
XXXVII	19	John x. 16	And I have other sheep also, that are not of this flock: them also I must invite, and they shall hear my voice; and all the sheep shall be one, and the shepherd one.
XXXVII	20	John x. 17	And therefore doth my Father love me, because I give my life, that I may
XXXVII	21	John x. 18	take it again. No man taketh it from me, but I leave it of my own choice. And I have the right to leave it, and have the right also to take it. And this commandment did I receive of my Father.
XXXVII	22	John x. 19	And there occurred a disagreement among the Jews because of these sayings.
XXXVII	23	John x. 20	And many of them said, He hath a devil, and is afflicted with madness; why listen
XXXVII	24	John x. 21	ye to him? And others said, These sayings are not those of men possessed with demons. Can a demon haply open the eyes of a blind man?
XXXVII	25, 26	John x. 22; John x. 23	And the feast of the dedication came on at Jerusalem: and it was winter. And
XXXVII	27	John x. 24	Jesus was walking in the temple in the porch of Solomon. The Jews therefore surrounded him, and said unto him, Until when dost thou make our hearts anxious?
XXXVII	28	John x. 25	If thou art the Messiah, tell us plainly. He answered and said unto them, I told you, and ye believe not: and the deeds that I do in my Father’s name bear witness
XXXVII	29, 30	John x. 26	to me. But ye believe not, because ye are not of my sheep, as I said unto you.
XXXVII	31	John x. 27; John x. 28	And my sheep hear my voice, and I know them, and they come after me: and I give them eternal life; and they shall not perish for ever, nor shall any man snatch
XXXVII	32	John x. 29	them out of my hands. For the Father, who hath given them unto me, is greater
XXXVII	33	John x. 30	than all; and no man is able to take them from the hand of my Father. I and
XXXVII	34, 35	John x. 31; John x. 32	my Father are one. And the Jews took stones to stone him. Jesus said unto them, Many good deeds from my Father have I shewed you; because of which of them,
XXXVII	36	John x. 33	then, do ye stone me? The Jews said unto him, Not for the good deeds do we stone thee, but because thou blasphemest; and, whilst thou art a man, makest thyself
XXXVII	37	John x. 34	God. Jesus said unto them, Is it not thus written in your law, I said, Ye are gods?
XXXVII	38	John x. 35	And if he called those gods—for to them came the word of God (and it is
XXXVII	39	John x. 36	not possible in the scripture that anything should be undone)— he then, whom the Father hath sanctified and sent into the world, do ye say that he blasphemeth;
XXXVII	40	John x. 37	because I said unto you, I am the Son of God? If then I do not the deeds of my
XXXVII	41	John x. 38	Father, ye believe me not. But if I do, even if ye believe not me, believe the deeds: that ye may know and believe that my Father is in me, and I in my Father.
XXXVII	42	John x. 39	And they sought again to take him: and he went forth out of their hands.
XXXVII	43	John x. 40	And he went beyond Jordan to the place where John was baptizing formerly;
XXXVII	44	John x. 41	and abode there. And many people came unto him; and they said, John did not
XXXVII	45	John x. 42	work even one sign: but all that John said of this man is truth. And many believed in him.
XXXVII	46	John xi. 1	And there was a sick man, named Lazarus, of the village of Bethany, the brother
XXXVII	47	John xi. 2	of Mary and Martha. And Mary was she that anointed with sweet ointment the feet of Jesus, and wiped them with her hair; and Lazarus, who was sick, was the
XXXVII	48	John xi. 3	brother of this woman. And his sisters sent unto Jesus, and said unto him, Our
XXXVII	49	John xi. 4	Lord, behold, he whom thou lovest is sick. But Jesus said, This sickness is not unto death, but for the glorifying of God, that the Son of God may be glorified
XXXVII	50, 51	John xi. 5; John xi. 6	because of it. And Jesus loved Martha, and Mary, and Lazarus. And when he
XXXVII	52	John xi. 7	heard that he was sick, he abode in the place where he was two days. And after that,
XXXVII	53	John xi. 8	he said unto his disciples, Come, let us go into Judæa. His disciples said unto him, Our Master, now the Jews desire to stone thee; and goest thou again thither?
XXXVII	54, 55	John xi. 9; John xi. 10	Jesus said unto them, Is not the day of twelve hours? If then a man walk in the day, he stumbleth not, because he seeth the light of the world. But if
XXXVII	56	John xi. 11	a man walk in the night, he stumbleth, because there is no lamp in him. This said Jesus: and after that, he said unto them, Lazarus our friend hath fallen asleep; but
XXXVII	57	John xi. 12	I am going to awaken him. His disciples said unto him, Our Lord, if he hath
XXXVII	58	John xi. 13	fallen asleep, he will recover. But Jesus said that concerning his death: while they
XXXVII	59	John xi. 14	supposed that he spake of lying down to sleep. Then Jesus said unto them plainly,
XXXVII	60	John xi. 15	Lazarus is dead. And I am glad that I was not there for your sakes, that ye may
XXXVII	61	John xi. 16	believe; but let us go thither. Thomas, who is called Thama, said to the disciples, his companions, Let us also go, and die with him. Footnotes[edit]
XXXVIII	1, 2	John xi. 17; John xi. 18	And Jesus came to Bethany, and found him already four days in the grave. And Bethany was beside Jerusalem, and its distance from it was a sum of fifteen furlongs;
XXXVIII	3	John xi. 19	and many of the Jews came unto Mary and Martha, to comfort their heart
XXXVIII	4	John xi. 20	because of their brother. And Martha, when she heard that Jesus had come, went
XXXVIII	5	John xi. 21	out to meet him: but Mary was sitting in the house. Martha then said unto Jesus,
XXXVIII	6	John xi. 22	My Lord, if thou hadst been here, my brother had not died. But I know now that,
XXXVIII	7	John xi. 23	whatever thou shalt ask of God, he will give thee. Jesus said unto her, Thy brother shall
XXXVIII	8	John xi. 24	rise. Martha said unto him, I know that he shall rise in the resurrection at the last day.
XXXVIII	9	John xi. 25	Jesus said unto her, I am the resurrection, and the life: whosoever believeth in
XXXVIII	10	John xi. 26	me, even though he die, he shall live: and every living one that believeth
XXXVIII	11	John xi. 27	in me shall never die. Believest thou this? She said unto him, Yea, my Lord: I believe that thou art the Messiah, the Son of God, that cometh into the
XXXVIII	12	John xi. 28	world. And when she had said that, she went and called Mary her sister secretly,
XXXVIII	13	John xi. 29	and said unto her, Our Master hath come, and summoneth thee. And Mary, when
XXXVIII	14	John xi. 30	she heard, rose in haste, and came unto him. (And Jesus then had not come into
XXXVIII	15	John xi. 31	the village, but was in the place where Martha met him.) And the Jews also that were with her in the house, to comfort her, when they saw that Mary rose up and went out in haste, went after her, because they supposed that she was going to the
XXXVIII	16	John xi. 32	tomb to weep. And Mary, when she came to where Jesus was, and saw him, fell at his feet, and said unto him, If thou hadst been here, my Lord, my brother had
XXXVIII	17	John xi. 33	not died. And Jesus came; and when he saw her weeping, and the Jews that were
XXXVIII	18	John xi. 34	with her weeping, he was troubled in himself, and sighed; and he said, In what
XXXVIII	19	John xi. 35	place have ye laid him? And they said unto him, Our Lord, come and see. And
XXXVIII	20	John xi. 36	the tears of Jesus came. The Jews therefore said, See the greatness of his love for
XXXVIII	21	John xi. 37	him! But some of them said, Could not this man, who opened the eyes of that
XXXVIII	22	John xi. 38	blind man, have caused that this man also should not die? And Jesus came to the place of burial, being troubled within himself. And the place of burial was a cave,
XXXVIII	23	John xi. 39	and a stone was placed at its door. Jesus therefore said, Take these stones away. Martha, the sister of him that was dead, said unto him, My Lord, he hath come to
XXXVIII	24	John xi. 40	stink for some time: he hath been four days dead. Jesus said unto her, Did not I say
XXXVIII	25	John xi. 41	unto thee, If thou believest, thou shalt see the glory of God? And they removed those stones. And Jesus lifted his eyes on high, and said, My Father,
XXXVIII	26	John xi. 42	I thank thee since thou didst hear me. And I know that thou at all times hearest me: but I say this unto thee because of this multitude that is standing, that they
XXXVIII	27	John xi. 43	may believe that thou didst send me. And when he had said that, he cried with a
XXXVIII	28	John xi. 44	loud voice, Lazarus, come forth. And that dead man came out, having his hands and feet bound with bandages, and his face wrapped in a scarf. Jesus said unto them, Loose him, and let him go.
XXXVIII	29	John xi. 45	And many of the Jews which came unto Mary, when they saw the deed of Jesus,
XXXVIII	30	John xi. 46	believed in him. But some of them went to the Pharisees, and informed them of all that Jesus did.
XXXVIII	31	John xi. 47	And the chief priests and the Pharisees gathered, and said, What shall we do?
XXXVIII	32	John xi. 48	for lo, this man doeth many signs. And if we leave him thus, all men will believe
XXXVIII	33	John xi. 49	in him: and the Romans will come and take our country and people. And one of them, who was called Caiaphas, the chief priest he was in that year, said unto them,
XXXVIII	34	John xi. 50	Ye know not anything, nor consider that it is more advantageous for us that one
XXXVIII	35	John xi. 51	man should die instead of the people, and not that the whole people perish. And this he said not of himself: but because he was the chief priest of that year, he
XXXVIII	36	John xi. 52	prophesied that Jesus was to die instead of the people; and not instead of the people alone, but that he might gather the scattered children of God together.
XXXVIII	37	John xi. 53	And from that day they considered how to kill him.
XXXVIII	38	John xi. 54	And Jesus did not walk openly amongst the Jews, but departed thence to a place near the wilderness, to a town called Ephraim; and he was there, going
XXXVIII	39	John xi. 55	about with his disciples. And the passover of the Jews was near: and many went
XXXVIII	40	John xi. 56	up from the villages unto Jerusalem before the feast, to purify themselves. And they sought for Jesus, and said one to another in the temple, What think ye of his
XXXVIII	41	John xi. 57	holding back from the feast? And the chief priests and the Pharisees had given commandment, that, if any man knew in what place he was, he should reveal it to them, that they might take him.
XXXVIII	42	Luke ix. 51	And when the days of his going up were accomplished, he prepared himself that
XXXVIII	43	Luke ix. 52	he might go to Jerusalem. And he sent messengers before him, and departed, and
XXXVIII	44	Luke ix. 53	entered into a village of Samaria, that they might make ready for him. And they
XXXVIII	45	Luke ix. 54	received him not, because he was prepared for going to Jerusalem. And when James and John his disciples saw it, they said unto him, Our Lord, wilt thou that we speak, and fire come down from heaven, to extirpate them, as did Elijah also?
XXXVIII	46	Luke ix. 55	And Jesus turned, and rebuked them, and said, Ye know not of what spirit ye are.
XXXVIII	47	Luke ix. 56	Verily the Son of man did not come to destroy lives, but to give life. And they went to another village. Footnotes[edit]
XXXIX	1	John xii. 1	And Jesus six days before the passover came to Bethany, where was Lazarus,
XXXIX	2	John xii. 2	whom Jesus raised from among the dead. And they made a feast for him there:
XXXIX	3	Mark xiv. 3	and Martha was serving; while Lazarus was one of them that sat with him. And
XXXIX	4	John xii. 9	at the time of Jesus’ being at Bethany in the house of Simon the leper, great multitudes of the Jews heard that Jesus was there: and they came, not because of Jesus alone, but that they might look also on Lazarus, whom he raised from among the dead.
XXXIX	5, 6	John xii. 10; John xii. 11	And the chief priests considered how they might kill Lazarus also; because
XXXIX	7	John xii. 3; Mark xiv. 3	many of the Jews were going on his account, and believing in Jesus. And Mary took a case of the ointment of fine nard, of great price, and opened it, and poured
XXXIX	8	John xii. 3	it out on the head of Jesus as he was reclining; and she anointed his feet, and wiped them with her hair: and the house was filled with the odour of the ointment.
XXXIX	9, 10	John xii. 4; John xii. 5	But Judas Iscariot, one of the disciples, he that was to betray him, said, Why was
XXXIX	11	John xii. 6	not this ointment sold for three hundred pence, and given unto the poor? This he said, not because of his care for the poor, but because he was a thief, and the chest
XXXIX	12	Mark xiv. 4	was with him, and what was put into it he used to bear. And that displeased the rest of the disciples also within themselves, and they said, Why went this ointment
XXXIX	13	Matt. xxvi. 9	to waste? It was possible that it should be sold for much, and the poor be given
XXXIX	14	Mark xiv. 5; Matt. xxvi. 10; Mark xiv. 6; John xii. 7	it. And they were angry with Mary. And Jesus perceived it, and said unto them, Leave her; why molest ye her? a good work hath she accomplished on me: for the
XXXIX	15	John xii. 8	day of my burial kept she it. At all times the poor are with you, and when ye
XXXIX	16	Mark xiv. 7; Matt. xxvi. 12	wish ye can do them a kindness: but I am not at all times with you. And for this cause, when she poured this ointment on my body, it is as if she did it for my burial,
XXXIX	17	Mark xiv. 8	and anointed my body beforehand. And verily I say unto you, In every place where this my gospel shall be proclaimed in all the world, what she did shall be told for a memorial of her.
XXXIX	18, 19	Luke xix. 28; Luke xix. 29	And when Jesus said that, he went out leisurely to go to Jerusalem. And when he arrived at Bethphage and at Bethany, beside the mount which is
XXXIX	20	Matt. xxi. 2	called the mount of Olives, Jesus sent two of his disciples, and he said unto them, Go
XXXIX	21	Matt. xxi. 2	into this village that is opposite you: and when ye enter it, ye shall find an ass tied, and
XXXIX	22	Matt. xxi. 2	a colt with him, which no man ever yet mounted: loose him, and bring them unto me. And if any man say unto you, Why loose ye them? say unto him thus, We
XXXIX	23	Matt. xxi. 3	seek them for our Lord; and straightway send them hither. All this was, that what was said in the prophet might be fulfilled, which said,
XXXIX	24	Matt. xxi. 5	Say ye unto the daughter of Zion, Behold, thy King cometh unto thee, Meek, and riding upon an ass, And upon a colt the foal of an ass.
XXXIX	25	John xii. 16	And the disciples did not know this at that time: but after that Jesus was glorified, his disciples remembered that these things were written of him, and that this
XXXIX	26	Matt. xxi. 6	they had done unto him. And when the two disciples went, they found as he had
XXXIX	27	Matt. xxi. 6	said unto them, and they did as Jesus charged them. And when they loosed them,
XXXIX	28	Luke xix. 34	their owners said unto them, Why loose ye them? They said unto them, We seek
XXXIX	29	Mark xi. 6	them for our Lord. And they let them go. And they brought the ass and the colt,
XXXIX	30	Matt. xxi. 8	and they placed on the colt their garments; and Jesus mounted it. And most of the multitudes spread their garments on the ground before him: and others cut branches
XXXIX	31	Luke xix. 37	from the trees, and threw them in the way. And when he neared his descent from the mount of Olives, all the disciples began to rejoice and to praise God with
XXXIX	32	Matt. xxi. 9	a loud voice for all the powers which they had seen; and they said, Praise in the highest; Praise to the Son of David: Blessed is he that cometh in the name
XXXIX	33	Mark xi. 10; Luke xix. 38	of the Lord; and blessed is the kingdom that cometh, that of our father David: Peace in heaven, and praise in the highest.
XXXIX	34	John xii. 12	And a great multitude, that which came to the feast, when they heard that Jesus
XXXIX	35	John xii. 13	was coming to Jerusalem, took young palm branches, and went forth to meet him, and cried and said, Praise: Blessed is he that cometh in the name of the Lord, the
XXXIX	36	Luke xix. 39	King of Israel. Certain therefore of the Pharisees from among the multitudes
XXXIX	37	Luke xix. 40	said unto him, Our Master, rebuke thy disciples. He said unto them, Verily I say unto you, If these were silent, the stones would cry out.
XXXIX	38, 39	Luke xix. 41; Luke xix. 42	And when he drew near, and saw the city, he wept over it, and said, Would that thou hadst known the things that are for thy peace, in this thy day! now that is
XXXIX	40	Luke xix. 43	hidden from thine eyes. There shall come unto thee days when thine enemies
XXXIX	41	Luke xix. 44	shall encompass thee, and straiten thee from every quarter, and shall get possession of thee, and thy children within thee; and they shall not leave in thee a stone upon another; because thou knewest not the time of thy visitation.
XXXIX	42	Matt. xxi. 10	And when he entered into Jerusalem, the whole city was agitated, and they said,
XXXIX	43	Matt. xxi. 11	Who is this? And the multitudes said, This is Jesus, the prophet that is from Nazareth
XXXIX	44	John xii. 17	of Galilee. And the multitude which was with him bare witness that he called
XXXIX	45	John xii. 18	Lazarus from the grave, and raised him from among the dead. And for this cause great multitudes went out to meet him, because they heard the sign which he did. Footnotes[edit]
XL	1	Matt. xxi. 14	And when Jesus entered the temple, they brought unto him blind and
XL	2	Matt. xxi. 15	lame: and he healed them. But when the chief priests and the Pharisees saw the wonders that he did, and the children that were crying in the temple and
XL	3	Matt. xxi. 16	saying, Praise be to the Son of David: it distressed them, and they said, Hearest thou not what these say? Jesus said unto them, Yea: did ye not read long ago, From
XL	4	John xii. 19	the mouths of children and infants thou hast chosen my praise? And the Pharisees said one to another, Behold, do ye not see that nothing availeth us? for lo, the whole world hath followed him.
XL	5	John xii. 20	And there were among them certain Gentiles also, which had come up to worship
XL	6	John xii. 21	at the feast: these therefore came to Philip, who was of Bethsaida of Galilee,
XL	7	John xii. 22	and asked him, and said unto him, My lord, we wish to see Jesus. And Philip
XL	8	John xii. 23	came and told Andrew: and Andrew and Philip told Jesus. And Jesus answered and said unto them, The hour is come nigh, in which the Son of man is to be glorified.
XL	9	John xii. 24	Verily, verily, I say unto you, A grain of wheat, if it fall not and die in the
XL	10	John xii. 25	earth, remaineth alone; but if it die, it beareth much fruit. He that loveth his life destroyeth it; and he that hateth his life in this world shall keep it unto the life eternal.
XL	11	John xii. 26	If a man serve me, he will follow me; and where I am, there shall my servant be
XL	12	John xii. 27	also: and whosoever serveth me, the Father will honour him. Now is my soul troubled: and what shall I say? My Father, deliver me from this hour. But
XL	13	John xii. 28	for this cause came I unto this hour. My Father, glorify thy name. And a
XL	14	John xii. 29	voice was heard from heaven, I have glorified it, and shall glorify it. And the multitude that were standing heard, and said, This is thunder: and others said, An
XL	15	John xii. 30	angel speaketh to him. Jesus answered and said unto them, Not because of me
XL	16	John xii. 31	was this voice, but because of you. Now is the judgement of this world; and the
XL	17	John xii. 32	prince of this world shall now be cast forth. And I, when I am lifted up from the
XL	18	John xii. 33	earth, shall draw every man unto me. This he said, that he might shew by what
XL	19	John xii. 34	manner of death he should die. The multitudes said unto him, We have heard out of the law that the Messiah abideth for ever: how then sayest thou, that the Son of
XL	20	John xii. 35	man is to be lifted up? who is this, the Son of man? Jesus said unto them, Another little while is the light with you. Walk so long as ye have light, lest the darkness overtake you; for he that walketh in the darkness knoweth not whither he goeth.
XL	21	John xii. 36	So long as ye have light, believe the light, that ye may be the children of the light.
XL	22	Luke xvii. 20	And when certain of the Pharisees asked of Jesus, when the kingdom of God should come, he answered and said unto them, The kingdom of God cometh not
XL	23	Luke xvii. 21	with expectation: neither shall they say, Lo, it is here! nor, Lo, it is there! for the kingdom of God is within you.
XL	24	Luke xxi. 37	And in the daytime he was teaching in the temple; and at night he used to go
XL	25	Luke xxi. 38	out, and pass the night in the mount called the mount of Olives. And all the people came to him in the morning in the temple, to hear his word.
XL	26, 27	Matt. xxiii. 1; Matt. xxiii. 2	Then spake Jesus unto the multitudes and his disciples, and said unto them, On
XL	28	Matt. xxiii. 3	the seat of Moses are seated the scribes and Pharisees: everything that they say unto you now to keep, keep and do: but according to their deeds
XL	29	Matt. xxiii. 4	do ye not; for they say, and do not. And they bind heavy burdens, and lay them on the shoulders of the people; while they with one of their fingers will not come
XL	30, 31	Matt. xxiii. 5; Mark xii. 37	near them. But all their deeds they do to make a shew before men. And all the multitude were hearing that with pleasure.
XL	32	Mark xii. 38	And in the course of his teaching he said unto them, Guard yourselves from the
XL	33	Mark xii. 39	scribes, who desire to walk in robes, and love salutation in the marketplaces, and sitting in the highest places of the synagogues, and at feasts in the highest parts of
XL	34	Matt. xxiii. 5	the rooms: and they broaden their amulets, and lengthen the cords of their cloaks,
XL	35	Matt. xxiii. 7; Mark xii. 40	and love that they should be called by men, My master, and devour widows’ houses, because of their prolonging their prayers; these then shall receive greater judgement.
XL	36	Matt. xxiii. 8	But ye, be ye not called masters: for your master is one; all ye are brethren.
XL	37	Matt. xxiii. 9	Call not then to yourselves any one father on earth: for your Father is one, who is
XL	38	Matt. xxiii. 10	in heaven. And be not called directors: for your director is one, even the Messiah.
XL	39, 40	Matt. xxiii. 11; Matt. xxiii. 12	He that is great among you shall be unto you a minister. Whosoever shall exalt himself shall be abased; and whosoever shall abase himself shall be exalted.
XL	41	Luke xi. 43	Woe unto you, Pharisees! because ye love the highest places in the synagogues, and salutation in the marketplaces.
XL	42	Matt. xxiii. 14	Woe unto you, scribes and Pharisees, hypocrites! because ye devour widows’ houses, because of your prolonging your prayers: for this reason then ye shall receive greater judgement.
XL	43	Matt. xxiii. 13	Woe unto you, scribes and Pharisees, hypocrites! because ye have shut the kingdom of God before men.
XL	44	Luke xi. 52; Matt. xxiii. 13	Woe unto you that know the law! for ye concealed the keys of knowledge: ye enter not, and those that are entering ye suffer not to enter.
XL	45	Matt. xxiii. 15	Woe unto you, scribes and Pharisees, hypocrites! because ye compass land and sea to draw one proselyte; and when he is become so, ye make him a son of hell twice as much as yourselves.
XL	46	Matt. xxiii. 16	Woe unto you, ye blind guides! because ye say, Whosoever sweareth by the temple, it is nothing; but whosoever sweareth by the gold that is in the temple,
XL	47	Matt. xxiii. 17	shall be condemned. Ye blind foolish ones: which is greater, the gold, or the
XL	48	Matt. xxiii. 18	temple which sanctifieth the gold? And, Whosoever sweareth by the altar, it is nothing; but whosoever sweareth by the offering that is upon it, shall be condemned.
XL	49	Matt. xxiii. 19	Ye blind foolish ones: which is greater, the offering, or the altar which sanctifieth
XL	50	Matt. xxiii. 20	the offering? Whosoever then sweareth by the altar, hath sworn by it, and by all
XL	51	Matt. xxiii. 21	that is upon it. And whosoever sweareth by the temple, hath sworn by it, and by
XL	52	Matt. xxiii. 22	him that is dwelling in it. And whosoever sweareth by heaven, hath sworn by the throne of God, and by him that sitteth upon it.
XL	53	Matt. xxiii. 23	Woe unto you, scribes and Pharisees, hypocrites! because ye tithe mint and rue and dill and cummin and all herbs, and ye leave the important matters of the law, judgement, and mercy, and faith, and the love of God: this ought ye to do, and
XL	54	Matt. xxiii. 24	not to leave that undone. Ye blind guides, which strain out a gnat, and swallow camels.
XL	55	Matt. xxiii. 25	Woe unto you, scribes and Pharisees, hypocrites! because ye cleanse the outside of the cup and of the platter, while the inside of them is full of injustice and wrong.
XL	56	Matt. xxiii. 26	Ye blind Pharisees, cleanse first the inside of the cup and of the platter, then shall the outside of them be cleansed.
XL	57	Matt. xxiii. 27	Woe unto you, scribes and Pharisees, hypocrites! because ye resemble whited sepulchres, which appear from the outside beautiful, but within
XL	58	Matt. xxiii. 28	full of the bones of the dead, and all uncleanness. So ye also from without appear unto men like the righteous, but within ye are full of wrong and hypocrisy.
XL	59	Luke xi. 45	One of the scribes answered and said unto him, Teacher, in this saying of thine
XL	60	Luke xi. 46	thou art casting a slur on us. He said, And to you also, ye scribes, woe! for ye lade men with heavy burdens, and ye with one of your fingers come not near those burdens.
XL	61	Matt. xxiii. 29	Woe unto you, scribes and Pharisees, hypocrites! for ye build the tombs of the prophets, which your fathers killed, and adorn the burying-places of the righteous,
XL	62	Matt. xxiii. 30	and say, If we had been in the days of our fathers, we should not have been partakers
XL	63	Matt. xxiii. 31	with them in the blood of the prophets. Wherefore, behold, ye witness against
XL	64	Matt. xxiii. 32	yourselves, that ye are the children of those that slew the prophets. And ye also,
XL	65	Matt. xxiii. 33	ye fill up the measure of your fathers. Ye serpents, ye children of vipers, where shall ye flee from the judgement of Gehenna? Footnotes[edit]
XLI	1	Matt. xxiii. 34	Therefore, behold, I, the wisdom of God, am sending unto you prophets, and apostles, and wise men, and scribes: and some of them ye shall slay and crucify; and some of them ye shall beat in your synagogues, and persecute from city to
XLI	2	Matt. xxiii. 35	city: that there may come on you all the blood of the righteous that hath been poured upon the ground from the blood of Abel the pure to the blood of Zachariah the son of Barachiah, whom ye slew between the temple and the altar.
XLI	3	Matt. xxiii. 36	Verily I say unto you, All these things shall come upon this generation.
XLI	4	Matt. xxiii. 37	O Jerusalem, Jerusalem, slayer of the prophets, and stoner of them that are sent unto her! how many times did I wish to gather thy children, as
XLI	5	Matt. xxiii. 38	a hen gathereth her chickens under her wings, and ye would not! Your house shall
XLI	6	Matt. xxiii. 39	be left over you desolate. Verily I say unto you, Ye shall not see me henceforth, till ye shall say Blessed is he that cometh in the name of the Lord.
XLI	7	John xii. 42	And many of the rulers also believed on him; but because of the Pharisees they
XLI	8	John xii. 43	were not confessing him, lest they be put out of the synagogue: and they loved
XLI	9	John xii. 44	the praise of men more than the praising of God. And Jesus cried and said,
XLI	10	John xii. 45	Whosoever believeth in me, believeth not in me, but in him that sent me. And
XLI	11	John xii. 46	whosoever seeth me hath seen him that sent me. I am come a light into the
XLI	12	John xii. 47	world, and so every one that believeth in me abideth not in the darkness. And whosoever heareth my sayings, and keepeth them not, I judge him not: for I came
XLI	13	John xii. 48	not to judge the world, but to give the world life. Whosoever wrongeth me, and receiveth not my sayings, there is one that judgeth him: the word that I spake, it
XLI	14	John xii. 49	shall judge him at the last day. I from myself did not speak: but the Father which sent me, he hath given me commandment, what I should say, and what I
XLI	15	John xii. 50	should speak; and I know that his commandment is eternal life. The things that I say now, as my Father hath said unto me, even so I say.
XLI	16	Luke xi. 53	And when he said that unto them, the scribes and Pharisees began their evil-doing, being angry with him, and finding fault with his sayings, and harassing him
XLI	17	Luke xi. 54	in many things; seeking to catch something from his mouth, that they might be able to calumniate him.
XLI	18	Luke xii. 1	And when there gathered together myriads of great multitudes, which almost trode one upon another, Jesus began to say unto his disciples, Preserve yourselves
XLI	19	Luke xii. 2	from the leaven of the Pharisees, which is hypocrisy. For there is nothing
XLI	20	Luke xii. 3	concealed, that shall not be revealed: nor hid, that shall not be known. Everything that ye have said in the darkness shall be heard in the light; and what ye have spoken secretly in the ears in the inner chambers shall be proclaimed on the roofs.
XLI	21, 22	John xii. 36; John xii. 37	This said Jesus, and he went and hid himself from them. But notwithstanding
XLI	23	John xii. 38	his having done all these signs before them, they believed not in him: that the word of Isaiah the prophet might be fulfilled, who said, My Lord, who is he that hath believed to hear us? And the arm of the Lord, to whom hath it appeared?
XLI	24	John xii. 39	And for this reason it is not possible for them to believe, because Isaiah also said,
XLI	25	John xii. 40	They have blinded their eyes, and made dark their heart; That they may not see with their eyes, and understand with their heart, And turn, So that I should heal them.
XLI	26	John xii. 41	This said Isaiah when he saw his glory, and spake of him.
XLI	27	Matt. xxiv. 1	And when Jesus went out of the temple, certain of his disciples came forward
XLI	28	Mark xiii. 1	to shew him the buildings of the temple, and its beauty and greatness, and the strength of the stones that were laid in it, and the elegance of its building, and that
XLI	29	Matt. xxiv. 2	it was adorned with noble stones and beautiful colours. Jesus answered and said
XLI	30	Luke xix. 43	unto them, See ye these great buildings? verily I say unto you, Days will come, when there shall not be left here a stone upon another, that shall not be cast down.
XLI	31	Mark xiv. 1	And two days before the passover of unleavened bread, the chief priests and
XLI	32	Mark xiv. 2	the scribes sought how they might take him by deceit, and kill him: and they said, It shall not be at the feast, lest the people be agitated.
XLI	33	Mark xiii. 3	And when Jesus sat on the mount of Olives opposite the temple, his disciples, Simon Cephas and James and John and Andrew, came forward unto him, and said unto him
XLI	34	Luke xxi. 7	between themselves and him, Teacher, tell us when that shall be, and what is the sign
XLI	35	Matt. xxiv. 4	of thy coming and the end of the world. Jesus answered and said unto them, Days will come, when ye shall long to see one of the days of the Son of
XLI	36, 37	Matt. xxiv. 5; Luke xxi. 8	man, and shall not behold. Take heed lest any man lead you astray. Many shall
XLI	38	Mark xiii. 6	come in my name, and say, I am the Messiah; and they shall say, The time is come
XLI	39	Mark xiii. 7	near, and shall lead many astray: go not therefore after them. And when ye hear of wars and tidings of insurrections, see to it, be not agitated: for these things must
XLI	40	Matt. xxiv. 7	first be; only the end is not yet come. Nation shall rise against nation, and kingdom
XLI	41	Luke xxi. 11	against kingdom: and great earthquakes shall be in one place and another, and there shall be famines and deaths and agitations: and there shall be fear and terror and great signs that shall appear from heaven, and there shall be great
XLI	42, 43	Matt. xxiv. 8; Luke xxi. 12	storms All these things are the beginning of travail. But before all of that, they shall lay hands upon you, and persecute you, and deliver you unto the synagogues
XLI	44	Luke xxi. 13	and into prisons, and bring you before kings and judges for my name’s sake. And
XLI	45	Mark xiii. 10	that shall be unto you for a witness. But first must my gospel be preached unto all
XLI	46	Luke xii. 11	nations. And when they bring you into the synagogues before the rulers and the authorities, be not anxious beforehand how ye shall answer for yourselves, or what ye
XLI	47, 48	Mark xiii. 11; Luke xxi. 14	shall say: because it is not ye that speak, but the Holy Spirit. Lay it to your heart, not
XLI	49	Luke xxi. 15	to be anxious before the time what ye shall say: and I shall give you understanding and wisdom, which all your adversaries shall not be able to gainsay.
XLI	50	Matt. xxiv. 9	And then shall they deliver you unto constraint, and shall kill you: and ye shall be
XLI	51	Matt. xxiv. 30	hated of all nations because of my name. And then shall many go astray, and they
XLI	52	Luke xxi. 16	shall hate one another, and deliver one another unto death. And your parents, and your brethren, and your kinsfolk, and your friends shall deliver you up, and shall
XLI	53, 54	Luke xxi. 18; Luke xxi. 19	slay some of you. But a lock of hair from your heads shall not perish. And by
XLI	55	Matt. xxiv. 11	your patience ye shall gain your souls. And many men, false prophets, shall arise,
XLI	56	Matt. xxiv. 12	and lead many astray. And because of the abounding of iniquity, the love of many
XLI	57	Matt. xxiv. 13; Matt. xxiv. 14	shall wax cold. But he that endureth to the end, the same shall be saved. And
XLI	58		this, the gospel of the kingdom, shall be preached in all the world for a testimony to all nations; and then shall come the end of all. Footnotes[edit]
XLII	1	Luke xxi. 20	But when ye see Jerusalem with the army compassing it about, then know that
XLII	2	Luke xxi. 21	its desolation is come near. Those then that are in Judæa at that time shall flee to the mountain; and those that are within her shall flee; and those that are in the
XLII	3	Luke xxi. 22	villages shall not enter her. For these days are the days of vengeance, that all that
XLII	4	Matt. xxiv. 15	is written may be fulfilled. And when ye see the unclean sign of desolation, spoken of in Daniel the prophet, standing in the pure place, he that readeth shall understand,
XLII	5, 6	Matt. xxiv. 16; Mark xiii. 15	and then he that is in Judæa shall flee in to the mountain: and let him that is on the
XLII	7	Mark xiii. 16	roof not go down, nor enter in to take anything from his house: and let him that is in
XLII	8	Luke xxi. 23	the field not turn behind him to take his garment. Woe to them that are with child and to them that give suck in those days! there shall be great
XLII	9	Luke xxi. 24	distress in the land, and wrath against this nation. And they shall fall on the edge of the sword, and shall be taken captive to every land: and Jerusalem shall be trodden down of the nations, until the times of the nations be ended.
XLII	10	Mark xiii. 21	Then if any man say unto you, The Messiah is here; or, Lo, he is there; believe
XLII	11	Matt. xxiv. 24	him not: there shall rise then false Messiahs and prophets of lying, and shall do signs and wonders, in order that they may lead astray even the elect also, if they
XLII	12	Mark xiii. 23	be able. But as for you, beware: for I have acquainted you with everything
XLII	13	Matt. xxiv. 26	beforehand. If then they say unto you, Lo, he is in the desert; go not out, lest ye
XLII	14	Matt. xxiv. 27	be taken: and if they say unto you, Lo, he is in the chamber; believe not. And as the lightning appeareth from the east, and is seen unto the west; so shall be the
XLII	15	Luke xvii. 25	coming of the Son of man. But first he must suffer much and be rejected by this
XLII	16	Matt. xxiv. 20	generation. Pray therefore that your flight be not in winter, nor on a sabbath:
XLII	17	Matt. xxiv. 21	there shall be then great tribulation, the like of which there hath not been from the
XLII	18	Mark xiii. 20	beginning of the world till now, nor shall be. And except the Lord had shortened those days, no flesh would have lived: but because of the elect, whom he elected,
XLII	19	Luke xxi. 25	he shortened those days. And there shall be signs in the sun and the moon and the stars; and upon the earth affliction of the nations, and rubbing of hands for the confusion
XLII	20	Luke xxi. 26	of the noise of the sea, and an earthquake: the souls of men shall
XLII	21	Mark xiii. 24	go forth from fear of that which is to come upon the earth. And in those days, straightway after the distress of those days, the sun shall become dark, and the moon shall not shew its light, and the stars shall fall from heaven, and the powers
XLII	22	Matt. xxiv. 30	of heaven shall be convulsed: and then shall appear the sign of the Son of man in heaven: and at that time all the tribes of the earth shall wail, and look unto the Son
XLII	23	Matt. xxiv. 31	of man coming on the clouds of heaven with power and much glory. And he shall send his angels with the great trumpet, and they shall gather his elect from the four
XLII	24	Luke xxi. 28	winds, from one end of heaven to the other. But when these things begin to be, be of good cheer, and lift up your heads; for your salvation is come near.
XLII	25	Matt. xxiv. 32	Learn the example of the fig tree: when it letteth down its branches, and putteth
XLII	26	Matt. xxiv. 33	forth its leaves, ye know that the summer is come; so ye also, when ye see these things begun to be, know ye that the kingdom of God hath arrived at the
XLII	27	Matt. xxiv. 34	door. Verily I say unto you, This generation shall not pass away, until all these
XLII	28	Matt. xxiv. 35	things shall be. Heaven and earth shall pass away, but my sayings shall not pass away.
XLII	29	Luke xxi. 34	Take heed to yourselves, that your hearts become not heavy with inordinate desire, and drunkenness, and the care of the world at any time, and that day come
XLII	30	Luke xxi. 35	upon you suddenly: for it is as a shock that shocks all the inhabitants that are on the
XLII	31	Luke xxi. 36	face of the whole earth. Watch at all times, and pray, that ye may be worthy to escape from all the things that are to be, and that ye may stand before the Son of
XLII	32	Mark xiii. 32	man. Of that day and of that hour hath no man learned, not even the angels
XLII	33	Mark xiii. 33	of heaven, neither the Son, but the Father. See ye, and watch and pray: for ye know
XLII	34	Mark xiii. 34	not when that time will be. It is as a man, who journeyed, and left his house, and gave his authority to his servants, and appointed every man to his work, and
XLII	35	Mark xiii. 35	charged the porter to be wakeful. Be wakeful then: since ye know not when the lord of the house cometh, in the evening, or in the middle of the night, or when the
XLII	36	Mark xiii. 36	cock croweth, or in the morning; lest he come unexpectedly, and find you sleeping.
XLII	37	Mark xiii. 37	The thing that I say unto you, unto all of you do I say it, Be ye watchful.
XLII	38	Matt. xxiv. 37	For as it was in the days of Noah, so shall the coming of the Son of man be.
XLII	39	Matt. xxiv. 38	As they were before the flood eating and drinking, and taking wives, and giving
XLII	40	Matt. xxiv. 39	wives to men, until the day in which Noah entered into the ark, and they perceived not till the flood came, and took them all; so shall the coming of the Son of man
XLII	41	Luke xvii. 28	be. And as it was in the days of Lot; they were eating and drinking, and selling
XLII	42	Luke xvii. 29	and buying, and planting and building, on the day in which Lot went out from Sodom, and the Lord rained fire and brimstone from heaven, and destroyed them
XLII	43, 44	Luke xvii. 30; Luke xvii. 31	all: so shall it be in the day in which the Son of man is revealed. And in that day, whosoever is on the roof, and his garments in the house, let him not go down to
XLII	45	Luke xvii. 32	take them: and he that is in the field shall not turn behind him. Remember Lot’s
XLII	46	Luke xvii. 33	wife. Whosoever shall desire to save his life shall destroy it: but whosoever shall
XLII	47	Luke xvii. 34	destroy his life shall save it. Verily I say unto you, In that night there shall be two on
XLII	48	Luke xvii. 35	one bed; one shall be taken, and another left. And two women shall be grinding
XLII	49	Luke xvii. 36	at one mill; one shall be taken, and another left. And two shall be in the
XLII	50	Luke xvii. 37	field; one shall be taken, and another left. They answered and said unto him, To what place, our Lord? He said unto them, Where the body is, there will the eagles
XLII	51, 52	Matt. xxiv. 42; Matt. xxiv. 43	gather. Be attentive now: for ye know not at what hour your Lord cometh. Know this: if the master of the house had known in what watch the thief would come, he would have been attentive, and would not make it possible that his house should be
XLII	53	Matt. xxiv. 44	broken through. Therefore be ye also ready: for in the hour that ye think not the Son of man cometh. Footnotes[edit]
XLIII	1	Luke xii. 41	Simon Cephas said unto him, Our Lord, is it to us that thou hast spoken this
XLIII	2	Luke xii. 42	parable, or also to every man? Jesus said unto him, Who, thinkest thou, is the servant, the master of the house, trusted with control, whom his lord set over his
XLIII	3	Matt. xxiv. 46	household, to give them their food in its season? Blessed is that servant, whom his
XLIII	4	Luke xii. 44	lord shall come and find having done so. Verily I say unto you, He will set him
XLIII	5	Matt. xxiv. 48	over all that he hath. But if that evil servant say in his heart, My lord delayeth his
XLIII	6	Matt. xxiv. 49	coming; and shall begin to beat his servants and the maidservants of his lord, and
XLIII	7	Matt. xxiv. 50	shall begin to eat and to drink with the drunken; the lord of that servant shall come
XLIII	8	Matt. xxiv. 51; Luke xii. 46; Matt. xxiv. 51	in the day that he thinketh not, and in the hour that he knoweth not, and shall judge him, and appoint his portion with the hypocrites, and with those that are not faithful: there shall be weeping and gnashing of teeth.
XLIII	9	Matt. xxv. 1	Then shall the kingdom of heaven be like unto ten virgins, those that took their
XLIII	10	Matt. xxv. 2	lamps, and went forth to meet the bridegroom and the bride. Five of them were
XLIII	11	Matt. xxv. 3	wise, and five foolish. And those foolish ones took their lamps, and took not with
XLIII	12, 13	Matt. xxv. 4; Matt. xxv. 5	them oil: but those wise ones took oil in vessels along with their lamps. When then
XLIII	14	Matt. xxv. 6	the bridegroom delayed, they all slumbered and slept. But in the middle of the night there occurred a cry, Behold, the bridegroom cometh! Go forth therefore to
XLIII	15, 16	Matt. xxv. 7; Matt. xxv. 8	meet him. Then all those virgins arose, and made ready their lamps. The foolish
XLIII	17	Matt. xxv. 9	said unto the wise, Give us of your oil; for our lamps are gone out. But those wise answered and said, Perhaps there will not be enough for us and you: but go ye to
XLIII	18	Matt. xxv. 10	the sellers, and buy for yourselves. And when they went away to buy, the bridegroom came; and those that were ready went in with him to the marriage feast: and
XLIII	19	Matt. xxv. 11	the door was shut. And at last those other virgins also came and said, Our Lord,
XLIII	20	Matt. xxv. 12	our Lord, open unto us. He answered and said unto them, Verily I say unto you,
XLIII	21	Matt. xxv. 13	I know you not. Watch then, for ye know not that day nor that hour.
XLIII	22	Matt. xxv. 14	It is as a man, who went on a journey, and called his servants, and delivered unto
XLIII	23	Matt. xxv. 15	them his possessions. And unto one he gave five talents, and another two, and another
XLIII	24	Matt. xxv. 16	one; every one according to his strength; and went on his journey forthwith. He then that received the five talents went and traded with them, and gained
XLIII	26	Matt. xxv. 17; Matt. xxv. 18	other five. And so also he of the two gained other two. But he that received
XLIII	27	Matt. xxv. 19	the one went and digged in the earth, and hid the money of his lord. And after a long time the lord of those servants came, and took from them the account.
XLIII	28	Matt. xxv. 20	And he that received five talents came near and brought other five, and said, My lord, thou gavest me five talents: lo, I have gained other five in addition to them.
XLIII	29	Matt. xxv. 21	His lord said unto him, Well done, thou good and faithful servant: over a little hast
XLIII	30	Matt. xxv. 22	thou been faithful, over much will I set thee: enter into the joy of thy lord. And he that had the two came near and said, My lord, thou gavest me two talents: lo,
XLIII	31	Matt. xxv. 23	other two have I gained in addition to them. His lord said unto him, Good, thou faithful servant: over a little hast thou been faithful, over much will I set thee: enter
XLIII	32	Matt. xxv. 24	into the joy of thy lord. And he also that received the one talent came forward and said, My lord, I knew thee that thou art a severe man, who reapest where thou
XLIII	33	Matt. xxv. 25	sowest not, and gatherest where thou didst not scatter: and so I was afraid, and
XLIII	34	Matt. xxv. 26	went away and hid thy talent in the earth: lo, thou hast what is thine. His lord answered and said unto him, Thou wicked and slothful servant, thou knewest me
XLIII	35	Matt. xxv. 27	that I reap where I sowed not, and gather where I did not scatter; it was incumbent on thee to put my money to the bank, and then I should come and seek it with its
XLIII	36	Matt. xxv. 28	gains. Take now from him the talent, and give it to him that hath ten talents.
XLIII	37	Matt. xxv. 29	Whosoever hath shall be given, and he shall have more: but he that hath not, even
XLIII	38	Matt. xxv. 30	what he hath shall be taken from him. And the unprofitable servant, put him forth into the outer darkness: there shall be the weeping and gnashing of teeth.
XLIII	39, 40	Luke xii. 35; Luke xii. 36	Your loins shall be girded, and your lamps lit; and ye shall be like the people that are looking for their lord, when he shall return from the feast; so that, when
XLIII	41	Luke xii. 37	he cometh and knocketh, they may at once open unto him. Blessed are those servants, whom their lord shall come and find attentive: verily I say unto you, that he will gird his waist, and make them sit down, and pass through them and serve
XLIII	42	Luke xii. 38	them. And if he come in the second watch, or the third, and find thus, blessed are those servants.
XLIII	43	Matt. xxv. 31	But when the Son of man cometh in his glory, and all his pure angels with him,
XLIII	44	Matt. xxv. 32	then shall he sit on the throne of his glory: and he will gather before him all the nations, and separate them the one from the other, like the shepherd who separateth
XLIII	45	Matt. xxv. 33	the sheep from the goats; and will set the sheep on his right, and the goats on his
XLIII	46	Matt. xxv. 34	left. Then shall the King say to those that are at his right, Come, ye blessed of my Father, inherit the kingdom prepared for you from the foundations of the world:
XLIII	47	Matt. xxv. 35	I hungered, and ye gave me to eat; and I thirsted, and ye gave me to drink; and I
XLIII	48	Matt. xxv. 36	was a stranger, and ye took me in; and I was naked, and ye clothed me; and I
XLIII	49	Matt. xxv. 37	was sick, and ye visited me; and I was in prison, and ye cared for me. Then shall those righteous say unto him, Our Lord, when saw we thee hungry, and fed thee?
XLIII	50	Matt. xxv. 38	or thirsty, and gave thee to drink? And when saw we thee a stranger, and took
XLIII	51	Matt. xxv. 39	thee in? or naked, and clothed thee? And when saw we thee sick, or imprisoned, and
XLIII	52	Matt. xxv. 40	cared for thee? The King shall answer and say unto them, Verily I say unto you, What
XLIII	53	Matt. xxv. 41	ye did to one of these my brethren, the little ones, ye did unto me. Then shall he say unto those that are on his left also, Depart from me, ye cursed,
XLIII	54	Matt. xxv. 42	into the eternal fire prepared for the devil and his hosts: I hungered, and ye fed me
XLIII	55	Matt. xxv. 43	not; and I thirsted, and ye did not give me to drink; and I was a stranger, and ye took me not in; and I was naked, and ye clothed me not; and I was sick, and imprisoned,
XLIII	56	Matt. xxv. 44	and ye visited me not. Then shall those also answer and say, Our Lord, when saw we thee an hungred, or athirst, or naked, or a stranger, or sick, or imprisoned,
XLIII	57	Matt. xxv. 45	and did not minister unto thee? Then shall he answer and say unto them, Verily I say unto you, When ye did it not unto one of these little ones, ye did it not
XLIII	58	Matt. xxv. 46	unto me also. And these shall go away into eternal punishment: but the righteous into eternal life. Footnotes[edit]
XLIV	1, 2	Matt. xxvi. 1; Matt. xxvi. 2	And when Jesus finished all these sayings, he said unto his disciples, Ye know that after two days will be the passover, and the Son of man is delivered up to be
XLIV	3	Matt. xxvi. 3	crucified. Then gathered together the chief priests, and the scribes, and the elders
XLIV	4	Matt. xxvi. 4	of the people, unto the court of the chief priest, who was called Caiaphas; and they took counsel together concerning Jesus, that they might seize him by subtilty, and
XLIV	5	Matt. xxvi. 5; Luke xxii. 2	kill him. But they said, Not during the feast, lest there take place a disturbance among the people; for they feared the people.
XLIV	6	Luke xxii. 3	And Satan entered into Judas who was called Iscariot, who was of the number
XLIV	7	Luke xxii. 4	of the twelve. And he went away, and communed with the chief priests, and the scribes, and those that held command in the temple, and said unto them, What
XLIV	8	Mark xiv. 11	would ye pay me, and I will deliver him unto you? And they, when they heard it, were pleased, and made ready for him thirty pieces of money.
XLIV	9	Luke xxii. 6	And he promised them, and from that time he sought an opportunity that he might deliver unto them Jesus without the multitude.
XLIV	10	Mark xiv. 12	And on the first day of unleavened bread the disciples came to Jesus, and said unto him, Where wilt thou that we go and make ready for thee that thou mayest eat the passover?
XLIV	11	John xiii. 1	And before the feast of the passover, Jesus knew that the hour was arrived for his departure from this world unto his Father; and he loved his own in this world,
XLIV	12	John xiii. 2	and to the last he loved them. And at the time of the feast, Satan put into the
XLIV	13	John xiii. 3	heart of Judas, the son of Simon Iscariot, to deliver him up. And Jesus, because he knew that the Father had delivered into his hands everything, and that he came
XLIV	14	John xiii. 4	forth from the Father, and goeth unto God, rose from supper, and laid aside his
XLIV	15	John xiii. 5	garments; and took a towel, and girded his waist, and poured water into a bason, and began to wash the feet of his disciples, and to wipe them with the towel wherewith
XLIV	16	John xiii. 6	his waist was girded. And when he came to Simon Cephas, Simon said unto
XLIV	17	John xiii. 7	him, Dost thou, my Lord, wash for me my feet? Jesus answered and said unto
XLIV	18	John xiii. 8	him, What I do, now thou knowest not; but afterwards thou shalt learn. Simon said unto him, Thou shalt never wash for me my feet. Jesus said unto him, If I
XLIV	19	John xiii. 9	wash thee not, thou hast no part with me. Simon Cephas said unto him, Then, my
XLIV	20	John xiii. 10	Lord, wash not for me my feet alone, but my hands also and my head. Jesus said unto him, He that batheth needeth not to wash save his feet, whereas his whole
XLIV	21	John xiii. 11	body is clean: and ye also are clean, but not all of you. For Jesus knew him that should betray him; therefore said he, Ye are not all clean.
XLIV	22	John xiii. 12	So when he had washed their feet, he took his garments, and sat down, and
XLIV	23	John xiii. 13	said unto them, Know ye what I have done unto you? Ye call me, Master,
XLIV	24	John xiii. 14	and, Lord: and ye say well; so I am. If then I, now, who am your Lord and Master, have washed for you your feet, how needful is it that ye should wash one another’s feet!
XLIV	25	John xiii. 15	This have I given you as an example, that as I have done to you so ye should do
XLIV	26	John xiii. 16	also. Verily, verily, I say unto you, No servant is greater than his lord; nor an
XLIV	27	John xiii. 17	apostle greater than he that sent him. If ye know that, ye are happy if ye do it.
XLIV	28	John xiii. 18	My saying this is not for all of you: for I know whom I have chosen: but that the scripture might be fulfilled, He that eateth with me bread lifted against me his
XLIV	29	John xiii. 19	heel. Henceforth I say unto you before it come to pass, that, when it cometh to
XLIV	30	John xiii. 20	pass, ye may believe that I am he. Verily, verily, I say unto you, Whosoever receiveth whomsoever I send receiveth me; and whosoever receiveth me receiveth him that sent me.
XLIV	31	Luke xxii. 27	Who is the great one, he that sitteth, or he that serveth? is it not he that sitteth?
XLIV	32	Luke xxii. 28; Luke xxii. 29	I am among you as he that serveth. But ye are they that have continued with me
XLIV	33	Luke xxii. 30	in my temptations; I promise you, as my Father promised me, the kingdom, that ye may eat and drink at the table of my kingdom.
XLIV	34	Luke xxii. 7	And the first day came, the feast of unleavened bread, on which the Jews were
XLIV	35	Luke xxii. 8	wont to sacrifice the passover. And Jesus sent two of his disciples, Cephas and John, and said unto them, Go and make ready for us the passover, that we may eat.
XLIV	36, 37	Luke xxii. 9; Luke xxii. 10; Mark xiv. 13; Luke xxii. 11	And they said unto him, Where wilt thou that we make ready for thee? He said unto them, Go, enter the city; and at the time of your entering, there shall meet you a man bearing a pitcher of water; follow him, and the place where he entereth, say
XLIV	38	Matt. xxvi. 18; Luke xxii. 11	to such an one, the master of the house, Our Master saith, My time is come, and at thy house I keep the passover. Where then is the lodging-place where
XLIV	39	Luke xxii. 12	I shall eat with my disciples? And he will shew you a large upper room
XLIV	40	Mark xiv. 15; Mark xiv. 16	spread and made ready: there then make ready for us. And his two disciples went out, and came to the city, and found as he had said unto them: and they made ready the passover as he had said unto them.
XLIV	41	Luke xxii. 14	And when the evening was come, and the time arrived, Jesus came and reclined,
XLIV	42	Luke xxii. 15	and the twelve apostles with him. And he said unto them, With desire I have
XLIV	43	Luke xxii. 16	desired to eat this passover with you before I suffer: I say unto you, that henceforth I shall not eat it, until it is fulfilled in the kingdom of God.
XLIV	44	John xiii. 21	Jesus said that, and was agitated in his spirit, and testified, and said, Verily,
XLIV	45	Mark xiv. 18	verily, I say unto you, One of you, he that eateth with me, shall betray me. And they were very sorrowful; and they began to say unto him, one after another of
XLIV	46	Mark xiv. 20	them, Can it be I, Lord? He answered and said unto them, One of the twelve,
XLIV	47	Luke xxii. 21	he that dippeth his hand with me in the dish, will betray me. And lo, the hand of
XLIV	48	Mark xiv. 21	him that betrayeth me is on the table. And the Son of man goeth, as it is written of him: woe then to that man by whose hand the Son of man is betrayed! for it
XLIV	49	John xiii. 22	would have been better for that man had he not been born. And the disciples
XLIV	50	Luke xxii. 23	looked one on another, for they knew not to whom he referred; and they began to search among themselves, who that might be who was to do this. Footnotes[edit]
XLV	1, 2	John xiii. 23; John xiii. 24	And one of his disciples was sitting in his bosom, he whom Jesus loved. To him Simon Cephas beckoned, that he should ask him who this was, concerning
XLV	3	John xiii. 25	whom he spake. And that disciple leaned on Jesus’ breast, and said unto him,
XLV	4	John xiii. 26	My Lord, who is this? Jesus answered and said, He to whom I shall dip bread, and give it. And Jesus dipped bread, and gave to Judas, the son of Simon Iscariot.
XLV	5	John xiii. 27	And after the bread, Satan entered him. And Jesus said unto him, What thou
XLV	6	John xiii. 28	desirest to do, hasten the doing of it. And no man of them that sat knew why he
XLV	7	John xiii. 29	said this unto him. And some of them thought, because Judas had the box, that he was bidding him buy what would be needed for the feast; or, that he might pay
XLV	8	Matt. xxvi. 25	something to the poor. Judas the betrayer answered and said, Can it be I, my
XLV	9	John xiii. 30	Master? Jesus said unto him, Thou hast said. And Judas took the bread straightway, and went forth without: and it was still night.
XLV	10	John xiii. 31	And Jesus said, Now is the Son of man being glorified, and God is being glorified
XLV	11	John xiii. 32	in him; and if God is glorified in him, God also will glorify him in him, and straightway will glorify him.
XLV	12	Mark xiv. 22; Matt. xxvi. 26	And while they were eating, Jesus took bread, and blessed, and divided; and he
XLV	13	Mark xiv. 23; Matt. xxvi. 27	gave to his disciples, and said unto them, Take and eat; this is my body. And he took a cup, and gave thanks, and blessed, and gave them, and said, Take
XLV	14, 15	Mark xiv. 23; Mark xiv. 24; Matt. xxvi. 28	and drink of it, all of you. And they drank of it, all of them. And he said unto them, This is my blood, the new covenant, that is shed for many for the
XLV	16	Matt. xxvi. 29	forgiveness of sins. I say unto you, I shall not drink henceforth of this, the juice of the vine, until the day in which I drink with you new wine in the kingdom of
XLV	17	Luke xxii. 19; Luke xxii. 31	God. And thus do ye in remembrance of me. And Jesus said unto Simon, Simon,
XLV	18	Luke xxii. 32	behold, Satan asketh that he may sift you like wheat: but I entreat for thee, that thou lose not thy faith: and do thou, at some time, turn and strengthen thy brethren.
XLV	19	John xiii. 33	My children, another little while am I with you. And ye shall seek me: and as
XLV	20	John xiii. 34	I said unto the Jews, Whither I go, ye cannot come; I say unto you now also. A new commandment I give you, that ye may love one another; and as I have loved
XLV	21	John xiii. 35	you, so shall ye also love one another. By this shall every man know that ye are
XLV	22	John xiii. 36	my disciples, if ye have love one to another. Simon Cephas said unto him, Our Lord, whither goest thou? Jesus answered and said unto him, Whither I go, thou canst not now follow me; but later thou shalt come.
XLV	23	Matt. xxvi. 31	Then said Jesus unto them, Ye all shall desert me this night: it is written, I
XLV	24	Matt. xxvi. 32	will smite the shepherd, and the sheep of the flock shall be scattered. But after my
XLV	25	Matt. xxvi. 33	rising, I shall go before you into Galilee. Simon Cephas answered and said unto
XLV	26	Luke xxii. 33; John xiii. 37	him, My Lord, if every man desert thee, I shall at no time desert thee. I am with thee ready for imprisonment and for death. And my life will I give up for thee.
XLV	27	John xiii. 38; Mark xiv. 30	Jesus said unto him, Wilt thou give up thy life for me? Verily, verily, I say unto thee, Thou shalt to-day, during this night, before the cock crow
XLV	28	Luke xxii. 34	twice, three times deny me, that thou knowest me not. But Cephas said the more, Even if it lead to death with thee, I shall not deny thee, my Lord. And in like manner said all the disciples also.
XLV	29	John xiv. 1	Then Jesus said unto them, Let not your hearts be troubled: believe in God,
XLV	30	John xiv. 2	and believe in me. The stations in my Father’s house are many, else I should
XLV	31	John xiv. 3	have told you. I go to prepare for you a place. And if I go to prepare for you a place, I shall return again, and take you unto me: and so where I am, there ye
XLV	32, 33	John xiv. 4; John xiv. 5	shall be also. And the place that I go ye know, and the way ye know. Thomas said unto him, Our Lord, we know not whither thou goest; and how is the way for
XLV	34	John xiv. 6	us to the knowledge of that? Jesus said unto him, I am the way, and the truth,
XLV	35	John xiv. 7	and the life: and no man cometh unto my Father, but through me. And if ye had known me, ye should have known my Father: and from henceforth ye know him,
XLV	36	John xiv. 8	and have seen him. Philip said unto him, Our Lord, shew us the Father, and it sufficeth
XLV	37	John xiv. 9	us. Jesus said unto him, Have I been all this time with you, and dost thou not know me, Philip? whosoever hath seen me hath seen the Father; how then sayest
XLV	38	John xiv. 10	thou, Shew us the Father? Believest thou not that I am in my Father, and my Father in me? and the saying that I say, I say not of myself: but my Father who dwelleth in
XLV	39	John xiv. 11	me, he doeth these deeds. Believe that I am in my Father, and my Father in me:
XLV	40	John xiv. 12	or else believe for the sake of the deeds. Verily, verily, I say unto you, Whosoever believeth in me, the deeds that I do shall he do also; and
XLV	41	John xiv. 13	more than that shall he do: I go unto the Father. And what ye shall ask in my
XLV	42	John xiv. 14	name, I shall do unto you, that the Father may be glorified in his Son. And if ye
XLV	43, 44	John xiv. 15; John xiv. 16	ask me in my name, I will do it. If ye love me, keep my commandments. And I will entreat of my Father, and he will send unto you another Paraclete, that he
XLV	45	John xiv. 17	may be with you for ever, even the Spirit of truth: whom the world cannot receive; for it hath not seen him, nor known him: but ye know him; for he hath dwelt
XLV	46	John xiv. 18	with you, and is in you. I will not leave you orphans: I will come unto you.
XLV	47	John xiv. 19	Another little while, and the world seeth me not; but ye see me that I live, and ye
XLV	48	John xiv. 20	shall live also. And in that day ye shall know that I am in my Father, and ye in me, and I in you. Footnotes[edit]
XLVI	1	John xiv. 21	Whosoever hath my commandments, and keepeth them, he it is that loveth me: and he that loveth me shall be loved of my Father, and I will love him, and will
XLVI	2	John xiv. 22	shew myself unto him. Judas (not Iscariot) said unto him, My Lord, what is the
XLVI	3	John xiv. 23	purpose of thy intention to shew thyself to us, and not to the world? Jesus answered and said unto him, Whosoever loveth me will keep my word: and my Father will love him, and to him will we come, and make our abode with him.
XLVI	4	John xiv. 24	But he that loveth me not keepeth not my word: and this word that ye hear is not my word, but the Father’s which sent me.
XLVI	5, 6	John xiv. 25; John xiv. 26	This have I spoken unto you, while I was yet with you. But the Paraclete, the Holy Spirit, whom my Father will send in my name, he will teach you everything, and
XLVI	7	John xiv. 27	he will bring to your remembrance all that I say unto you. Peace I leave you; my peace I give unto you: and not as this world giveth, give I unto you.
XLVI	8	John xiv. 28	Let your heart not be troubled, nor fearful. Ye heard that I said unto you, that I go away, and come unto you. If ye loved me, ye would rejoice, that I go away to my
XLVI	9	John xiv. 29	Father: for my Father is greater than I. And now I say unto you before it come
XLVI	10	John xiv. 30	to pass, that, when it cometh to pass, ye may believe me. Now I will not speak with you much: the Archon of the world will come, and he will have nothing in
XLVI	11	John xiv. 31	me: but that the world may know that I love my Father, and as my Father charged me, so I do.
XLVI	12	Luke xxii. 35	And he said unto them, When I sent you without purses, or wallets, and shoes,
XLVI	13	Luke xxii. 36	lacked ye perchance anything? They said unto him, Nothing. He said unto them, Henceforth, whosoever hath a purse, let him take it, and likewise the wallet also: and whosoever hath not a sword, shall sell his garment, and buy for himself a
XLVI	14	Luke xxii. 37	sword. I say unto you, that this scripture also must be fulfilled in me, that I should be reckoned with the transgressors: for all that is said of me is fulfilled in
XLVI	15	Luke xxii. 38	me. His disciples said unto him, Our Lord, lo, here are two swords. He said
XLVI	16	John xiv. 31	unto them, They are sufficient. Arise, let us go hence. And they arose, and praised, and went forth, and went, according to their custom, to the mount of Olives, he and his disciples.
XLVI	17	John xv. 1	And he said unto them, I am the true vine, and my Father is the husbandman.
XLVI	18	John xv. 2	Every branch that produceth not fruit in me, he taketh it: and that which giveth fruit,
XLVI	19	John xv. 3	he cleanseth it, that it may give much fruit. Ye are already clean because of the word
XLVI	20	John xv. 4	that I have spoken unto you. Abide in me, and I in you. And as the branch of the vine cannot produce fruit of itself, if it be not abiding in the vine; so too ye
XLVI	21	John xv. 5	also, if ye abide not in me. I am the vine, and ye are the branches: He then that abideth in me, and I in him, he giveth much fruit: for without me ye cannot
XLVI	22	John xv. 6	do anything. And if a man abide not in me, he is cast without, like a withered
XLVI	23	John xv. 7	branch; and it is gathered, and cast into the fire, that it may be burned. If ye abide in me, and my word abide in you, everything that ye desire to ask shall be
XLVI	24	John xv. 8	done unto you. And herein is the Father glorified, that ye may give much fruit;
XLVI	25	John xv. 9	and ye shall be my disciples. And as my Father loved me, I loved you also:
XLVI	26	John xv. 10	abide in my love. If ye keep my commands, ye shall abide in my love; as I have
XLVI	27	John xv. 11	kept my Father’s commands, and abode in his love. I have spoken that unto you,
XLVI	28	John xv. 12	that my joy may be in you, and your joy be fulfilled. This is my commandment,
XLVI	29	John xv. 13	that ye love one another, as I loved you. And no love is greater than this, namely,
XLVI	30	John xv. 14	that a man should give his life for his friends. Ye are my friends, if ye do all that
XLVI	31	John xv. 15	I command you. I call you not now servants; for the servant knoweth not what his lord doeth: my friends have I now called you; for everything that I heard from
XLVI	32	John xv. 16	my Father I have made known unto you. Ye did not choose me, but I chose I you, and appointed you, that ye also should go and bear fruit, and that your fruit should
XLVI	33	John xv. 17	abide; and that all that ye shall ask my Father in my name, he may give you. This
XLVI	34	John xv. 18	I command you, that ye love one another. And if the world hate you, know that
XLVI	35	John xv. 19	before you it hated me. If then ye were of the world, the world would love its own: but ye are not of the world: I chose you out of the world: therefore the world
XLVI	36	John xv. 20	hateth you. Remember the word that I said unto you, that no servant is greater than his lord. And if they persecuted me, you also will they
XLVI	37	John xv. 21	persecute; and if they kept my word, your word also will they keep. But all these things will they do unto you for my name’s sake, for they have not known him
XLVI	38	John xv. 22	that sent me. And if I had not come and spoken unto them, they had not had sin:
XLVI	39	John xv. 23	but now they have no excuse for their sins. Whosoever hateth me, also hateth my
XLVI	40	John xv. 24	Father. And if I had not done the deeds before them that no other man did, they would not have had sin: but now they have seen and hated me and my Father
XLVI	41	John xv. 25	also: that the word may be fulfilled that is written in their law, They hated me for
XLVI	42	John xv. 26	nothing. But when the Paraclete is come, whom I will send unto you from my Father, even the Spirit of truth, which goeth forth from my Father, he shall bear witness of
XLVI	43	John xv. 27	me: and ye also bear witness, because from the beginning ye have been with me.
XLVI	44, 45	John xvi. 1; John xvi. 2	I have said that unto you, that ye may not stumble. And they shall put you out of their synagogues: and there cometh an hour when every one that killeth
XLVI	46	John xvi. 3	you shall think that he hath offered unto God an offering. And they will do that,
XLVI	47	John xvi. 4	because they do not know me, nor my Father. I have said that unto you, so that
XLVI	48	John xvi. 5	when its time is come, ye may remember it, that I told you. And this hitherto I said not unto you, because I was with you. But now I go unto him that sent me; and no
XLVI	49	John xvi. 6	man of you asketh me whither I go. I have said that unto you now, and grief hath
XLVI	50	John xvi. 7	come and taken possession of your hearts But I say the truth unto you; It is better for you that I go away: for if I go not away, the Paraclete will not come unto you;
XLVI	51	John xvi. 8	but if I go away, I will send him unto you. And when he cometh, he will reprove the world for sin, and for righteousness, and for judgement:
XLVI	52, 53	John xvi. 9; John xvi. 10	for sin, because they have not believed in me; and for righteousness, because I go
XLVI	54	John xvi. 11	to my Father; and for judgement, because the Archon of this world hath been
XLVI	55	John xvi. 12	judged. And further have I many things to speak unto you, but ye cannot tarry
XLVI	56	John xvi. 13	now. Howbeit when the Spirit of truth is come, he will remind you of all the truth: he will say nothing from himself; but everything that he heareth, that shall
XLVI	57	John xvi. 14	he say: and he shall make known unto you the things that are to be. And he shall
XLVI	58	John xvi. 15	glorify me; for from me shall he take and shew you. All that my Father hath is mine: therefore said I unto you, that he taketh of mine, and shall shew you. Footnotes[edit]
XLVII	1	John xvi. 16	A little while, and ye shall not behold me; and a little while again, and ye shall
XLVII	2	John xvi. 17	behold me; because I go to the Father. His disciples therefore said one to another, What is this that he hath said unto us, A little while, and ye shall not behold me; and a little while again, and ye shall behold me: and, I go to my
XLVII	3	John xvi. 18	Father? And they said, What is this little while that he hath said? We know not
XLVII	4	John xvi. 19	what he speaketh. And Jesus perceived that they were seeking to ask him, and said unto them, Do ye inquire among yourselves concerning this, that I said unto you, A little while, and ye behold me not, and a little while again, and ye shall
XLVII	5	John xvi. 20	behold me? Verily, verily, I say unto you, that ye shall weep and grieve, but the world shall rejoice: and ye shall be sorrowful, but your grief shall turn to joy.
XLVII	6	John xvi. 21	For, a woman when the time is come for her that she should bring forth, the arrival of the day of her bringing forth distresseth her: but whenever she hath brought forth a son, she remembereth not her distress, for joy at the birth of a man into the
XLVII	7	John xvi. 22	world. And ye now also grieve: but I shall see you, and your hearts shall rejoice,
XLVII	8	John xvi. 23; John xvi. 24	and your joy no man taketh from you. And in that day ye shall ask me nothing. And verily, verily, I say unto you, All that ye ask my Father in my name, he will give you. Hitherto ye have asked nothing
XLVII	9		in my name: ask, and ye shall receive, that your joy may be complete.
XLVII	10	John xvi. 25	I have spoken unto you now in ænigmas: but there will come an hour when I shall not speak to you in ænigmas, but shall reveal unto you the Father plainly,
XLVII	11	John xvi. 26	in that day when ye shall ask in my name: and I say not unto you, that I shall
XLVII	12	John xvi. 27	entreat the Father for you; for the Father loveth you, because ye have loved me,
XLVII	13	John xvi. 28	and have believed that I came forth from my Father. I came forth from my Father, and came into the world: and I leave the world, and go unto my Father.
XLVII	14	John xvi. 29	His disciples said unto him, Lo, thy speech is now plain, and thou hast not said one
XLVII	15	John xvi. 30	thing in an ænigma. Now, lo, we know that thou knowest everything, and needest not that any man should ask thee: and by this we believe that thou camest forth
XLVII	16, 17	John xvi. 31; John xvi. 32	from God. Jesus said unto them, Believe that an hour cometh, and lo, it hath come, and ye shall be scattered, every one of you to his place, and shall leave me
XLVII	18	John xvi. 33	alone: and yet I am not alone, because the Father is with me. This have I said unto you, that in me ye may have peace. And in the world trouble shall overtake you: but be of good courage; for I have overcome the world.
XLVII	19	John xvii. 1	This said Jesus, and lifted up his eyes unto heaven, and said, My Father, the hour
XLVII	20	John xvii. 2	is come; glorify thy Son, that thy Son may glorify thee: as thou gavest him authority
XLVII	21	John xvii. 3	over all flesh, that all that thou hast given him, he might give them eternal life. And this is eternal life, that they should know that thou alone art true God, and that he
XLVII	22	John xvii. 4	whom thou didst send is Jesus the Messiah. I glorified thee in the earth,
XLVII	23	John xvii. 5	and the work which thou gavest me to do I have accomplished. And now glorify thou me, O Father, beside thee, with that glory which I had with thee
XLVII	24	John xvii. 6	before the world was. I made known thy name to the men whom thou gavest me out of the world: thine they were, and thou gavest them to me; and they have kept
XLVII	25, 26	John xvii. 7; John xvii. 8	thy word. Now they know that all that thou hast given me is from thee: and the sayings which thou gavest me I have given unto them; and they received them, and knew of a truth that I came forth from thee, and believed that thou didst send me.
XLVII	27	John xvii. 9	And I ask for their sake: and my asking is not for the world, but for those whom
XLVII	28	John xvii. 10	thou hast given me; for they are thine: and all that is mine is thine, and all that is
XLVII	29	John xvii. 11	thine is mine: and I am glorified in them. And now I am not in the world, and they are in the world, and I come to thee. My holy Father, keep them in thy
XLVII	30	John xvii. 12	name which thou hast given unto me, that they may be one, as we are. When I was with them in the world, I kept them in thy name: and I kept those whom thou gavest unto me: and no man of them hath perished, but the son of perdition; that
XLVII	31	John xvii. 13	the scripture might be fulfilled. Now I come to thee: and this I say in the world,
XLVII	32	John xvii. 14	that my joy may be complete in them. I have given them thy word; and the world
XLVII	33	John xvii. 15	hated them, because they were not of the world, as I was not of the world. And I ask not this, that thou take them from the world, but that thou keep them from the
XLVII	34, 35	John xvii. 16; John xvii. 17	evil one. They were not of the world, as I was not of the world. O Father, sanctify
XLVII	36	John xvii. 18	them in thy truth: for thy word is truth. And as thou didst send me into the world, I
XLVII	37	John xvii. 19	also send them into the world. And for their sake I sanctify myself, that they
XLVII	38	John xvii. 20	also may be sanctified in the truth. Neither for these alone do I ask, but for
XLVII	39	John xvii. 21	the sake of them that believe in me through their word; that they may be all one; as thou art in me, and I in thee, and so they also shall be one in us: that the world
XLVII	40	John xvii. 22	may believe that thou didst send me. And the glory which thou hast given unto
XLVII	41	John xvii. 23	me I have given unto them; that they may be one, as we are one; I in them, and thou in me, that they may be perfect into one; and that the world may know that
XLVII	42	John xvii. 24	thou didst send me, and that I loved them, as thou lovedst me. Father, and those whom thou hast given me, I wish that, where I am, they may be with me also; that they may behold my glory, which thou hast given me: for thou lovedst me before
XLVII	43	John xvii. 25	the foundation of the world. My righteous Father, and the world knew thee not,
XLVII	44	John xvii. 26	but I know thee; and they knew that thou didst send me; and I made known unto them thy name, and will make it known to them; that the love wherewith thou lovedst me may be in them, and I shall be in them. Footnotes[edit]
XLVIII	1	John xviii. 1; Matt. xxvi. 36	This said Jesus, and went forth with his disciples to a place which was called Gethsemane, on the side that is in the plain of Kidron, the mountain, the place
XLVIII	2	John xviii. 2	in which was a garden; and he entered thither, he and his disciples. And Judas the
XLVIII	3	Luke xxii. 40	betrayer knew that place: for Jesus oft-times met with his disciples there. And when Jesus came to the place, he said to his disciples, Sit ye here, so that I may go and pray;
XLVIII	4, 5	Luke xxii. 40	and pray ye, that ye enter not into temptations. And he took with him Cephas and the sons of Zebedee together, James and John; and he began to
XLVIII	6	Matt. xxvi. 38	look sorrowful, and to be anxious. And he said unto them, My soul is distressed unto
XLVIII	7	Luke xxii. 41	death: abide ye here, and watch with me. And he withdrew from them a little,
XLVIII	8	Mark xiv. 35	the space of a stone’s throw; and he kneeled, and fell on his face, and prayed, so
XLVIII	9	Mark xiv. 36; Luke xxii. 42	that, if it were possible, this hour might pass him. And he said, Father, thou art able for all things; if thou wilt, let this cup pass me: but let not my will be done,
XLVIII	10	Matt. xxvi. 40	but let thy will be done. And he came to his disciples, and found them sleeping;
XLVIII	11	Matt. xxvi. 40	and he said unto Cephas, Simon, didst thou sleep? Could ye thus not for one hour
XLVIII	12	Matt. xxvi. 41	watch with me? Watch and pray, that ye enter not into temptations: the spirit is
XLVIII	13	Matt. xxvi. 42	willing and ready, but the body is weak. And he went again a second time, and prayed, and said, My Father, if it is not possible with regard to this cup that it pass,
XLVIII	14	Mark xiv. 40	except I drink it, thy will be done. And he returned again, and found his disciples sleeping, for their eyes were heavy from their grief and anxiety; and they knew not
XLVIII	15	Matt. xxvi. 44	what to say to him. And he left them, and went away again, and prayed a third
XLVIII	16	Luke xxii. 43	time, and said the very same word. And there appeared unto him an angel from
XLVIII	17	Luke xxii. 44	heaven, encouraging him. And being afraid he prayed continuously: and his sweat
XLVIII	18	Luke xxii. 45	became like a stream of blood, and fell on the ground. Then he rose from
XLVIII	19	Luke xxii. 46	his prayer, and came to his disciples, and found them sleeping. And he
XLVIII	20	Mark xiv. 41	said unto them, Sleep now, and rest: the end hath arrived, and the hour hath come;
XLVIII	21	Mark xiv. 42	and behold, the Son of man is betrayed into the hands of sinners. Arise, let us go: for he hath come that betrayeth me.
XLVIII	22	Matt. xxvi. 47; John xviii. 3	And while he was still speaking, came Judas the betrayer, one of the twelve, and with him a great multitude carrying lanterns and torches and swords and staves, from the chief priests and scribes and elders of the people, and with him the footsoldiers
XLVIII	23	Matt. xxvi. 48	of the Romans. And Judas the betrayer gave them a sign, and said, He whom I shall kiss, he is he: take him with care, and lead him away.
XLVIII	24	John xviii. 4	And Jesus, because he knew everything that should come upon him, went forth
XLVIII	25	Matt. xxvi. 49	unto them. And immediately Judas the betrayer came to Jesus, and said, Peace,
XLVIII	26	Luke xxii. 48	my Master; and kissed him. And Jesus said unto him, Judas, with a kiss betrayest
XLVIII	27	Matt. xxvi. 50	thou the Son of man? Was it for that thou camest, my friend? And Jesus said
XLVIII	28	John xviii. 4	to those that came unto him, Whom seek ye? They said unto him, Jesus the Nazarene. Jesus said unto them, I am he. And Judas the betrayer also was standing
XLVIII	29	John xviii. 6	with them. And when Jesus said unto them, I am he, they retreated backward, and
XLVIII	30	John xviii. 7	fell to the ground. And Jesus asked them again, Whom seek ye? They answered,
XLVIII	31	John xviii. 8	Jesus the Nazarene. Jesus said unto them, I told you that I am he: and if ye seek
XLVIII	32	John xviii. 9	me, let these go away: that the word might be fulfilled which he spake, Of those
XLVIII	33	Matt. xxvi. 50	whom thou hast given me I lost not even one. Then came those that were with Judas, and seized Jesus, and took him.
XLVIII	34	Luke xxii. 49	And when his disciples saw what happened, they said, Our Lord, shall we smite
XLVIII	35	John xviii. 10	them with swords? And Simon Cephas had a sword, and he drew it, and struck the servant of the chief priest, and cut off his right ear. And the name of that servant
XLVIII	36	John xviii. 11	was Malchus. Jesus said unto Cephas, The cup which my Father hath given
XLVIII	37	John xviii. 11	me, shall I not drink it? Put the sword into its sheath: for all that take with the
XLVIII	38	Matt. xxvi. 53	sword shall die by the sword. Thinkest thou that I am not able to ask of my
XLVIII	39	Matt. xxvi. 54	Father, and he shall now raise up for me more than twelve tribes of angels? Then
XLVIII	40	Luke xxii. 51	how should the scriptures which were spoken be fulfilled, that thus it must be? Your
XLVIII	41	Matt. xxvi. 55	leave in this. And he touched the ear of him that was struck, and healed it. And in that hour Jesus said to the multitudes, As they come out against a thief are ye come out against me with swords and staves to take me? Daily was I with you in
XLVIII	42	Luke xxii. 53	the temple sitting teaching, and ye took me not: but this is your hour, and the power
XLVIII	43	Matt. xxvi. 56	of darkness. And that was, that the scriptures of the prophets might be fulfilled.
XLVIII	44	John xviii. 12	Then the disciples all left him, and fled. And the footsoldiers and the officers
XLVIII	45	Mark xiv. 51	and the soldiers of the Jews seized Jesus, and came. And a certain young man
XLVIII	46	Mark xiv. 52	followed him, and he was wrapped in a towel, naked: and they seized him; so he
XLVIII	47	John xviii. 12	left the towel, and fled naked. Then they took Jesus, and bound him, and brought him to Annas first; because he was the father in law of Caiaphas,
XLVIII	48	John xviii. 14	who was chief priest that year. And Caiaphas was he that counselled the Jews, that it was necessary that one man should die instead of the people.
XLVIII	49	John xviii. 15	And Simon Cephas and one of the other disciples followed Jesus. And the chief
XLVIII	50	John xviii. 16	priest knew that disciple, and he entered with Jesus into the court; but Simon was standing without at the door. And that other disciple, whom the chief priest knew,
XLVIII	51	John xviii. 17	went out and spake unto her that kept the door, and she brought Simon in. And when the maid that kept the door saw Simon, she looked stedfastly at him, and said unto him, Art not thou also one of the disciples of this man, I mean Jesus the
XLVIII	52	Luke xxii. 57	Nazarene? But he denied, and said, Woman, I know him not, neither know I even
XLVIII	53	John xviii. 18	what thou sayest. And the servants and the soldiers rose, and made a fire in the
XLVIII	54	Luke xxii. 55	middle of the court, that they might warm themselves; for it was cold. And when
XLVIII	55	John xviii. 18	the fire burned up, they sat down around it. And Simon also came, and sat down with them to warm himself, that he might see the end of what should happen. Footnotes[edit]
XLIX	1, 2	John xviii. 19; John xviii. 20	And the chief priest asked Jesus about his disciples, and about his doctrine. And Jesus said unto him, I was speaking openly to the people; and I ever taught in the synagogue, and in the temple, where all the Jews gather; and I have spoken nothing in
XLIX	3	John xviii. 21	secret. Why askest thou me? ask those that have heard, what I spake unto
XLIX	4	John xviii. 22	them: for they know all that I said. And when he had said that, one of the soldiers which were standing there struck the cheek of Jesus, and said unto him,
XLIX	5	John xviii. 23	Dost thou thus answer the chief priest? Jesus answered and said unto him, If I
XLIX	6	John xviii. 24	have spoken evil, bear witness of evil: but if well, why didst thou smite me? And Annas sent Jesus bound unto Caiaphas the chief priest.
XLIX	7	John xviii. 25	And when Jesus went out, Simon Cephas was standing in the outer court warming
XLIX	8	Mark xiv. 69	himself. And that maid saw him again, and began to say to those that stood
XLIX	9	Matt. xxvi. 71	by, This man also was there with Jesus the Nazarene. And those that stood by
XLIX	10	Matt. xxvi. 72	came forward and said to Cephas, Truly thou art one of his disciples. And he
XLIX	11	Luke xxii. 58	denied again with an oath, I know not the man. And after a little one of the servants of the chief priest, the kinsman of him whose ear Simon cut off, saw him; and
XLIX	12	Luke xxii. 59	he disputed and said, Truly this man was with him: and he also is a Galilæan;
XLIX	13	Matt. xxvi. 73	and his speech resembles. And he said unto Simon, Did not I see thee with him
XLIX	14	Mark xiv. 71	in the garden? Then began Simon to curse, and to swear, I know not this man
XLIX	15	Luke xxii. 60	whom ye have mentioned. And immediately, while he was speaking, the cock crew
XLIX	16	Luke xxii. 61	twice. And in that hour Jesus turned, he being without, and looked stedfastly at Cephas. And Simon remembered the word of our Lord, which he said unto him,
XLIX	17, 18	Mark xiv. 30; Luke xxii. 62	Before the cock crow twice, thou shalt deny me thrice. And Simon went forth without, and wept bitterly.
XLIX	19	Luke xxii. 66	And when the morning approached, the servants of all the chief priests and the scribes and the elders of the people and all the multitude assembled,
XLIX	20, 21	Matt. xxvii. 1; Matt. xxvi. 59	and made a plot; and they took counsel against Jesus to put him to death. And they sought false witnesses who should witness against him, that they might put him to
XLIX	22, 23	Matt. xxvi. 60; Mark xiv. 59	death, and they found not; but many false witnesses came, but their witness did not
XLIX	24, 25	Matt. xxvi. 60; Mark xiv. 57	agree. But at last there came two lying witnesses, and said, We heard him say, I will destroy this temple of God that is made with hands, and will build another not
XLIX	26, 27	Mark xiv. 59; Mark xiv. 60	made with hands after three days. And not even so did their witness agree. But Jesus was silent. And the chief priest rose in the midst, and asked Jesus, and said,
XLIX	28	Matt. xxvi. 62	Answerest thou not a word concerning anything? what do these witness against
XLIX	29, 30	Mark xiv. 61; Luke xxii. 66	thee? But Jesus was silent, and answered him nothing. And they took him up
XLIX	31	Luke xxii. 67	into their assembly, and said unto him, If thou art the Messiah, tell us. He said
XLIX	32	Luke xxii. 68	unto them, If I tell you, ye will not believe me: and if I ask you, ye will not answer
XLIX	33	Matt. xxvi. 63	me a word, nor let me go. And the chief priest answered and said unto him, I adjure thee by the living God, that thou tell us whether thou art the Messiah, the
XLIX	34, 35	Matt. xxvi. 64; Luke xxii. 70	Son of the living God. Jesus said unto him, Thou hast said that I am he. They all said unto him, Then thou art now the Son of God? Jesus said, Ye have said
XLIX	36	Matt. xxvi. 64	that I am he. I say unto you, that henceforth ye shall see the Son of man sitting
XLIX	37	Mark xiv. 63	at the right hand of power, and coming on the clouds of heaven. Then the
XLIX	38	Luke xxii. 71	chief priest rent his tunic, and said, He hath blasphemed. And they all said, Why should we seek now witnesses? we have heard now the blasphemy from his mouth.
XLIX	39, 40	Mark xiv. 64; Mark xiv. 65	What then think ye? They all answered and said, He is worthy of death. Then some of them drew near, and spat in his face, and struck him, and scoffed at him.
XLIX	41	Mark xiv. 65	And the soldiers struck him on his cheeks, and said, Prophesy unto us, thou Messiah:
XLIX	42	Luke xxii. 65	who is he that struck thee? And many other things spake they falsely, and said against him.
XLIX	43	John xviii. 28	And all of their assembly arose, and took Jesus, and brought him bound to
XLIX	44	John xviii. 28	the prætorium, and delivered him up to Pilate the judge; but they entered not into the prætorium, that they might not be defiled when they should eat the passover.
XLIX	45	Matt. xxvii. 11	And Jesus stood before the judge. And Pilate went forth unto them without, and
XLIX	46	John xviii. 30	said unto them, What accusation have ye against this man? They answered and said unto him, If he had not been doing evils, neither should we have delivered
XLIX	47	Luke xxiii. 2	him up unto thee. We found this man leading our people astray, and restraining from giving tribute to Cæsar, and saying of himself that he is the King, the Messiah.
XLIX	48	John xviii. 31	Pilate said unto them, Then take ye him, and judge him according to your law. The Jews said unto him, We have no authority to put a man to death:
XLIX	49	John xviii. 32	that the word might be fulfilled, which Jesus spake, when he made known by what manner of death he was to die.
XLIX	50	John xviii. 33	And Pilate entered into the prætorium, and called Jesus, and said unto him, Art
XLIX	51	John xviii. 34	thou the King of the Jews? Jesus said unto him, Of thyself saidst thou this, or
XLIX	52	John xviii. 35	did others tell it thee concerning me? Pilate said unto him, Am I, forsooth, a Jew? The sons of thy nation and the chief priests delivered thee unto me: what
XLIX	53	John xviii. 36	hast thou done? Jesus said unto him, My kingdom is not of this world: if my kingdom were of this world, then would my servants fight, that I should not be
XLIX	54	John xviii. 37	delivered to the Jews: now my kingdom is not from hence. Pilate said unto him, Then thou art a king? Jesus said unto him, Thou hast said that I am a king. And for this was I born, and for this came I into the world, that I should bear witness
XLIX	55	John xviii. 38	of the truth. And every one that is of the truth heareth my voice. Pilate said unto him, And what is the truth? And when he said that, he went out again unto the Jews. Footnotes[edit]
L	1	Luke xxiii. 4	And Pilate said unto the chief priests and the multitude, I have not found
L	2	Luke xxiii. 5	against this man anything. But they cried out and said, He hath disquieted our people with his teaching in all Judæa, and he began from Galilee and unto this
L	3	Luke xxiii. 6	place. And Pilate, when he heard the name of Galilee, asked, Is this man a Galilæan?
L	4	Luke xxiii. 7	And when he learned that he was under the jurisdiction of Herod, he sent him to Herod: for he was in Jerusalem in those days.
L	5	Luke xxiii. 8	And Herod, when he saw Jesus, rejoiced exceedingly: for he had desired to see him for a long time, because he had heard regarding him many things; and he counted on
L	6	Luke xxiii. 9	seeing some sign from him. And he questioned him with many words; but
L	7	Luke xxiii. 10	Jesus answered him not a word. And the scribes and chief priests were
L	8	Luke xxiii. 11	standing by, and they accused him vehemently. And Herod scoffed at him, he and his servants; and when he had scoffed at him, he clothed him in robes of scarlet,
L	9	Luke xxiii. 12	and sent him to Pilate. And on that day Pilate and Herod became friends, there having been enmity between them before that.
L	10, 11	Luke xxiii. 13; Luke xxiii. 14	And Pilate called the chief priests and the rulers of the people, and said unto them, Ye brought unto me this man, as the perverter of your people: and I have tried him before you, and have not found in this man any cause of all that ye
L	12	Luke xxiii. 15	seek against him: nor yet Herod: for I sent him unto him; and he hath done
L	13	Luke xxiii. 16	nothing for which he should deserve death. So now I will chastise him, and let
L	14, 15	Luke xxiii. 18; Mark xv. 3	him go. The multitude all cried out and said, Take him from us, take him. And
L	16	Matt. xxvii. 12	the chief priests and the elders accused him of many things. And during their
L	17	Matt. xxvii. 13	accusation he answered not a word. Then Pilate said unto him, Hearest thou not
L	18	Matt. xxvii. 14	how many things they witness against thee? And he answered him not, not even one word: and Pilate marvelled at that.
L	19	Matt. xxvii. 19	And when the judge sat on his tribune, his wife sent unto him, and said unto him, See that thou have nothing to do with that righteous man: for I have suffered much in my dream to-day because of him.
L	20	Matt. xxvii. 15	And at every feast the custom of the judge was to release to the people one
L	21	Matt. xxvii. 16	prisoner, him whom they would. And there was in their prison a well-known prisoner,
L	22, 23	Matt. xxvii. 17; John xviii. 39	called Barabbas. And when they assembled, Pilate said unto them, Ye have a custom, that I should release unto you a prisoner at the passover: will ye that I
L	24	John xviii. 40	release unto you the King of the Jews? And they all cried out and said, Release not unto us this man, but release unto us Barabbas. And this Barabbas was a
L	25	Luke xxiii. 19	robber, who for sedition and murder, which was in the city, was cast into the
L	26	Mark xv. 8	prison. And all the people cried out and began to ask him to do as the custom was
L	27	Mark xv. 9	that he should do with them. And Pilate answered and said unto them, Whom will ye that I release unto you? Barabbas, or Jesus which is called the Messiah, the
L	28	Matt. xxvii. 18	King of the Jews? For Pilate knew that envy had moved them to deliver him up.
L	29	Matt. xxvii. 20	And the chief priests and the elders asked the multitudes to deliver Barabbas, and
L	30	Matt. xxvii. 21	to destroy Jesus. The judge answered and said unto them, Whom of the two will
L	31	Matt. xxvii. 22	ye that I release unto you? They said, Barabbas. Pilate said unto them, And
L	32	Mark xv. 13	Jesus which is called the Messiah, what shall I do with him? They all cried out
L	33	Luke xxiii. 20	and said, Crucify him. And Pilate spake to them again, for he desired to release
L	34	Luke xxiii. 21	Jesus; but they cried out and said, Crucify him, crucify him, and release unto us
L	35	Luke xxiii. 22	Barabbas. And Pilate said unto them a third time, What evil hath this man done? I have not found in him any cause to necessitate death: I will chastise him and
L	36	Luke xxiii. 23	let him go. But they increased in importunity with a loud voice, and asked him to crucify him. And their voice, and the voice of the chief priests, prevailed.
L	37	Mark xv. 15; Matt. xxvii. 26	Then Pilate released unto them that one who was cast into prison for sedition and murder, Barabbas, whom they asked for: and he scourged Jesus with whips.
L	38	Matt. xxvii. 27	Then the footsoldiers of the judge took Jesus, and went into the prætorium, and
L	39	Matt. xxvii. 28	gathered unto him all of the footsoldiers. And they stripped him, and put on
L	40	John xix. 2	him a scarlet cloak. And they clothed him in garments of purple, and plaited
L	41	Matt. xxvii. 29	a crown of thorns, and placed it on his head, and a reed in his right hand; and while they mocked at him and laughed, they fell down on their knees before him, and bowed
L	42	Matt. xxvii. 30; John xix. 3	down to him, and said, Hail, King of the Jews! And they spat in his face, and took the reed from his hand, and struck him on his head, and smote his cheeks.
L	43	John xix. 4	And Pilate went forth without again, and said unto the Jews, I bring him forth to
L	44	John xix. 5	you, that ye may know that I do not find, in examining him, even one crime. And Jesus went forth without, wearing the crown of thorns and the purple garments.
L	45	John xix. 6	Pilate said unto them, Behold, the man! And when the chief priests and the soldiers saw him, they cried out and said, Crucify him, crucify him. Pilate said unto them, Take him yourselves, and crucify him: for I find not a cause against
L	46	John xix. 7	him. The Jews said unto him, We have a law, and according to our law he deserves
L	47	John xix. 8	death, because he made himself the Son of God. And when Pilate heard this word,
L	48	John xix. 9	his fear increased; and he entered again into the porch, and said to Jesus, Whence
L	49	John xix. 10	art thou? But Jesus answered him not a word. Pilate said unto him, Speakest thou not unto me? knowest thou not that I have authority to release thee, and have
L	50	John xix. 11	authority to crucify thee? Jesus said unto him, Thou hast not any authority over me, if thou wert not given it from above: therefore the sin of him that delivered
L	51	John xix. 12	me up unto thee is greater than thy sin. And for this word Pilate wished to release him: but the Jews cried out, If thou let him go, thou art not a friend of Cæsar: for every one that maketh himself a king is against Cæsar. Footnotes[edit]
LI	1	John xix. 13	And when Pilate heard this saying, he took Jesus out, and sat on the tribune in the place which was called the pavement of stones, but in the Hebrew
LI	2	John xix. 14	called Gabbatha. And that day was the Friday of the passover: and it had reached
LI	3	John xix. 15	about the sixth hour. And he said to the Jews, Behold, your King! And they cried out, Take him, take him, crucify him, crucify him. Pilate said unto them, Shall I crucify your King? The chief priests said unto him, We have no king except
LI	4	Matt. xxvii. 24	Cæsar. And Pilate, when he saw it, and he was gaining nothing, but the tumult was increasing, took water, and washed his hands before the multitude, and said, I
LI	5	Matt. xxvii. 25	am innocent of the blood of this innocent man: ye shall know. And all the people
LI	6	John xix. 16	answered and said, His blood be on us, and on our children. Then Pilate commanded to grant them their request; and delivered up Jesus to be crucified, according to their wish.
LI	7	Matt. xxvii. 3	Then Judas the betrayer, when he saw Jesus wronged, went and returned the
LI	8	Matt. xxvii. 4	thirty pieces of money to the chief priests and the elders, and said, I have sinned in my betraying innocent blood. And they said unto him, And we, what must we do?
LI	9	Matt. xxvii. 5	know thou. And he threw down the money in the temple, and departed; and he
LI	10	Matt. xxvii. 6	went away and hanged himself. And the chief priests took the money, and said, We have not authority to cast it into the place of the offering, for it is the price
LI	11	Matt. xxvii. 7	of blood. And they took counsel, and bought with it the plain of the potter, for
LI	12	Matt. xxvii. 8	the burial of strangers. Therefore that plain was called, The field of blood, unto
LI	13	Matt. xxvii. 9	this day. Therein was fulfilled the saying in the prophet which said, I took thirty pieces of money, the price of the precious one, which was fixed
LI	14	Matt. xxvii. 10	by the children of Israel; and I paid them for the plain of the potter, as the Lord commanded me.
LI	15	John xix. 16; John xix. 17	And the Jews took Jesus, and went away to crucify him. And when he bare his
LI	16		cross and went out, they stripped him of those purple and scarlet garments which he
LI	17	Matt. xxvii. 32; Matt. xxvii. 32	had on, and put on him his own garments. And while they were going with him, they found a man, a Cyrenian, coming from the country, named Simon, the father of Alexander and Rufus: and they compelled this man to bear the cross of Jesus.
LI	18	Luke xxiii. 26	And they took the cross and laid it upon him, that he might bear it, and come after Jesus; and Jesus went, and his cross behind him.
LI	19	Luke xxiii. 27	And there followed him much people, and women which were lamenting and
LI	20	Luke xxiii. 28	raving. But Jesus turned unto them and said, Daughters of Jerusalem, weep not
LI	21	Luke xxiii. 29	for me: weep for yourselves, and for your children. Days are coming, when they shall say, Blessed are the barren, and the wombs that bare not, and the breasts
LI	22	Luke xxiii. 30	that gave not suck. Then shall they begin to say to the mountains, Fall on us; and
LI	23	Luke xxiii. 31	to the hills, Cover us. For if they do so in the green tree, what shall be in the dry?
LI	24	Luke xxiii. 32	And they brought with Jesus two others of the malefactors, to be put to death.
LI	25	Luke xxiii. 33; Luke xxiii. 33	And when they came unto a certain place called The skull, and called in the Hebrew Golgotha, they crucified him there: they crucified with him these two
LI	26	Mark xv. 28	malefactors, one on his right, and the other on his left. And the scripture was
LI	27	Mark xv. 23; Matt. xxvii. 34	fulfilled, which saith, He was numbered with the transgressors. And they gave him to drink wine and myrrh, and vinegar which had been mixed with the myrrh; and he tasted, and would not drink; and he received it not.
LI	28	John xix. 23	And the soldiers, when they had crucified Jesus, took his garments, and cast lots for them in four parts, to every party of the soldiers a part; and his tunic was
LI	29	John xix. 24	without sewing, from the top woven throughout. And they said one to another, Let us not rend it, but cast lots for it, whose it shall be: and the scripture was fulfilled, which saith, They divided my garments among them, And cast the lot for my vesture.
LI	30, 31	Matt. xxvii. 36; John xix. 19; Matt. xxvii. 37	This the soldiers did. And they sat and guarded him there. And Pilate wrote on a tablet the cause of his death, and put it on the wood of the cross above his head. And there was written upon it thus: This is Jesus the Nazarene, the King of the
LI	32	John xix. 20	Jews. And this tablet read many of the Jews: for the place where Jesus was crucified was near the city: and it was written in Hebrew and Greek and Latin.
LI	33	John xix. 21	And the chief priests said unto Pilate, Write not, The King of the Jews; but, He it is
LI	34	John xix. 22	that said, I am the King of the Jews. Pilate said unto them, What hath been
LI	35	Luke xxiii. 35	written hath been written. And the people were standing beholding; and they
LI	36	Matt. xxvii. 40; Matt. xxvii. 40	that passed by were reviling him, and shaking their heads, and saying, Thou that destroyest the temple, and buildest it in three days, save thyself if thou art the Son
LI	37	Matt. xxvii. 41	of God, and come down from the cross. And in like manner the chief priests and the scribes and the elders and the Pharisees derided him, and laughed one with
LI	38, 39	Matt. xxvii. 42; Luke xxiii. 35	another, and said, The saviour of others cannot save himself. If he is the Messiah, the chosen of God, and the King of Israel, let him come down now from the
LI	40	Matt. xxvii. 43	cross, that we may see, and believe in him. He that relieth on God—let him deliver him
LI	41	Luke xxiii. 36	now, if he is pleased with him: for he said, I am the Son of God. And the soldiers
LI	42	Luke xxiii. 37	also scoffed at him in that they came near unto him, and brought him vinegar, and
LI	43	Matt. xxvii. 44	said unto him, If thou art the King of the Jews, save thyself. And likewise the two robbers also that were crucified with him reproached him.
LI	44	Luke xxiii. 39	And one of those two malefactors who were crucified with him reviled him, and
LI	45	Luke xxiii. 40	said, If thou art the Messiah, save thyself, and save us also. But his comrade rebuked him, and said, Dost thou not even fear God, being thyself also in this
LI	46	Luke xxiii. 41	condemnation? And we with justice, and as we deserved, and according to our deed, have we been rewarded: but this man hath not done anything unlawful.
LI	47	Luke xxiii. 42	And he said unto Jesus, Remember me, my Lord, when thou comest in thy kingdom.
LI	48	Luke xxiii. 43	Jesus said unto him, Verily I say unto thee, To-day shalt thou be with me in Paradise.
LI	49	John xix. 25	And there stood by the cross of Jesus his mother, and his mother’s sister,
LI	50	John xix. 26	Mary that was related to Clopas, and Mary Magdalene. And Jesus saw his mother, and that disciple whom he loved standing by; and he said to his mother,
LI	51	John xix. 27	Woman, behold, thy son! And he said to that disciple, Behold, thy mother! And from that hour that disciple took her unto himself.
LI	52	Matt. xxvii. 45	And from the sixth hour darkness was on all the land unto the ninth
LI	53	Luke xxiii. 45	hour, and the sun became dark. And at the ninth hour Jesus cried out with a loud voice, and said, Yail, Yaili, why hast thou forsaken me? which is, My
LI	54	Matt. xxvii. 47	God, my God, why hast thou forsaken me? And some of those that stood there, when they heard, said, This man called Elijah. Footnotes[edit]
LII	1	John xix. 28	And after that, Jesus knew that all things were finished; and that the scripture
LII	2	John xix. 29	might be accomplished, he said, I thirst. And there was set a vessel full of vinegar: and in that hour one of them hasted, and took a sponge, and filled it with that
LII	3	Mark xv. 36	vinegar, and fastened it on a reed, and brought it near his mouth to give him a
LII	4	John xix. 30	drink. And when Jesus had taken that vinegar, he said, Everything is finished.
LII	5	Matt. xxvii. 49	But the rest said, Let be, that we may see whether Elijah cometh to save him.
LII	6, 7	Luke xxiii. 46; John xix. 30	And Jesus said, My Father, forgive them; for they know not what they do. And Jesus cried again with a loud voice, and said, My Father, into thy hands I commend my spirit. He said that, and bowed his head, and gave up his spirit.
LII	8	Matt. xxvii. 51	And immediately the face of the door of the temple was rent into two parts from
LII	9	Matt. xxvii. 52	top to bottom; and the earth was shaken; and the stones were split to pieces; and the tombs were opened; and the bodies of many saints which slept, arose and
LII	10	Matt. xxvii. 53	came forth; and after his resurrection they entered into the holy city and
LII	11	Matt. xxvii. 54	appeared unto many. And the officer of the footsoldiers, and they that were with him who were guarding Jesus, when they saw the earthquake, and the things which came
LII	12	Luke xxiii. 47	to pass, feared greatly, and praised God, and said, This man was righteous; and,
LII	13	Luke xxiii. 48	Truly he was the Son of God. And all the multitudes that were come together to the sight, when they saw what came to pass, returned and smote upon their breasts.
LII	14	John xix. 31	And the Jews, because of the Friday, said, Let these bodies not remain on their crosses, because it is the morning of the sabbath (for that sabbath was a great day); and they asked of Pilate that they might break the legs of those that were
LII	15	John xix. 32	crucified, and take them down. And the soldiers came, and brake the legs of the
LII	16	John xix. 33	first, and that other which was crucified with him: but when they came to Jesus,
LII	17	John xix. 34	they saw that he had died before, so they brake not his legs: but one of the soldiers pierced him in his side with a spear, and immediately there came forth blood and
LII	18	John xix. 35	water. And he that hath seen hath borne witness, and his witness is true: and he
LII	19	John xix. 36	knoweth that he hath said the truth, that ye also may believe. This he did, that
LII	20	John xix. 37	the scripture might be fulfilled, which saith, A bone shall not be broken in him; and the scripture also which saith, Let them look upon him whom they pierced.
LII	21	Luke xxiii. 49	And there were in the distance all the acquaintance of Jesus standing, and the women that came with him from Galilee, those that followed him and ministered.
LII	22	Matt. xxvii. 56	One of them was Mary Magdalene; and Mary the mother of James the little and
LII	23	Matt. xxvii. 56; Luke xxiii. 49	Joses, and the mother of the sons of Zebedee, and Salome, and many others which came up with him unto Jerusalem; and they saw that.
LII	24	Mark xv. 42	And when the evening of the Friday was come, because of the entering of the
LII	25	Luke xxiii. 50; Matt. xxvii. 57; Luke xxiii. 51; John xix. 38	sabbath, there came a rich man, a noble of Ramah, a city of Judah, named Joseph, and he was a good man and upright; and he was a disciple of Jesus, but
LII	26	Luke xxiii. 51	was concealing himself for fear of the Jews. And he did not agree with the accusers
LII	27	Luke xxiii. 51; Mark xv. 43	in their desire and their deeds: and he was looking for the kingdom of God. And this man went boldly, and entered in unto Pilate, and asked of him the body of
LII	28	Mark xv. 44	Jesus. And Pilate wondered how he had died already: and he called the officer of
LII	29	Mark xv. 45	the footsoldiers, and asked him concerning his death before the time. And when
LII	30	Matt. xxvii. 58	he knew, he commanded him to deliver up his body unto Joseph. And Joseph bought for him a winding cloth of pure linen, and took down the body of Jesus,
LII	31	John xix. 38	and wound it in it; and they came and took it. And there came unto him Nicodemus also, who of old came unto Jesus by night; and he brought with him perfume
LII	32	John xix. 40	of myrrh and aloes, about a hundred pounds. And they took the body of Jesus, and wound it in the linen and the perfume, as was the custom of the Jews to bury.
LII	33	John xix. 41	And there was in the place where Jesus was crucified a garden; and in that garden
LII	34	Mark xv. 46; John xix. 42	a new tomb cut out in a rock, wherein was never man yet laid. And they left
LII	35	Matt. xxvii. 60	Jesus there because the sabbath had come in, and because the tomb was near. And they pushed a great stone, and thrust it against the door of the sepulchre, and
LII	36	Mark xv. 47	went away. And Mary Magdalene and Mary that was related to Joses came to
LII	37	Luke xxiii. 55; Matt. xxvii. 61	the sepulchre after them, and sat opposite the sepulchre, and saw the
LII	38	Luke xxiii. 56; Luke xxiii. 56	body, how they took it in and laid it there. And they returned, and bought ointment and perfume, and prepared it, that they might come and anoint him.
LII	39	Luke xxiii. 56	And on the day which was the sabbath day they desisted according to the command.
LII	40, 41	Matt. xxvii. 62; Matt. xxvii. 63	And the chief priests and the Pharisees gathered unto Pilate, and said unto him, Our lord, we remember that that misleader said, while he was alive, After three days
LII	42	Matt. xxvii. 64	I rise. And now send beforehand and guard the tomb until the third day, lest his disciples come and steal him by night, and they will say unto the people that he
LII	43	Matt. xxvii. 65	is risen from the dead: and the last error shall be worse than the first. He said unto them, And have ye not guards? go, and take precautions as ye know how.
LII	44	Matt. xxvii. 66	And they went, and set guards at the tomb, and sealed that stone, with the guards.
LII	45	Matt. xxviii. 1	And in the evening of the sabbath, which is the morning of the first day, and in
LII	46	Matt. xxviii. 1	the dawning while the darkness yet remained, came Mary Magdalene and the other Mary and other women to see the tomb. They brought with them the
LII	47	Mark xvi. 3	perfume which they had prepared, and said among themselves, Who is it that will
LII	48	Mark xvi. 4	remove for us the stone from the door of the tomb? for it was very great. And when they said thus, there occurred a great earthquake; and an angel came down
LII	49	Luke xxiv. 2	from heaven, and came and removed the stone from the door. And they came and found the stone removed from the sepulchre, and the angel sitting upon the
LII	50	Matt. xxviii. 3	stone. And his appearance was as the lightning, and his raiment white as the
LII	51	Matt. xxviii. 4	snow: and for fear of him the guards were troubled, and became as dead men.
LII	52	Luke xxiv. 3	And when he went away, the women entered into the sepulchre; and they found
LII	53	Mark xvi. 5	not the body of Jesus. And they saw there a young man sitting on the
LII	54	Matt. xxviii. 5	right, arrayed in a white garment; and they were amazed. And the angel answered and said unto the women, Fear ye not: for I know that ye seek Jesus the
LII	55	Matt. xxviii. 6	Nazarene, who hath been crucified. He is not here; but he is risen, as he said. Come and see the place where our Lord lay. Footnotes[edit]
LIII	1	Luke xxiv. 4	And while they marvelled at that, behold, two men standing above them, their
LIII	2	Luke xxiv. 5	raiment shining: and they were seized with fright, and bowed down their face to
LIII	3	Luke xxiv. 6	the earth: and they said unto them, Why seek ye the living one with the dead? He is not here; he is risen: remember what he was speaking unto you while he was in
LIII	4	Luke xxiv. 7	Galilee, and saying, The Son of man is to be delivered up into the hands of sinners,
LIII	5	Matt. xxviii. 7	and to be crucified, and on the third day to rise. But go in haste, and say to his disciples and to Cephas, He is risen from among the dead; and lo, he goeth before
LIII	6	Mark xvi. 7	you into Galilee; and there ye shall see him, where he said unto you: lo, I have
LIII	7	Luke xxiv. 8	told you. And they remembered his sayings; and they departed in haste from the
LIII	8	Mark xvi. 8	tomb with joy and great fear, and hastened and went; and perplexity and fear
LIII	9	John xx. 2	encompassed them; and they told no man anything, for they were afraid. And Mary hastened, and came to Simon Cephas, and to that other disciple whom Jesus loved, and said unto them, They have taken our Lord from the sepulchre, and I
LIII	10	John xx. 3	know not where they have laid him. And Simon went out, and that other disciple,
LIII	11	John xx. 4	and came to the sepulchre. And they hastened both together: and that disciple
LIII	12	John xx. 5	outran Simon, and came first to the sepulchre; and he looked down, and saw the
LIII	13	John xx. 6	linen laid; but he went not in. And Simon came after him, and entered into the
LIII	14	John xx. 7	sepulchre, and saw the linen laid; and the scarf with which his head was bound was not with the linen, but wrapped and laid aside in a certain place.
LIII	15	John xx. 8	Then entered that disciple which came first to the sepulchre, and saw, and believed.
LIII	16	John xx. 9	And they knew not yet from the scriptures that the Messiah was to rise from among
LIII	17	John xx. 10	the dead. And those two disciples went to their place.
LIII	18	John xx. 11	But Mary remained at the tomb weeping: and while she wept, she looked
LIII	19	John xx. 12	down into the tomb; and she saw two angels sitting in white raiment, one of them toward his pillow, and the other toward his feet, where the body of Jesus had been
LIII	20	John xx. 13	laid. And they said unto her, Woman, why weepest thou? She said unto them,
LIII	21	John xx. 14	They have taken my Lord, and I know not where they have left him. She said that, and turned behind her, and saw Jesus standing, and knew not that it was
LIII	22	John xx. 15	Jesus. Jesus said unto her, Woman, why weepest thou? whom seekest thou? And she supposed him to be the gardener, and said, My lord, if thou hast taken him,
LIII	23	John xx. 16	tell me where thou hast laid him, that I may go and take him. Jesus said unto her, Mary. She turned, and said unto him in Hebrew, Rabboni; which is, being
LIII	24	John xx. 17	interpreted, Teacher. Jesus said unto her, Touch me not; for I have not ascended yet unto my Father: go to my brethren, and say unto them, I ascend unto my Father and your Father, and my God and your God.
LIII	25	Mark xvi. 9	And on the First-day on which he rose, he appeared first unto Mary Magdalene, from whom he had cast out seven demons.
LIII	26	Matt. xxviii. 11	And some of those guards came to the city, and informed the chief priests of
LIII	27	Matt. xxviii. 12	all that had happened. And they assembled with the elders, and took
LIII	28	Matt. xxviii. 13	counsel; and they gave money, not a little, to the guards, and said unto them, Say ye, His disciples came and stole him by night, while we were sleeping.
LIII	29	Matt. xxviii. 14	And if the judge hear that, we will make a plea with him, and free you of blame.
LIII	30	Matt. xxviii. 15	And they, when they took the money, did according to what they taught them. And this word spread among the Jews unto this day.
LIII	31	John xx. 18	And then came Mary Magdalene, and announced to the disciples that she had seen our Lord, and that he had said that unto her.
LIII	32	Matt. xxviii. 8	And while the first women were going in the way to inform his disciples,
LIII	33	Matt. xxviii. 9	Jesus met them, and said unto them, Peace unto you. And they came and took
LIII	34	Matt. xxviii. 10	hold of his feet, and worshipped him. Then said Jesus unto them, Fear not: but go and say to my brethren that they depart into Galilee, and there they shall see
LIII	35	Luke xxiv. 9; Mark xvi. 10	me. And those women returned, and told all that to the eleven, and to the rest of the disciples; and to those that had been with him, for they were saddened and
LIII	36	Luke xxiv. 10	weeping. And those were Mary Magdalene, and Joanna, and Mary the mother of James, and the rest who were with them: and they were those that told the apostles.
LIII	37	Mark xvi. 11	And they, when they heard them say that he was alive and had appeared unto them,
LIII	38	Luke xxiv. 11	did not believe them: and these sayings were before their eyes as the sayings of madness.
LIII	39	Mark xvi. 12	And after that, he appeared to two of them, on that day, and while they were going to the village which was named Emmaus, and whose distance
LIII	40	Luke xxiv. 14	from Jerusalem was sixty furlongs. And they were talking the one of them with the
LIII	41	Luke xxiv. 15	other of all the things which had happened. And during the time of their talking and
LIII	42	Luke xxiv. 16	inquiring with one another, Jesus came and reached them, and walked with them. But
LIII	43	Luke xxiv. 17	their eyes were veiled that they should not know him. And he said unto them, What are these sayings which ye address the one of you to the other, as ye walk and are
LIII	44	Luke xxiv. 18	sad? One of them, whose name was Cleopas, answered and said unto him, Art thou perchance alone a stranger to Jerusalem, since thou knowest not what was in
LIII	45	Luke xxiv. 19	it in these days? He said unto them, What was? They said unto him, Concerning Jesus, he who was from Nazareth, a man who was a prophet, and powerful in
LIII	46	Luke xxiv. 20	speech and deeds before God and before all the people: and the chief priests and
LIII	47	Luke xxiv. 21	the elders delivered him up to the sentence of death, and crucified him. But we supposed that he was the one who was to deliver Israel. And since all these
LIII	48	Luke xxiv. 22	things happened there have passed three days. But certain women of us also
LIII	49	Luke xxiv. 23	informed us that they had come to the sepulchre; and when they found not his body, they came and told us that they had seen there the angels, and they said
LIII	50	Luke xxiv. 24	concerning him that he was alive. And some of us also went to the sepulchre, and
LIII	51	Luke xxiv. 25	found the matter as the women had said: only they saw him not. Then said Jesus
LIII	52	Luke xxiv. 26	unto them, Ye lacking in discernment, and heavy in heart to believe! Was it not in all the sayings of the prophets that the Messiah was to suffer these things, and to
LIII	53	Luke xxiv. 27	enter into his Glory? And he began from Moses and from all the prophets,
LIII	54	Luke xxiv. 28	and interpreted to them concerning himself from all the scriptures. And they drew near unto the village, whither they were going: and he was leading them to
LIII	55	Luke xxiv. 29	imagine that he was as if going to a distant region. And they pressed him, and said unto him, Abide with us: for the day hath declined now to the darkness. And he went
LIII	56	Luke xxiv. 30	in to abide with them. And when he sat with them, he took bread, and blessed,
LIII	57	Luke xxiv. 31	and brake, and gave to them. And straightway their eyes were opened, and they
LIII	58	Luke xxiv. 32	knew him; and he was taken away from them. And they said the one to the other, Was not our heart heavy within us, while he was speaking to us in the way, and interpreting to us the scriptures?
LIII	59	Luke xxiv. 33	And they rose in that hour, and returned to Jerusalem, and found the eleven
LIII	60	Luke xxiv. 34	gathered, and those that were with them, saying, Truly our Lord is risen, and hath
LIII	61	Luke xxiv. 35; Mark xvi. 13	appeared to Simon. And they related what happened in the way, and how they knew him when he brake the bread. Neither believed they that also. Footnotes[edit]
LIV	1	Luke xxiv. 36	And while they talked together, the evening of that day arrived which was the First-day; and the doors were shut where the disciples were, because of the fear of the
LIV	2	Luke xxiv. 36; Luke xxiv. 37	Jews; and Jesus came and stood among them, and said unto them, Peace be with you: I am he; fear not. But they were agitated, and became afraid, and supposed that they
LIV	3	Luke xxiv. 38	saw a spirit. Jesus said unto them, Why are ye agitated? and why do thoughts rise
LIV	4	Luke xxiv. 39	in your hearts? See my hands and my feet, that I am he: feel me, and know that a spirit hath not flesh and bones, as ye see me having that.
LIV	5	Luke xxiv. 40	And when he had said this, he shewed them his hands and his feet and his side.
LIV	6	Luke xxiv. 41	And they were until this time unbelieving, from their joy and their wonder. He
LIV	7	Luke xxiv. 42; Luke xxiv. 43	said unto them, Have ye anything here to eat? And they gave him a portion of broiled fish and of honey. And he took it, and ate before them.
LIV	8	Luke xxiv. 44	And he said unto them, These are the sayings which I spake unto you, while I was with you, that everything must be fulfilled, which is written in the law of
LIV	9	Luke xxiv. 45	Moses, and the prophets, and the psalms, concerning me. Then opened he their
LIV	10	Luke xxiv. 46	heart, that they might understand the scriptures; and he said unto them, Thus it is written, and thus it is necessary that the Messiah suffer, and rise from among the
LIV	11	Luke xxiv. 47	dead on the third day; and that repentance unto the forgiveness of sins be preached
LIV	12	Luke xxiv. 48	in his name among all the peoples; and the beginning shall be from Jerusalem. And
LIV	13	Luke xxiv. 49	ye shall be witnesses of that. And I send unto you the promise of my Father. And
LIV	14	John xx. 21	when the disciples heard that, they were glad. And Jesus said unto them again,
LIV	15	John xx. 22	Peace be with you: as my Father hath sent me, I also send you. And when he had said this, he breathed on them, and said unto them, Receive ye the Holy Spirit:
LIV	16	John xx. 23	and if ye forgive sins to any man, they shall be forgiven him; and if ye retain them against any man, they shall be retained.
LIV	17	John xx. 24	But Thomas, one of the twelve, called Thama, was not there with the disciples
LIV	18	John xx. 25	when Jesus came. The disciples therefore said unto him, We have seen our Lord. But he said unto them, If I do not see in his hands the places of the nails, and put on them my fingers, and pass my hand over his side, I will not believe.
LIV	19	John xx. 26	And after eight days, on the next First-day, the disciples were assembled again within, and Thomas with them. And Jesus came, the doors being shut, and stood
LIV	20	John xx. 27	in the midst, and said unto them, Peace be with you. And he said to Thomas, Bring hither thy finger, and behold my hands; and bring hither
LIV	21	John xx. 28	thy hand, and spread it on my side: and be not unbelieving, but believing. Thomas
LIV	22	John xx. 29	answered and said unto him, My Lord and my God. Jesus said unto him, Now since thou hast seen me, thou hast believed: blessed are they that have not seen me, and have believed.
LIV	23	John xx. 30	And many other signs did Jesus before his disciples, and they are they which
LIV	24	John xx. 31	are not written in this book: but these that are written also are that ye may believe in Jesus the Messiah, the Son of God; and that when ye have believed, ye may have in his name eternal life.
LIV	25	John xxi. 1	And after that, Jesus shewed himself again to his disciples at the sea of Tiberias;
LIV	26	John xxi. 2	and he shewed himself unto them thus. And there were together Simon Cephas, and Thomas which was called Twin, and Nathanael who was of Cana of Galilee,
LIV	27	John xxi. 3	and the sons of Zebedee, and two other of the disciples. Simon Cephas said unto them, I go to catch fish. They said unto him, And we also come with thee. And they went forth, and went up into the boat; and in that night they caught nothing.
LIV	28	John xxi. 4	And when the morning arrived, Jesus stood on the shore of the sea: but the disciples
LIV	29	John xxi. 5	knew not that it was Jesus. And Jesus said unto them, Children, have ye anything
LIV	30	John xxi. 6	to eat? They said unto him, No. He said unto them, Cast your net from the right side of the boat, and ye shall find. And they threw, and they were not able
LIV	31	John xxi. 7	to draw the net for the abundance of the fish that were come into it. And that disciple whom Jesus loved said to Cephas, This is our Lord. And Simon, when he heard that it was our Lord, took his tunic, and girded it on his waist (for he was
LIV	32	John xxi. 8	naked), and cast himself into the sea to come to Jesus. But some others of the disciples came in the boat (and they were not far from the land, but about two
LIV	33	John xxi. 9	hundred cubits), and drew that net of fish. And when they went up on the
LIV	34	John xxi. 10	land, they saw live coals laid, and fish laid thereon, and bread. And Jesus
LIV	35	John xxi. 11	said unto them, Bring of this fish which ye have now caught. Simon Cephas therefore went up, and dragged the net to the land, full of great fish, a hundred and fifty-three
LIV	36	John xxi. 12	fishes: and with all this weight that net was not rent. And Jesus said unto them, Come and sit down. And no man of the disciples dared to ask him who he was, for they knew that it was our Lord. But he did not appear to them in his own
LIV	37, 38	John xxi. 13; John xxi. 14	form. And Jesus came, and took bread and fish, and gave unto them. This is the third time that Jesus appeared to his disciples, when he had risen from among the dead.
LIV	39	John xxi. 15	And when they had breakfasted, Jesus said to Simon Cephas, Simon, son of Jonah, lovest thou me more than these? He said unto him, Yea, my Lord; thou
LIV	40	John xxi. 16	knowest that I love thee. Jesus said unto him, Feed for me my lambs. He said unto him again a second time, Simon, son of Jonah, lovest thou me? He said unto him, Yea, my Lord; thou knowest that I love thee. He said unto him, Feed for
LIV	41	John xxi. 17	me my sheep. He said unto him again the third time, Simon, son of Jonah, lovest thou me? And it grieved Cephas that he said unto him three times, Lovest thou me? He said unto him, My Lord, thou knowest everything; thou knowest that I
LIV	42	John xxi. 18	love thee. Jesus said unto him, Feed for me my sheep. Verily, verily, I say unto thee, When thou wast a child, thou didst gird thy waist for thyself, and go whither thou wouldest: but when thou shalt be old, thou shalt stretch out thy hands, and another shall gird thy waist, and take thee whither thou wouldest not.
LIV	43	John xxi. 19	He said that to him to explain by what death he was to glorify God. And when he
LIV	44	John xxi. 20	had said that, he said unto him, Come after me. And Simon Cephas turned, and saw that disciple whom Jesus loved following him; he which at the supper leaned on
LIV	45	John xxi. 21	Jesus’ breast, and said, My Lord, who is it that betrayeth thee? When therefore Cephas saw him, he said to Jesus, My Lord, and this man, what shall be in his
LIV	46	John xxi. 22	case? Jesus said unto him, If I will that this man remain until I come, what is
LIV	47	John xxi. 23	that to thee? follow thou me. And this word spread among the brethren, that that disciple should not die: but Jesus said not that he should not die; but, If I will that this man remain until I come, what is that to thee?
LIV	48	John xxi. 24	This is the disciple which bare witness of that, and wrote it: and we know that his witness is true. Footnotes[edit]
LV	1	Matt. xxviii. 16	But the eleven disciples went into Galilee, to the mountain where Jesus had
LV	2	Matt. xxviii. 17	appointed them. And when they saw him, they worshipped him: but there were of
LV	3	Mark xvi. 14	them who doubted. And while they sat there he appeared to them again, and upbraided them for their lack of faith and the hardness of their hearts, those that saw him when he was risen, and believed not.
LV	4	Matt. xxviii. 18	Then said Jesus unto them, I have been given all authority in heaven
LV	5	John xx. 21	and earth; and as my Father hath sent me, so I also send you. Go now into
LV	6	Matt. xxviii. 19	all the world, and preach my gospel in all the creation; and teach all the peoples, and
LV	7	Matt. xxviii. 20	baptize them in the name of the Father and the Son and the Holy Spirit; and teach them to keep all whatsoever I commanded you: and lo, I am with you all the days, unto
LV	8	Mark xvi. 16	the end of the world. For whosoever believeth and is baptized shall be saved; but
LV	9	Mark xvi. 17	whosoever believeth not shall be rejected. And the signs which shall attend those that believe in me are these: that they shall cast out devils in my name; and they
LV	10	Mark xvi. 18	shall speak with new tongues; and they shall take up serpents, and if they drink deadly poison, it shall not injure them; and they shall lay their hands on the diseased,
LV	11	Luke xxiv. 49	and they shall be healed. But ye, abide in the city of Jerusalem, until ye be clothed with power from on high.
LV	12	Mark xvi. 19	And our Lord Jesus, after speaking to them, took them out to Bethany: and he
LV	13	Luke xxiv. 51	lifted up his hands, and blessed them. And while he blessed them, he was separated from them, and ascended into heaven, and sat down at the right hand of God.
LV	14, 15	Luke xxiv. 52; Luke xxiv. 53	And they worshipped him, and returned to Jerusalem with great joy: and at all times they were in the temple, praising and blessing God. Amen.
LV	16	Mark xvi. 20	And from thence they went forth, and preached in every place; and our Lord helped them, and confirmed their sayings by the signs which they did.
LV	17	John xxi. 25	And here are also many other things which Jesus did, which if they were written every one of them, not even the world, according to my opinion, would contain the books which should be written. Footnotes[edit]
